case,shape,contract,placement,mode,token,source,destination,bytes,ready,first_supply,last_supply,first_receive,last_receive,commit,source_memory_queue,destination_memory_queue,source_memory_service,destination_memory_service,first_inject,last_inject,paths,on_observed_critical_chain
s16__request_atomic__baseline,s16,request_atomic,baseline,serial,attention_sum/phase/2,1,0,4096,2179,2307,2307,2375,2383,2511,0,0,128,128,2307,2309,"[(1, 23, 22, 0)]",True
s16__request_atomic__baseline,s16,request_atomic,baseline,serial,attention_sum/phase/6,2,0,4096,2179,2307,2307,2443,2447,3023,0,448,128,128,2307,2309,"[(2, 35, 32, 6, 21, 22, 0)]",True
s16__request_atomic__baseline,s16,request_atomic,baseline,serial,attention_sum/phase/10,3,0,4096,2179,2307,2307,2493,2497,3151,0,526,128,128,2307,2309,"[(3, 43, 40, 7, 33, 32, 6, 21, 22, 0)]",True
s16__request_atomic__baseline,s16,request_atomic,baseline,serial,attention_sum/phase/14,4,0,4096,2179,2307,2307,2543,2547,3407,0,732,128,128,2307,2309,"[(4, 51, 48, 8, 41, 40, 7, 33, 32, 6, 21, 22, 0)]",True
s16__request_atomic__baseline,s16,request_atomic,baseline,serial,attention_sum/phase/18,5,0,4096,2179,2307,2307,2377,2385,2639,0,126,128,128,2307,2309,"[(5, 20, 22, 0)]",True
s16__request_atomic__baseline,s16,request_atomic,baseline,serial,attention_sum/phase/22,6,0,4096,2179,2307,2307,2387,2391,2767,0,248,128,128,2307,2309,"[(6, 21, 22, 0)]",True
s16__request_atomic__baseline,s16,request_atomic,baseline,serial,attention_sum/phase/26,7,0,4096,2179,2307,2307,2434,2438,2895,0,329,128,128,2307,2309,"[(7, 33, 32, 6, 21, 22, 0)]",True
s16__request_atomic__baseline,s16,request_atomic,baseline,serial,attention_sum/phase/32,0,1,4096,4751,4879,4879,4947,4951,5079,0,0,128,128,4879,4881,"[(0, 22, 23, 1)]",True
s16__request_atomic__baseline,s16,request_atomic,baseline,serial,attention_sum/phase/35,0,2,4096,4751,5007,5007,5143,5147,5275,128,0,128,128,5007,5009,"[(0, 22, 21, 6, 32, 35, 2)]",True
s16__request_atomic__baseline,s16,request_atomic,baseline,serial,attention_sum/phase/38,0,3,4096,4751,5135,5135,5321,5325,5453,256,0,128,128,5135,5137,"[(0, 22, 21, 6, 32, 33, 7, 40, 43, 3)]",True
s16__request_atomic__baseline,s16,request_atomic,baseline,serial,attention_sum/phase/41,0,4,4096,4751,5263,5263,5499,5503,5631,384,0,128,128,5263,5265,"[(0, 22, 21, 6, 32, 33, 7, 40, 41, 8, 48, 51, 4)]",True
s16__request_atomic__baseline,s16,request_atomic,baseline,serial,attention_sum/phase/44,0,5,4096,4751,5391,5391,5461,5465,5593,512,0,128,128,5391,5393,"[(0, 22, 20, 5)]",True
s16__request_atomic__baseline,s16,request_atomic,baseline,serial,attention_sum/phase/47,0,6,4096,4751,5519,5519,5596,5600,5728,640,0,128,128,5519,5521,"[(0, 22, 21, 6)]",True
s16__request_atomic__baseline,s16,request_atomic,baseline,serial,attention_sum/phase/50,0,7,4096,4751,5647,5647,5774,5778,5906,768,0,128,128,5647,5649,"[(0, 22, 21, 6, 32, 33, 7)]",True
s16__request_atomic__baseline,s16,request_atomic,baseline,serial,ffn_sum/phase/2,1,0,4096,8359,8487,8487,8555,8563,8691,0,0,128,128,8487,8489,"[(1, 23, 22, 0)]",True
s16__request_atomic__baseline,s16,request_atomic,baseline,serial,ffn_sum/phase/6,2,0,4096,8359,8487,8487,8623,8627,9203,0,448,128,128,8487,8489,"[(2, 35, 32, 6, 21, 22, 0)]",True
s16__request_atomic__baseline,s16,request_atomic,baseline,serial,ffn_sum/phase/10,3,0,4096,8359,8487,8487,8673,8677,9331,0,526,128,128,8487,8489,"[(3, 43, 40, 7, 33, 32, 6, 21, 22, 0)]",True
s16__request_atomic__baseline,s16,request_atomic,baseline,serial,ffn_sum/phase/14,4,0,4096,8359,8487,8487,8723,8727,9587,0,732,128,128,8487,8489,"[(4, 51, 48, 8, 41, 40, 7, 33, 32, 6, 21, 22, 0)]",True
s16__request_atomic__baseline,s16,request_atomic,baseline,serial,ffn_sum/phase/18,5,0,4096,8359,8487,8487,8557,8565,8819,0,126,128,128,8487,8489,"[(5, 20, 22, 0)]",True
s16__request_atomic__baseline,s16,request_atomic,baseline,serial,ffn_sum/phase/22,6,0,4096,8359,8487,8487,8567,8571,8947,0,248,128,128,8487,8489,"[(6, 21, 22, 0)]",True
s16__request_atomic__baseline,s16,request_atomic,baseline,serial,ffn_sum/phase/26,7,0,4096,8359,8487,8487,8614,8618,9075,0,329,128,128,8487,8489,"[(7, 33, 32, 6, 21, 22, 0)]",True
s16__request_atomic__baseline,s16,request_atomic,baseline,serial,ffn_sum/phase/32,0,1,4096,10931,11059,11059,11127,11131,11259,0,0,128,128,11059,11061,"[(0, 22, 23, 1)]",True
s16__request_atomic__baseline,s16,request_atomic,baseline,serial,ffn_sum/phase/35,0,2,4096,10931,11187,11187,11323,11327,11455,128,0,128,128,11187,11189,"[(0, 22, 21, 6, 32, 35, 2)]",True
s16__request_atomic__baseline,s16,request_atomic,baseline,serial,ffn_sum/phase/38,0,3,4096,10931,11315,11315,11501,11505,11633,256,0,128,128,11315,11317,"[(0, 22, 21, 6, 32, 33, 7, 40, 43, 3)]",True
s16__request_atomic__baseline,s16,request_atomic,baseline,serial,ffn_sum/phase/41,0,4,4096,10931,11443,11443,11679,11683,11811,384,0,128,128,11443,11445,"[(0, 22, 21, 6, 32, 33, 7, 40, 41, 8, 48, 51, 4)]",True
s16__request_atomic__baseline,s16,request_atomic,baseline,serial,ffn_sum/phase/44,0,5,4096,10931,11571,11571,11641,11645,11773,512,0,128,128,11571,11573,"[(0, 22, 20, 5)]",True
s16__request_atomic__baseline,s16,request_atomic,baseline,serial,ffn_sum/phase/47,0,6,4096,10931,11699,11699,11776,11780,11908,640,0,128,128,11699,11701,"[(0, 22, 21, 6)]",True
s16__request_atomic__baseline,s16,request_atomic,baseline,serial,ffn_sum/phase/50,0,7,4096,10931,11827,11827,11954,11958,12086,768,0,128,128,11827,11829,"[(0, 22, 21, 6, 32, 33, 7)]",True
s16__request_atomic__ours_rotated,s16,request_atomic,ours_rotated,serial,attention_sum/phase/2,3,0,4096,2179,2307,2307,2470,2480,3151,0,543,128,128,2307,2309,"[(3, 30, 29, 1, 22, 20, 0), (3, 30, 29, 1, 42, 40, 0)]",True
s16__request_atomic__ours_rotated,s16,request_atomic,ours_rotated,serial,attention_sum/phase/6,1,0,4096,2179,2307,2307,2391,2399,2639,0,112,128,128,2307,2309,"[(1, 22, 20, 0)]",True
s16__request_atomic__ours_rotated,s16,request_atomic,ours_rotated,serial,attention_sum/phase/10,4,0,4096,2179,2307,2307,2478,2484,3279,0,667,128,128,2307,2309,"[(4, 34, 33, 2, 26, 25, 0)]",True
s16__request_atomic__ours_rotated,s16,request_atomic,ours_rotated,serial,attention_sum/phase/14,2,0,4096,2179,2307,2307,2403,2407,2895,0,360,128,128,2307,2309,"[(2, 26, 25, 0)]",True
s16__request_atomic__ours_rotated,s16,request_atomic,ours_rotated,serial,attention_sum/phase/18,5,0,4096,2179,2307,2307,2379,2383,2511,0,0,128,128,2307,2309,"[(5, 25, 0)]",True
s16__request_atomic__ours_rotated,s16,request_atomic,ours_rotated,serial,attention_sum/phase/22,8,0,4096,2179,2307,2307,2468,2476,3023,0,419,128,128,2307,2309,"[(8, 30, 29, 1, 22, 20, 0), (8, 30, 29, 1, 42, 40, 0)]",True
s16__request_atomic__ours_rotated,s16,request_atomic,ours_rotated,serial,attention_sum/phase/26,6,0,4096,2179,2307,2307,2393,2401,2767,0,238,128,128,2307,2309,"[(6, 27, 25, 0)]",True
s16__request_atomic__ours_rotated,s16,request_atomic,ours_rotated,serial,attention_sum/phase/32,0,3,4096,4751,4879,4879,5039,5043,5171,0,0,128,128,4879,4881,"[(0, 25, 26, 2, 28, 30, 3)]",True
s16__request_atomic__ours_rotated,s16,request_atomic,ours_rotated,serial,attention_sum/phase/35,0,1,4096,4751,5007,5007,5091,5095,5223,128,0,128,128,5007,5009,"[(0, 20, 22, 1)]",True
s16__request_atomic__ours_rotated,s16,request_atomic,ours_rotated,serial,attention_sum/phase/38,0,4,4096,4751,5135,5135,5303,5307,5435,256,0,128,128,5135,5137,"[(0, 25, 26, 2, 33, 34, 4)]",True
s16__request_atomic__ours_rotated,s16,request_atomic,ours_rotated,serial,attention_sum/phase/41,0,2,4096,4751,5263,5263,5355,5359,5487,384,0,128,128,5263,5265,"[(0, 25, 26, 2)]",True
s16__request_atomic__ours_rotated,s16,request_atomic,ours_rotated,serial,attention_sum/phase/44,0,5,4096,4751,5391,5391,5463,5467,5595,512,0,128,128,5391,5393,"[(0, 25, 5)]",True
s16__request_atomic__ours_rotated,s16,request_atomic,ours_rotated,serial,attention_sum/phase/47,0,8,4096,4751,5519,5519,5677,5681,5809,640,0,128,128,5519,5521,"[(0, 25, 26, 2, 28, 30, 8)]",True
s16__request_atomic__ours_rotated,s16,request_atomic,ours_rotated,serial,attention_sum/phase/50,0,6,4096,4751,5647,5647,5733,5737,5865,768,0,128,128,5647,5649,"[(0, 25, 27, 6)]",True
s16__request_atomic__ours_rotated,s16,request_atomic,ours_rotated,serial,ffn_sum/phase/2,3,0,4096,8318,8446,8446,8609,8619,9290,0,543,128,128,8446,8448,"[(3, 30, 29, 1, 22, 20, 0), (3, 30, 29, 1, 42, 40, 0)]",True
s16__request_atomic__ours_rotated,s16,request_atomic,ours_rotated,serial,ffn_sum/phase/6,1,0,4096,8318,8446,8446,8530,8538,8778,0,112,128,128,8446,8448,"[(1, 22, 20, 0)]",True
s16__request_atomic__ours_rotated,s16,request_atomic,ours_rotated,serial,ffn_sum/phase/10,4,0,4096,8318,8446,8446,8617,8623,9418,0,667,128,128,8446,8448,"[(4, 34, 33, 2, 26, 25, 0)]",True
s16__request_atomic__ours_rotated,s16,request_atomic,ours_rotated,serial,ffn_sum/phase/14,2,0,4096,8318,8446,8446,8542,8546,9034,0,360,128,128,8446,8448,"[(2, 26, 25, 0)]",True
s16__request_atomic__ours_rotated,s16,request_atomic,ours_rotated,serial,ffn_sum/phase/18,5,0,4096,8318,8446,8446,8518,8522,8650,0,0,128,128,8446,8448,"[(5, 25, 0)]",True
s16__request_atomic__ours_rotated,s16,request_atomic,ours_rotated,serial,ffn_sum/phase/22,8,0,4096,8318,8446,8446,8607,8615,9162,0,419,128,128,8446,8448,"[(8, 30, 29, 1, 22, 20, 0), (8, 30, 29, 1, 42, 40, 0)]",True
s16__request_atomic__ours_rotated,s16,request_atomic,ours_rotated,serial,ffn_sum/phase/26,6,0,4096,8318,8446,8446,8532,8540,8906,0,238,128,128,8446,8448,"[(6, 27, 25, 0)]",True
s16__request_atomic__ours_rotated,s16,request_atomic,ours_rotated,serial,ffn_sum/phase/32,0,3,4096,10890,11018,11018,11178,11182,11310,0,0,128,128,11018,11020,"[(0, 25, 26, 2, 28, 30, 3)]",True
s16__request_atomic__ours_rotated,s16,request_atomic,ours_rotated,serial,ffn_sum/phase/35,0,1,4096,10890,11146,11146,11230,11234,11362,128,0,128,128,11146,11148,"[(0, 20, 22, 1)]",True
s16__request_atomic__ours_rotated,s16,request_atomic,ours_rotated,serial,ffn_sum/phase/38,0,4,4096,10890,11274,11274,11442,11446,11574,256,0,128,128,11274,11276,"[(0, 25, 26, 2, 33, 34, 4)]",True
s16__request_atomic__ours_rotated,s16,request_atomic,ours_rotated,serial,ffn_sum/phase/41,0,2,4096,10890,11402,11402,11494,11498,11626,384,0,128,128,11402,11404,"[(0, 25, 26, 2)]",True
s16__request_atomic__ours_rotated,s16,request_atomic,ours_rotated,serial,ffn_sum/phase/44,0,5,4096,10890,11530,11530,11602,11606,11734,512,0,128,128,11530,11532,"[(0, 25, 5)]",True
s16__request_atomic__ours_rotated,s16,request_atomic,ours_rotated,serial,ffn_sum/phase/47,0,8,4096,10890,11658,11658,11816,11820,11948,640,0,128,128,11658,11660,"[(0, 25, 26, 2, 28, 30, 8)]",True
s16__request_atomic__ours_rotated,s16,request_atomic,ours_rotated,serial,ffn_sum/phase/50,0,6,4096,10890,11786,11786,11872,11876,12004,768,0,128,128,11786,11788,"[(0, 25, 27, 6)]",True
s16__request_atomic__baseline,s16,request_atomic,baseline,pipeline,attention_sum/phase/2,1,0,4096,2179,2242,2308,2310,2377,2691,0,500,129,129,2242,2308,"[(1, 23, 22, 0)]",True
s16__request_atomic__baseline,s16,request_atomic,baseline,pipeline,attention_sum/phase/6,2,0,4096,2179,2242,2308,2381,2444,3018,0,1395,129,129,2242,2308,"[(2, 35, 32, 6, 21, 22, 0)]",True
s16__request_atomic__baseline,s16,request_atomic,baseline,pipeline,attention_sum/phase/10,3,0,4096,2179,2242,2308,2428,2494,3147,0,1635,129,129,2242,2308,"[(3, 43, 40, 7, 33, 32, 6, 21, 22, 0)]",True
s16__request_atomic__baseline,s16,request_atomic,baseline,pipeline,attention_sum/phase/14,4,0,4096,2179,2242,2308,2478,2544,3213,0,1812,129,129,2242,2308,"[(4, 51, 48, 8, 41, 40, 7, 33, 32, 6, 21, 22, 0)]",True
s16__request_atomic__baseline,s16,request_atomic,baseline,pipeline,attention_sum/phase/18,5,0,4096,2179,2242,2308,2312,2379,2694,0,623,129,129,2242,2308,"[(5, 20, 22, 0)]",True
s16__request_atomic__baseline,s16,request_atomic,baseline,pipeline,attention_sum/phase/22,6,0,4096,2179,2242,2308,2319,2385,2823,0,926,129,129,2242,2308,"[(6, 21, 22, 0)]",True
s16__request_atomic__baseline,s16,request_atomic,baseline,pipeline,attention_sum/phase/26,7,0,4096,2179,2242,2308,2369,2435,2952,0,1098,129,129,2242,2308,"[(7, 33, 32, 6, 21, 22, 0)]",True
s16__request_atomic__baseline,s16,request_atomic,baseline,pipeline,attention_sum/phase/32,0,1,4096,4685,4748,5070,4816,5138,5201,256,60,129,129,4748,5070,"[(0, 22, 23, 1)]",False
s16__request_atomic__baseline,s16,request_atomic,baseline,pipeline,attention_sum/phase/35,0,2,4096,4685,5261,5471,5397,5607,5670,271,60,129,129,5261,5471,"[(0, 22, 21, 6, 32, 35, 2)]",False
s16__request_atomic__baseline,s16,request_atomic,baseline,pipeline,attention_sum/phase/38,0,3,4096,4685,5535,5601,5721,5787,5850,0,60,129,129,5535,5601,"[(0, 22, 21, 6, 32, 33, 7, 40, 43, 3)]",False
s16__request_atomic__baseline,s16,request_atomic,baseline,pipeline,attention_sum/phase/41,0,4,4096,4685,5665,5731,5901,5967,6030,0,60,129,129,5665,5731,"[(0, 22, 21, 6, 32, 33, 7, 40, 41, 8, 48, 51, 4)]",False
s16__request_atomic__baseline,s16,request_atomic,baseline,pipeline,attention_sum/phase/44,0,5,4096,4685,5795,5861,5865,5931,5994,0,60,129,129,5795,5861,"[(0, 22, 20, 5)]",False
s16__request_atomic__baseline,s16,request_atomic,baseline,pipeline,attention_sum/phase/47,0,6,4096,4685,6052,6374,6129,6451,6514,383,60,129,129,6052,6374,"[(0, 22, 21, 6)]",False
s16__request_atomic__baseline,s16,request_atomic,baseline,pipeline,attention_sum/phase/50,0,7,4096,4685,6438,6504,6565,6631,6694,0,60,129,129,6438,6504,"[(0, 22, 21, 6, 32, 33, 7)]",True
s16__request_atomic__baseline,s16,request_atomic,baseline,pipeline,ffn_sum/phase/2,1,0,4096,9147,9210,9276,9278,9345,9659,0,500,129,129,9210,9276,"[(1, 23, 22, 0)]",True
s16__request_atomic__baseline,s16,request_atomic,baseline,pipeline,ffn_sum/phase/6,2,0,4096,9147,9210,9276,9349,9412,9986,0,1395,129,129,9210,9276,"[(2, 35, 32, 6, 21, 22, 0)]",True
s16__request_atomic__baseline,s16,request_atomic,baseline,pipeline,ffn_sum/phase/10,3,0,4096,9147,9210,9276,9396,9462,10115,0,1635,129,129,9210,9276,"[(3, 43, 40, 7, 33, 32, 6, 21, 22, 0)]",True
s16__request_atomic__baseline,s16,request_atomic,baseline,pipeline,ffn_sum/phase/14,4,0,4096,9147,9210,9276,9446,9512,10181,0,1812,129,129,9210,9276,"[(4, 51, 48, 8, 41, 40, 7, 33, 32, 6, 21, 22, 0)]",True
s16__request_atomic__baseline,s16,request_atomic,baseline,pipeline,ffn_sum/phase/18,5,0,4096,9147,9210,9276,9280,9347,9662,0,623,129,129,9210,9276,"[(5, 20, 22, 0)]",True
s16__request_atomic__baseline,s16,request_atomic,baseline,pipeline,ffn_sum/phase/22,6,0,4096,9147,9210,9276,9287,9353,9791,0,926,129,129,9210,9276,"[(6, 21, 22, 0)]",True
s16__request_atomic__baseline,s16,request_atomic,baseline,pipeline,ffn_sum/phase/26,7,0,4096,9147,9210,9276,9337,9403,9920,0,1098,129,129,9210,9276,"[(7, 33, 32, 6, 21, 22, 0)]",True
s16__request_atomic__baseline,s16,request_atomic,baseline,pipeline,ffn_sum/phase/32,0,1,4096,11653,11716,12038,11784,12106,12169,256,60,129,129,11716,12038,"[(0, 22, 23, 1)]",False
s16__request_atomic__baseline,s16,request_atomic,baseline,pipeline,ffn_sum/phase/35,0,2,4096,11653,12229,12295,12365,12431,12494,127,60,129,129,12229,12295,"[(0, 22, 21, 6, 32, 35, 2)]",False
s16__request_atomic__baseline,s16,request_atomic,baseline,pipeline,ffn_sum/phase/38,0,3,4096,11653,12359,12425,12545,12611,12674,0,60,129,129,12359,12425,"[(0, 22, 21, 6, 32, 33, 7, 40, 43, 3)]",False
s16__request_atomic__baseline,s16,request_atomic,baseline,pipeline,ffn_sum/phase/41,0,4,4096,11653,12489,12555,12725,12791,12854,0,60,129,129,12489,12555,"[(0, 22, 21, 6, 32, 33, 7, 40, 41, 8, 48, 51, 4)]",False
s16__request_atomic__baseline,s16,request_atomic,baseline,pipeline,ffn_sum/phase/44,0,5,4096,11653,12619,12685,12689,12755,12818,0,60,129,129,12619,12685,"[(0, 22, 20, 5)]",False
s16__request_atomic__baseline,s16,request_atomic,baseline,pipeline,ffn_sum/phase/47,0,6,4096,11653,12749,12815,12826,12892,12955,0,60,129,129,12749,12815,"[(0, 22, 21, 6)]",False
s16__request_atomic__baseline,s16,request_atomic,baseline,pipeline,ffn_sum/phase/50,0,7,4096,11653,12879,12945,13006,13072,13135,0,60,129,129,12879,12945,"[(0, 22, 21, 6, 32, 33, 7)]",True
s16__request_atomic__ours_rotated,s16,request_atomic,ours_rotated,pipeline,attention_sum/phase/2,3,0,4096,2179,2242,2308,2402,2469,3151,0,1724,129,129,2242,2308,"[(3, 30, 28, 2, 26, 25, 0), (3, 30, 29, 1, 22, 20, 0)]",True
s16__request_atomic__ours_rotated,s16,request_atomic,ours_rotated,pipeline,attention_sum/phase/6,1,0,4096,2179,2242,2308,2326,2393,2761,0,659,129,129,2242,2308,"[(1, 22, 20, 0)]",True
s16__request_atomic__ours_rotated,s16,request_atomic,ours_rotated,pipeline,attention_sum/phase/10,4,0,4096,2179,2242,2308,2410,2476,3217,0,1962,129,129,2242,2308,"[(4, 34, 33, 2, 26, 25, 0)]",True
s16__request_atomic__ours_rotated,s16,request_atomic,ours_rotated,pipeline,attention_sum/phase/14,2,0,4096,2179,2242,2308,2334,2400,2830,0,963,129,129,2242,2308,"[(2, 26, 25, 0)]",True
s16__request_atomic__ours_rotated,s16,request_atomic,ours_rotated,pipeline,attention_sum/phase/18,5,0,4096,2179,2242,2308,2314,2380,2632,0,438,129,129,2242,2308,"[(5, 25, 0)]",True
s16__request_atomic__ours_rotated,s16,request_atomic,ours_rotated,pipeline,attention_sum/phase/22,8,0,4096,2179,2242,2308,2404,2467,3148,0,1723,129,129,2242,2308,"[(8, 30, 28, 2, 26, 25, 0), (8, 30, 29, 1, 42, 40, 0)]",True
s16__request_atomic__ours_rotated,s16,request_atomic,ours_rotated,pipeline,attention_sum/phase/26,6,0,4096,2179,2242,2308,2328,2395,2764,0,782,129,129,2242,2308,"[(6, 27, 25, 0)]",True
s16__request_atomic__ours_rotated,s16,request_atomic,ours_rotated,pipeline,attention_sum/phase/32,0,3,4096,4689,4752,5074,4912,5234,5297,256,60,129,129,4752,5074,"[(0, 25, 26, 2, 28, 30, 3)]",False
s16__request_atomic__ours_rotated,s16,request_atomic,ours_rotated,pipeline,attention_sum/phase/35,0,1,4096,4689,5265,5475,5349,5559,5622,271,60,129,129,5265,5475,"[(0, 20, 22, 1)]",False
s16__request_atomic__ours_rotated,s16,request_atomic,ours_rotated,pipeline,attention_sum/phase/38,0,4,4096,4689,5539,5605,5707,5773,5836,0,60,129,129,5539,5605,"[(0, 25, 26, 2, 33, 34, 4), (0, 25, 26, 2, 53, 54, 4)]",False
s16__request_atomic__ours_rotated,s16,request_atomic,ours_rotated,pipeline,attention_sum/phase/41,0,2,4096,4689,5669,5735,5761,5827,5890,0,60,129,129,5669,5735,"[(0, 25, 26, 2)]",False
s16__request_atomic__ours_rotated,s16,request_atomic,ours_rotated,pipeline,attention_sum/phase/44,0,5,4096,4689,5799,5865,5871,5937,6000,0,60,129,129,5799,5865,"[(0, 25, 5)]",False
s16__request_atomic__ours_rotated,s16,request_atomic,ours_rotated,pipeline,attention_sum/phase/47,0,8,4096,4689,6056,6378,6214,6536,6599,383,60,129,129,6056,6378,"[(0, 25, 26, 2, 28, 30, 8)]",False
s16__request_atomic__ours_rotated,s16,request_atomic,ours_rotated,pipeline,attention_sum/phase/50,0,6,4096,4689,6442,6508,6528,6594,6657,0,60,129,129,6442,6508,"[(0, 25, 27, 6)]",True
s16__request_atomic__ours_rotated,s16,request_atomic,ours_rotated,pipeline,ffn_sum/phase/2,3,0,4096,9110,9173,9239,9333,9400,10082,0,1724,129,129,9173,9239,"[(3, 30, 28, 2, 26, 25, 0), (3, 30, 29, 1, 22, 20, 0)]",True
s16__request_atomic__ours_rotated,s16,request_atomic,ours_rotated,pipeline,ffn_sum/phase/6,1,0,4096,9110,9173,9239,9257,9324,9692,0,659,129,129,9173,9239,"[(1, 22, 20, 0)]",True
s16__request_atomic__ours_rotated,s16,request_atomic,ours_rotated,pipeline,ffn_sum/phase/10,4,0,4096,9110,9173,9239,9341,9407,10148,0,1962,129,129,9173,9239,"[(4, 34, 33, 2, 26, 25, 0)]",True
s16__request_atomic__ours_rotated,s16,request_atomic,ours_rotated,pipeline,ffn_sum/phase/14,2,0,4096,9110,9173,9239,9265,9331,9761,0,963,129,129,9173,9239,"[(2, 26, 25, 0)]",True
s16__request_atomic__ours_rotated,s16,request_atomic,ours_rotated,pipeline,ffn_sum/phase/18,5,0,4096,9110,9173,9239,9245,9311,9563,0,438,129,129,9173,9239,"[(5, 25, 0)]",True
s16__request_atomic__ours_rotated,s16,request_atomic,ours_rotated,pipeline,ffn_sum/phase/22,8,0,4096,9110,9173,9239,9335,9398,10079,0,1723,129,129,9173,9239,"[(8, 30, 28, 2, 26, 25, 0), (8, 30, 29, 1, 42, 40, 0)]",True
s16__request_atomic__ours_rotated,s16,request_atomic,ours_rotated,pipeline,ffn_sum/phase/26,6,0,4096,9110,9173,9239,9259,9326,9695,0,782,129,129,9173,9239,"[(6, 27, 25, 0)]",True
s16__request_atomic__ours_rotated,s16,request_atomic,ours_rotated,pipeline,ffn_sum/phase/32,0,3,4096,11620,11683,12005,11843,12165,12228,256,60,129,129,11683,12005,"[(0, 25, 26, 2, 28, 30, 3)]",False
s16__request_atomic__ours_rotated,s16,request_atomic,ours_rotated,pipeline,ffn_sum/phase/35,0,1,4096,11620,12196,12262,12280,12346,12409,127,60,129,129,12196,12262,"[(0, 20, 22, 1)]",False
s16__request_atomic__ours_rotated,s16,request_atomic,ours_rotated,pipeline,ffn_sum/phase/38,0,4,4096,11620,12326,12392,12494,12560,12623,0,60,129,129,12326,12392,"[(0, 25, 26, 2, 33, 34, 4), (0, 25, 26, 2, 53, 54, 4)]",False
s16__request_atomic__ours_rotated,s16,request_atomic,ours_rotated,pipeline,ffn_sum/phase/41,0,2,4096,11620,12456,12522,12548,12614,12677,0,60,129,129,12456,12522,"[(0, 25, 26, 2)]",False
s16__request_atomic__ours_rotated,s16,request_atomic,ours_rotated,pipeline,ffn_sum/phase/44,0,5,4096,11620,12586,12652,12658,12724,12787,0,60,129,129,12586,12652,"[(0, 25, 5)]",False
s16__request_atomic__ours_rotated,s16,request_atomic,ours_rotated,pipeline,ffn_sum/phase/47,0,8,4096,11620,12716,12782,12874,12944,13007,0,60,129,129,12716,12782,"[(0, 25, 26, 2, 28, 30, 8), (0, 25, 27, 6, 29, 30, 8)]",False
s16__request_atomic__ours_rotated,s16,request_atomic,ours_rotated,pipeline,ffn_sum/phase/50,0,6,4096,11620,12846,12912,12932,12998,13061,0,60,129,129,12846,12912,"[(0, 25, 27, 6)]",True
s16__request_atomic__baseline,s16,request_atomic,baseline,bounded,attention_sum/phase/2,1,0,4096,2179,2242,2308,2310,2377,2691,0,500,129,129,2242,2308,"[(1, 23, 22, 0)]",True
s16__request_atomic__baseline,s16,request_atomic,baseline,bounded,attention_sum/phase/6,2,0,4096,2179,2242,2308,2389,2710,3274,0,1367,129,129,2242,2308,"[(2, 35, 32, 6, 21, 22, 0)]",True
s16__request_atomic__baseline,s16,request_atomic,baseline,bounded,attention_sum/phase/10,3,0,4096,2179,2242,2308,2578,2839,3531,0,1563,129,129,2242,2308,"[(3, 43, 40, 7, 33, 32, 6, 21, 22, 0)]",True
s16__request_atomic__baseline,s16,request_atomic,baseline,bounded,attention_sum/phase/14,4,0,4096,2179,2242,2308,2773,2965,3597,0,1759,129,129,2242,2308,"[(4, 51, 48, 8, 41, 40, 7, 33, 32, 6, 21, 22, 0)]",True
s16__request_atomic__baseline,s16,request_atomic,baseline,bounded,attention_sum/phase/18,5,0,4096,2179,2242,2308,2312,2379,2694,0,623,129,129,2242,2308,"[(5, 20, 22, 0)]",True
s16__request_atomic__baseline,s16,request_atomic,baseline,bounded,attention_sum/phase/22,6,0,4096,2179,2242,2308,2319,2515,2823,0,727,129,129,2242,2308,"[(6, 21, 22, 0)]",True
s16__request_atomic__baseline,s16,request_atomic,baseline,bounded,attention_sum/phase/26,7,0,4096,2179,2242,2308,2369,2704,3208,0,876,129,129,2242,2308,"[(7, 33, 32, 6, 21, 22, 0)]",True
s16__request_atomic__baseline,s16,request_atomic,baseline,bounded,attention_sum/phase/32,0,1,4096,4685,4748,5070,4816,5138,5201,256,60,129,129,4748,5070,"[(0, 22, 23, 1)]",False
s16__request_atomic__baseline,s16,request_atomic,baseline,bounded,attention_sum/phase/35,0,2,4096,4685,5261,5471,5397,5607,5670,271,60,129,129,5261,5471,"[(0, 22, 21, 6, 32, 35, 2)]",False
s16__request_atomic__baseline,s16,request_atomic,baseline,bounded,attention_sum/phase/38,0,3,4096,4685,5535,5601,5721,5787,5850,0,60,129,129,5535,5601,"[(0, 22, 21, 6, 32, 33, 7, 40, 43, 3)]",False
s16__request_atomic__baseline,s16,request_atomic,baseline,bounded,attention_sum/phase/41,0,4,4096,4685,5665,5731,5901,5967,6030,0,60,129,129,5665,5731,"[(0, 22, 21, 6, 32, 33, 7, 40, 41, 8, 48, 51, 4)]",False
s16__request_atomic__baseline,s16,request_atomic,baseline,bounded,attention_sum/phase/44,0,5,4096,4685,5795,5861,5865,5931,5994,0,60,129,129,5795,5861,"[(0, 22, 20, 5)]",False
s16__request_atomic__baseline,s16,request_atomic,baseline,bounded,attention_sum/phase/47,0,6,4096,4685,6052,6374,6129,6451,6514,383,60,129,129,6052,6374,"[(0, 22, 21, 6)]",False
s16__request_atomic__baseline,s16,request_atomic,baseline,bounded,attention_sum/phase/50,0,7,4096,4685,6438,6504,6565,6631,6694,0,60,129,129,6438,6504,"[(0, 22, 21, 6, 32, 33, 7)]",True
s16__request_atomic__baseline,s16,request_atomic,baseline,bounded,ffn_sum/phase/2,1,0,4096,9147,9210,9276,9278,9345,9659,0,500,129,129,9210,9276,"[(1, 23, 22, 0)]",True
s16__request_atomic__baseline,s16,request_atomic,baseline,bounded,ffn_sum/phase/6,2,0,4096,9147,9210,9276,9357,9678,10242,0,1367,129,129,9210,9276,"[(2, 35, 32, 6, 21, 22, 0)]",True
s16__request_atomic__baseline,s16,request_atomic,baseline,bounded,ffn_sum/phase/10,3,0,4096,9147,9210,9276,9546,9807,10499,0,1563,129,129,9210,9276,"[(3, 43, 40, 7, 33, 32, 6, 21, 22, 0)]",True
s16__request_atomic__baseline,s16,request_atomic,baseline,bounded,ffn_sum/phase/14,4,0,4096,9147,9210,9276,9741,9933,10565,0,1759,129,129,9210,9276,"[(4, 51, 48, 8, 41, 40, 7, 33, 32, 6, 21, 22, 0)]",True
s16__request_atomic__baseline,s16,request_atomic,baseline,bounded,ffn_sum/phase/18,5,0,4096,9147,9210,9276,9280,9347,9662,0,623,129,129,9210,9276,"[(5, 20, 22, 0)]",True
s16__request_atomic__baseline,s16,request_atomic,baseline,bounded,ffn_sum/phase/22,6,0,4096,9147,9210,9276,9287,9483,9791,0,727,129,129,9210,9276,"[(6, 21, 22, 0)]",True
s16__request_atomic__baseline,s16,request_atomic,baseline,bounded,ffn_sum/phase/26,7,0,4096,9147,9210,9276,9337,9672,10176,0,876,129,129,9210,9276,"[(7, 33, 32, 6, 21, 22, 0)]",True
s16__request_atomic__baseline,s16,request_atomic,baseline,bounded,ffn_sum/phase/32,0,1,4096,11653,11716,12038,11784,12106,12169,256,60,129,129,11716,12038,"[(0, 22, 23, 1)]",False
s16__request_atomic__baseline,s16,request_atomic,baseline,bounded,ffn_sum/phase/35,0,2,4096,11653,12229,12295,12365,12431,12494,127,60,129,129,12229,12295,"[(0, 22, 21, 6, 32, 35, 2)]",False
s16__request_atomic__baseline,s16,request_atomic,baseline,bounded,ffn_sum/phase/38,0,3,4096,11653,12359,12425,12545,12611,12674,0,60,129,129,12359,12425,"[(0, 22, 21, 6, 32, 33, 7, 40, 43, 3)]",False
s16__request_atomic__baseline,s16,request_atomic,baseline,bounded,ffn_sum/phase/41,0,4,4096,11653,12489,12555,12725,12791,12854,0,60,129,129,12489,12555,"[(0, 22, 21, 6, 32, 33, 7, 40, 41, 8, 48, 51, 4)]",False
s16__request_atomic__baseline,s16,request_atomic,baseline,bounded,ffn_sum/phase/44,0,5,4096,11653,12619,12685,12689,12755,12818,0,60,129,129,12619,12685,"[(0, 22, 20, 5)]",False
s16__request_atomic__baseline,s16,request_atomic,baseline,bounded,ffn_sum/phase/47,0,6,4096,11653,12749,12815,12826,12892,12955,0,60,129,129,12749,12815,"[(0, 22, 21, 6)]",False
s16__request_atomic__baseline,s16,request_atomic,baseline,bounded,ffn_sum/phase/50,0,7,4096,11653,12879,12945,13006,13072,13135,0,60,129,129,12879,12945,"[(0, 22, 21, 6, 32, 33, 7)]",True
s16__request_atomic__ours_rotated,s16,request_atomic,ours_rotated,bounded,attention_sum/phase/2,3,0,4096,2179,2242,2308,2582,2843,3535,0,1623,129,129,2242,2308,"[(3, 30, 28, 2, 26, 25, 0), (3, 30, 29, 1, 22, 20, 0)]",True
s16__request_atomic__ours_rotated,s16,request_atomic,ours_rotated,bounded,attention_sum/phase/6,1,0,4096,2179,2242,2308,2326,2393,2761,0,659,129,129,2242,2308,"[(1, 22, 20, 0)]",True
s16__request_atomic__ours_rotated,s16,request_atomic,ours_rotated,bounded,attention_sum/phase/10,4,0,4096,2179,2242,2308,2711,3097,3729,0,1631,129,129,2242,2308,"[(4, 34, 33, 2, 26, 25, 0)]",True
s16__request_atomic__ours_rotated,s16,request_atomic,ours_rotated,bounded,attention_sum/phase/14,2,0,4096,2179,2242,2308,2334,2648,3084,0,975,129,129,2242,2308,"[(2, 26, 25, 0)]",True
s16__request_atomic__ours_rotated,s16,request_atomic,ours_rotated,bounded,attention_sum/phase/18,5,0,4096,2179,2242,2308,2314,2380,2632,0,438,129,129,2242,2308,"[(5, 25, 0)]",True
s16__request_atomic__ours_rotated,s16,request_atomic,ours_rotated,bounded,attention_sum/phase/22,8,0,4096,2179,2242,2308,2519,2780,3532,0,1623,129,129,2242,2308,"[(8, 30, 28, 2, 26, 25, 0), (8, 30, 29, 1, 42, 40, 0)]",True
s16__request_atomic__ours_rotated,s16,request_atomic,ours_rotated,bounded,attention_sum/phase/26,6,0,4096,2179,2242,2308,2328,2456,2764,0,721,129,129,2242,2308,"[(6, 27, 25, 0)]",True
s16__request_atomic__ours_rotated,s16,request_atomic,ours_rotated,bounded,attention_sum/phase/32,0,3,4096,4689,4752,5074,4912,5234,5297,256,60,129,129,4752,5074,"[(0, 25, 26, 2, 28, 30, 3)]",False
s16__request_atomic__ours_rotated,s16,request_atomic,ours_rotated,bounded,attention_sum/phase/35,0,1,4096,4689,5265,5475,5349,5559,5622,271,60,129,129,5265,5475,"[(0, 20, 22, 1)]",False
s16__request_atomic__ours_rotated,s16,request_atomic,ours_rotated,bounded,attention_sum/phase/38,0,4,4096,4689,5539,5605,5707,5773,5836,0,60,129,129,5539,5605,"[(0, 25, 26, 2, 33, 34, 4), (0, 25, 26, 2, 53, 54, 4)]",False
s16__request_atomic__ours_rotated,s16,request_atomic,ours_rotated,bounded,attention_sum/phase/41,0,2,4096,4689,5669,5735,5761,5827,5890,0,60,129,129,5669,5735,"[(0, 25, 26, 2)]",False
s16__request_atomic__ours_rotated,s16,request_atomic,ours_rotated,bounded,attention_sum/phase/44,0,5,4096,4689,5799,5865,5871,5937,6000,0,60,129,129,5799,5865,"[(0, 25, 5)]",False
s16__request_atomic__ours_rotated,s16,request_atomic,ours_rotated,bounded,attention_sum/phase/47,0,8,4096,4689,6056,6378,6214,6536,6599,383,60,129,129,6056,6378,"[(0, 25, 26, 2, 28, 30, 8)]",False
s16__request_atomic__ours_rotated,s16,request_atomic,ours_rotated,bounded,attention_sum/phase/50,0,6,4096,4689,6442,6508,6528,6594,6657,0,60,129,129,6442,6508,"[(0, 25, 27, 6)]",True
s16__request_atomic__ours_rotated,s16,request_atomic,ours_rotated,bounded,ffn_sum/phase/2,3,0,4096,9110,9173,9239,9513,9774,10466,0,1623,129,129,9173,9239,"[(3, 30, 28, 2, 26, 25, 0), (3, 30, 29, 1, 22, 20, 0)]",True
s16__request_atomic__ours_rotated,s16,request_atomic,ours_rotated,bounded,ffn_sum/phase/6,1,0,4096,9110,9173,9239,9257,9324,9692,0,659,129,129,9173,9239,"[(1, 22, 20, 0)]",True
s16__request_atomic__ours_rotated,s16,request_atomic,ours_rotated,bounded,ffn_sum/phase/10,4,0,4096,9110,9173,9239,9642,10028,10660,0,1631,129,129,9173,9239,"[(4, 34, 33, 2, 26, 25, 0)]",True
s16__request_atomic__ours_rotated,s16,request_atomic,ours_rotated,bounded,ffn_sum/phase/14,2,0,4096,9110,9173,9239,9265,9579,10015,0,975,129,129,9173,9239,"[(2, 26, 25, 0)]",True
s16__request_atomic__ours_rotated,s16,request_atomic,ours_rotated,bounded,ffn_sum/phase/18,5,0,4096,9110,9173,9239,9245,9311,9563,0,438,129,129,9173,9239,"[(5, 25, 0)]",True
s16__request_atomic__ours_rotated,s16,request_atomic,ours_rotated,bounded,ffn_sum/phase/22,8,0,4096,9110,9173,9239,9450,9711,10463,0,1623,129,129,9173,9239,"[(8, 30, 28, 2, 26, 25, 0), (8, 30, 29, 1, 42, 40, 0)]",True
s16__request_atomic__ours_rotated,s16,request_atomic,ours_rotated,bounded,ffn_sum/phase/26,6,0,4096,9110,9173,9239,9259,9387,9695,0,721,129,129,9173,9239,"[(6, 27, 25, 0)]",True
s16__request_atomic__ours_rotated,s16,request_atomic,ours_rotated,bounded,ffn_sum/phase/32,0,3,4096,11620,11683,12005,11843,12165,12228,256,60,129,129,11683,12005,"[(0, 25, 26, 2, 28, 30, 3)]",False
s16__request_atomic__ours_rotated,s16,request_atomic,ours_rotated,bounded,ffn_sum/phase/35,0,1,4096,11620,12196,12262,12280,12346,12409,127,60,129,129,12196,12262,"[(0, 20, 22, 1)]",False
s16__request_atomic__ours_rotated,s16,request_atomic,ours_rotated,bounded,ffn_sum/phase/38,0,4,4096,11620,12326,12392,12494,12560,12623,0,60,129,129,12326,12392,"[(0, 25, 26, 2, 33, 34, 4), (0, 25, 26, 2, 53, 54, 4)]",False
s16__request_atomic__ours_rotated,s16,request_atomic,ours_rotated,bounded,ffn_sum/phase/41,0,2,4096,11620,12456,12522,12548,12614,12677,0,60,129,129,12456,12522,"[(0, 25, 26, 2)]",False
s16__request_atomic__ours_rotated,s16,request_atomic,ours_rotated,bounded,ffn_sum/phase/44,0,5,4096,11620,12586,12652,12658,12724,12787,0,60,129,129,12586,12652,"[(0, 25, 5)]",False
s16__request_atomic__ours_rotated,s16,request_atomic,ours_rotated,bounded,ffn_sum/phase/47,0,8,4096,11620,12716,12782,12874,12944,13007,0,60,129,129,12716,12782,"[(0, 25, 26, 2, 28, 30, 8), (0, 25, 27, 6, 29, 30, 8)]",False
s16__request_atomic__ours_rotated,s16,request_atomic,ours_rotated,bounded,ffn_sum/phase/50,0,6,4096,11620,12846,12912,12932,12998,13061,0,60,129,129,12846,12912,"[(0, 25, 27, 6)]",True
s64__request_atomic__baseline,s64,request_atomic,baseline,serial,attention_sum/phase/2,1,0,16384,12508,13020,13020,13088,13132,13644,0,0,512,512,13020,13028,"[(1, 23, 22, 0)]",True
s64__request_atomic__baseline,s64,request_atomic,baseline,serial,attention_sum/phase/6,2,0,16384,12508,13020,13020,13157,13181,15692,0,1999,512,512,13020,13028,"[(2, 35, 32, 6, 21, 22, 0)]",True
s64__request_atomic__baseline,s64,request_atomic,baseline,serial,attention_sum/phase/10,3,0,16384,12508,13020,13020,13206,13222,16204,0,2470,512,512,13020,13028,"[(3, 43, 40, 7, 33, 32, 6, 21, 22, 0), (3, 43, 40, 7, 33, 34, 1, 23, 22, 0)]",True
s64__request_atomic__baseline,s64,request_atomic,baseline,serial,attention_sum/phase/14,4,0,16384,12508,13020,13020,13256,13272,16716,0,2932,512,512,13020,13028,"[(4, 51, 48, 8, 41, 40, 7, 33, 32, 6, 21, 22, 0)]",True
s64__request_atomic__baseline,s64,request_atomic,baseline,serial,attention_sum/phase/18,5,0,16384,12508,13020,13020,13090,13134,14156,0,510,512,512,13020,13028,"[(5, 20, 22, 0)]",True
s64__request_atomic__baseline,s64,request_atomic,baseline,serial,attention_sum/phase/22,6,0,16384,12508,13020,13020,13100,13140,14668,0,1016,512,512,13020,13028,"[(6, 21, 22, 0)]",True
s64__request_atomic__baseline,s64,request_atomic,baseline,serial,attention_sum/phase/26,7,0,16384,12508,13020,13020,13147,13171,15180,0,1497,512,512,13020,13028,"[(7, 33, 32, 6, 21, 22, 0)]",True
s64__request_atomic__baseline,s64,request_atomic,baseline,serial,attention_sum/phase/32,0,1,16384,22604,23116,23116,23184,23200,23712,0,0,512,512,23116,23124,"[(0, 22, 23, 1)]",True
s64__request_atomic__baseline,s64,request_atomic,baseline,serial,attention_sum/phase/35,0,2,16384,22604,23628,23628,23764,23780,24292,512,0,512,512,23628,23636,"[(0, 22, 21, 6, 32, 35, 2)]",True
s64__request_atomic__baseline,s64,request_atomic,baseline,serial,attention_sum/phase/38,0,3,16384,22604,24140,24140,24326,24342,24854,1024,0,512,512,24140,24148,"[(0, 22, 21, 6, 32, 33, 7, 40, 43, 3)]",True
s64__request_atomic__baseline,s64,request_atomic,baseline,serial,attention_sum/phase/41,0,4,16384,22604,24652,24652,24888,24904,25416,1536,0,512,512,24652,24660,"[(0, 22, 21, 6, 32, 33, 7, 40, 41, 8, 48, 51, 4)]",True
s64__request_atomic__baseline,s64,request_atomic,baseline,serial,attention_sum/phase/44,0,5,16384,22604,25164,25164,25234,25250,25762,2048,0,512,512,25164,25172,"[(0, 22, 20, 5)]",True
s64__request_atomic__baseline,s64,request_atomic,baseline,serial,attention_sum/phase/47,0,6,16384,22604,25676,25676,25753,25769,26281,2560,0,512,512,25676,25684,"[(0, 22, 21, 6)]",True
s64__request_atomic__baseline,s64,request_atomic,baseline,serial,attention_sum/phase/50,0,7,16384,22604,26188,26188,26315,26331,26843,3072,0,512,512,26188,26196,"[(0, 22, 21, 6, 32, 33, 7)]",True
s64__request_atomic__baseline,s64,request_atomic,baseline,serial,ffn_sum/phase/2,1,0,16384,35839,36351,36351,36419,36463,36975,0,0,512,512,36351,36359,"[(1, 23, 22, 0)]",True
s64__request_atomic__baseline,s64,request_atomic,baseline,serial,ffn_sum/phase/6,2,0,16384,35839,36351,36351,36488,36512,39023,0,1999,512,512,36351,36359,"[(2, 35, 32, 6, 21, 22, 0)]",True
s64__request_atomic__baseline,s64,request_atomic,baseline,serial,ffn_sum/phase/10,3,0,16384,35839,36351,36351,36537,36553,39535,0,2470,512,512,36351,36359,"[(3, 43, 40, 7, 33, 32, 6, 21, 22, 0), (3, 43, 40, 7, 33, 34, 1, 23, 22, 0)]",True
s64__request_atomic__baseline,s64,request_atomic,baseline,serial,ffn_sum/phase/14,4,0,16384,35839,36351,36351,36587,36603,40047,0,2932,512,512,36351,36359,"[(4, 51, 48, 8, 41, 40, 7, 33, 32, 6, 21, 22, 0)]",True
s64__request_atomic__baseline,s64,request_atomic,baseline,serial,ffn_sum/phase/18,5,0,16384,35839,36351,36351,36421,36465,37487,0,510,512,512,36351,36359,"[(5, 20, 22, 0)]",True
s64__request_atomic__baseline,s64,request_atomic,baseline,serial,ffn_sum/phase/22,6,0,16384,35839,36351,36351,36431,36471,37999,0,1016,512,512,36351,36359,"[(6, 21, 22, 0)]",True
s64__request_atomic__baseline,s64,request_atomic,baseline,serial,ffn_sum/phase/26,7,0,16384,35839,36351,36351,36478,36502,38511,0,1497,512,512,36351,36359,"[(7, 33, 32, 6, 21, 22, 0)]",True
s64__request_atomic__baseline,s64,request_atomic,baseline,serial,ffn_sum/phase/32,0,1,16384,45935,46447,46447,46515,46531,47043,0,0,512,512,46447,46455,"[(0, 22, 23, 1)]",True
s64__request_atomic__baseline,s64,request_atomic,baseline,serial,ffn_sum/phase/35,0,2,16384,45935,46959,46959,47095,47111,47623,512,0,512,512,46959,46967,"[(0, 22, 21, 6, 32, 35, 2)]",True
s64__request_atomic__baseline,s64,request_atomic,baseline,serial,ffn_sum/phase/38,0,3,16384,45935,47471,47471,47657,47673,48185,1024,0,512,512,47471,47479,"[(0, 22, 21, 6, 32, 33, 7, 40, 43, 3)]",True
s64__request_atomic__baseline,s64,request_atomic,baseline,serial,ffn_sum/phase/41,0,4,16384,45935,47983,47983,48219,48235,48747,1536,0,512,512,47983,47991,"[(0, 22, 21, 6, 32, 33, 7, 40, 41, 8, 48, 51, 4)]",True
s64__request_atomic__baseline,s64,request_atomic,baseline,serial,ffn_sum/phase/44,0,5,16384,45935,48495,48495,48565,48581,49093,2048,0,512,512,48495,48503,"[(0, 22, 20, 5)]",True
s64__request_atomic__baseline,s64,request_atomic,baseline,serial,ffn_sum/phase/47,0,6,16384,45935,49007,49007,49084,49100,49612,2560,0,512,512,49007,49015,"[(0, 22, 21, 6)]",True
s64__request_atomic__baseline,s64,request_atomic,baseline,serial,ffn_sum/phase/50,0,7,16384,45935,49519,49519,49646,49662,50174,3072,0,512,512,49519,49527,"[(0, 22, 21, 6, 32, 33, 7)]",True
s64__request_atomic__ours_rotated,s64,request_atomic,ours_rotated,serial,attention_sum/phase/2,3,0,16384,12508,13020,13020,13183,13233,16706,0,2961,512,512,13020,13028,"[(3, 30, 29, 1, 22, 20, 0), (3, 30, 29, 1, 42, 40, 0), (3, 30, 29, 6, 27, 25, 0)]",True
s64__request_atomic__ours_rotated,s64,request_atomic,ours_rotated,serial,attention_sum/phase/6,1,0,16384,12508,13020,13020,13104,13136,14146,0,498,512,512,13020,13028,"[(1, 22, 20, 0)]",True
s64__request_atomic__ours_rotated,s64,request_atomic,ours_rotated,serial,attention_sum/phase/10,4,0,16384,12508,13020,13020,13189,13221,15682,0,1949,512,512,13020,13028,"[(4, 34, 33, 2, 26, 25, 0)]",True
s64__request_atomic__ours_rotated,s64,request_atomic,ours_rotated,serial,attention_sum/phase/14,2,0,16384,12508,13020,13020,13126,13162,15170,0,1496,512,512,13020,13028,"[(2, 26, 25, 0)]",True
s64__request_atomic__ours_rotated,s64,request_atomic,ours_rotated,serial,attention_sum/phase/18,5,0,16384,12508,13020,13020,13092,13122,13634,0,0,512,512,13020,13028,"[(5, 25, 0)]",True
s64__request_atomic__ours_rotated,s64,request_atomic,ours_rotated,serial,attention_sum/phase/22,8,0,16384,12508,13020,13020,13181,13231,16194,0,2451,512,512,13020,13028,"[(8, 30, 29, 1, 22, 20, 0), (8, 30, 29, 1, 42, 40, 0), (8, 30, 29, 6, 27, 25, 0)]",True
s64__request_atomic__ours_rotated,s64,request_atomic,ours_rotated,serial,attention_sum/phase/26,6,0,16384,12508,13020,13020,13110,13158,14658,0,988,512,512,13020,13028,"[(6, 27, 25, 0)]",True
s64__request_atomic__ours_rotated,s64,request_atomic,ours_rotated,serial,attention_sum/phase/32,0,3,16384,22594,23106,23106,23266,23282,23794,0,0,512,512,23106,23114,"[(0, 25, 26, 2, 28, 30, 3)]",True
s64__request_atomic__ours_rotated,s64,request_atomic,ours_rotated,serial,attention_sum/phase/35,0,1,16384,22594,23618,23618,23702,23718,24230,512,0,512,512,23618,23626,"[(0, 20, 22, 1)]",True
s64__request_atomic__ours_rotated,s64,request_atomic,ours_rotated,serial,attention_sum/phase/38,0,4,16384,22594,24130,24130,24298,24314,24826,1024,0,512,512,24130,24138,"[(0, 25, 26, 2, 33, 34, 4)]",True
s64__request_atomic__ours_rotated,s64,request_atomic,ours_rotated,serial,attention_sum/phase/41,0,2,16384,22594,24642,24642,24734,24750,25262,1536,0,512,512,24642,24650,"[(0, 25, 26, 2)]",True
s64__request_atomic__ours_rotated,s64,request_atomic,ours_rotated,serial,attention_sum/phase/44,0,5,16384,22594,25154,25154,25226,25242,25754,2048,0,512,512,25154,25162,"[(0, 25, 5)]",True
s64__request_atomic__ours_rotated,s64,request_atomic,ours_rotated,serial,attention_sum/phase/47,0,8,16384,22594,25666,25666,25824,25840,26352,2560,0,512,512,25666,25674,"[(0, 25, 26, 2, 28, 30, 8)]",True
s64__request_atomic__ours_rotated,s64,request_atomic,ours_rotated,serial,attention_sum/phase/50,0,6,16384,22594,26178,26178,26264,26280,26792,3072,0,512,512,26178,26186,"[(0, 25, 27, 6)]",True
s64__request_atomic__ours_rotated,s64,request_atomic,ours_rotated,serial,ffn_sum/phase/2,3,0,16384,35788,36300,36300,36463,36513,39986,0,2961,512,512,36300,36308,"[(3, 30, 29, 1, 22, 20, 0), (3, 30, 29, 1, 42, 40, 0), (3, 30, 29, 6, 27, 25, 0)]",True
s64__request_atomic__ours_rotated,s64,request_atomic,ours_rotated,serial,ffn_sum/phase/6,1,0,16384,35788,36300,36300,36384,36416,37426,0,498,512,512,36300,36308,"[(1, 22, 20, 0)]",True
s64__request_atomic__ours_rotated,s64,request_atomic,ours_rotated,serial,ffn_sum/phase/10,4,0,16384,35788,36300,36300,36469,36501,38962,0,1949,512,512,36300,36308,"[(4, 34, 33, 2, 26, 25, 0)]",True
s64__request_atomic__ours_rotated,s64,request_atomic,ours_rotated,serial,ffn_sum/phase/14,2,0,16384,35788,36300,36300,36406,36442,38450,0,1496,512,512,36300,36308,"[(2, 26, 25, 0)]",True
s64__request_atomic__ours_rotated,s64,request_atomic,ours_rotated,serial,ffn_sum/phase/18,5,0,16384,35788,36300,36300,36372,36402,36914,0,0,512,512,36300,36308,"[(5, 25, 0)]",True
s64__request_atomic__ours_rotated,s64,request_atomic,ours_rotated,serial,ffn_sum/phase/22,8,0,16384,35788,36300,36300,36461,36511,39474,0,2451,512,512,36300,36308,"[(8, 30, 29, 1, 22, 20, 0), (8, 30, 29, 1, 42, 40, 0), (8, 30, 29, 6, 27, 25, 0)]",True
s64__request_atomic__ours_rotated,s64,request_atomic,ours_rotated,serial,ffn_sum/phase/26,6,0,16384,35788,36300,36300,36390,36438,37938,0,988,512,512,36300,36308,"[(6, 27, 25, 0)]",True
s64__request_atomic__ours_rotated,s64,request_atomic,ours_rotated,serial,ffn_sum/phase/32,0,3,16384,45874,46386,46386,46546,46562,47074,0,0,512,512,46386,46394,"[(0, 25, 26, 2, 28, 30, 3)]",True
s64__request_atomic__ours_rotated,s64,request_atomic,ours_rotated,serial,ffn_sum/phase/35,0,1,16384,45874,46898,46898,46982,46998,47510,512,0,512,512,46898,46906,"[(0, 20, 22, 1)]",True
s64__request_atomic__ours_rotated,s64,request_atomic,ours_rotated,serial,ffn_sum/phase/38,0,4,16384,45874,47410,47410,47578,47594,48106,1024,0,512,512,47410,47418,"[(0, 25, 26, 2, 33, 34, 4)]",True
s64__request_atomic__ours_rotated,s64,request_atomic,ours_rotated,serial,ffn_sum/phase/41,0,2,16384,45874,47922,47922,48014,48030,48542,1536,0,512,512,47922,47930,"[(0, 25, 26, 2)]",True
s64__request_atomic__ours_rotated,s64,request_atomic,ours_rotated,serial,ffn_sum/phase/44,0,5,16384,45874,48434,48434,48506,48522,49034,2048,0,512,512,48434,48442,"[(0, 25, 5)]",True
s64__request_atomic__ours_rotated,s64,request_atomic,ours_rotated,serial,ffn_sum/phase/47,0,8,16384,45874,48946,48946,49104,49120,49632,2560,0,512,512,48946,48954,"[(0, 25, 26, 2, 28, 30, 8)]",True
s64__request_atomic__ours_rotated,s64,request_atomic,ours_rotated,serial,ffn_sum/phase/50,0,6,16384,45874,49458,49458,49544,49560,50072,3072,0,512,512,49458,49466,"[(0, 25, 27, 6)]",True
s64__request_atomic__baseline,s64,request_atomic,baseline,pipeline,attention_sum/phase/2,1,0,16384,12508,12571,13024,12639,13092,16119,0,14946,516,516,12571,13024,"[(1, 23, 22, 0), (1, 29, 28, 0)]",True
s64__request_atomic__baseline,s64,request_atomic,baseline,pipeline,attention_sum/phase/6,2,0,16384,12508,12571,13024,12707,13148,16407,0,18783,516,516,12571,13024,"[(2, 35, 32, 6, 21, 22, 0), (2, 37, 36, 1, 23, 22, 0)]",True
s64__request_atomic__baseline,s64,request_atomic,baseline,pipeline,attention_sum/phase/10,3,0,16384,12508,12571,13024,12757,13210,16557,0,19962,516,516,12571,13024,"[(3, 43, 40, 7, 33, 32, 6, 21, 22, 0), (3, 45, 44, 2, 35, 32, 6, 21, 22, 0)]",True
s64__request_atomic__baseline,s64,request_atomic,baseline,pipeline,attention_sum/phase/14,4,0,16384,12508,12571,13024,12807,13260,16632,0,22179,516,516,12571,13024,"[(4, 51, 48, 8, 41, 40, 7, 33, 32, 6, 21, 22, 0), (4, 53, 52, 3, 43, 40, 7, 33, 32, 6, 21, 22, 0)]",True
s64__request_atomic__baseline,s64,request_atomic,baseline,pipeline,attention_sum/phase/18,5,0,16384,12508,12571,13024,12641,13094,16131,0,15444,516,516,12571,13024,"[(5, 20, 22, 0), (5, 25, 27, 0)]",True
s64__request_atomic__baseline,s64,request_atomic,baseline,pipeline,attention_sum/phase/22,6,0,16384,12508,12571,13024,12648,13101,16143,0,16338,516,516,12571,13024,"[(6, 21, 22, 0)]",True
s64__request_atomic__baseline,s64,request_atomic,baseline,pipeline,attention_sum/phase/26,7,0,16384,12508,12571,13024,12698,13151,16419,0,17523,516,516,12571,13024,"[(7, 33, 32, 6, 21, 22, 0), (7, 71, 70, 6, 21, 22, 0)]",True
s64__request_atomic__baseline,s64,request_atomic,baseline,pipeline,attention_sum/phase/32,0,1,16384,22520,22583,25100,22651,25168,25231,2064,51,516,516,22583,25100,"[(0, 22, 23, 1), (0, 28, 29, 1)]",False
s64__request_atomic__baseline,s64,request_atomic,baseline,pipeline,attention_sum/phase/35,0,2,16384,22520,25164,25617,25300,25741,25816,0,18,516,516,25164,25617,"[(0, 22, 21, 6, 32, 35, 2), (0, 28, 29, 1, 34, 35, 2)]",False
s64__request_atomic__baseline,s64,request_atomic,baseline,pipeline,attention_sum/phase/38,0,3,16384,22520,25681,26134,25867,26320,26383,0,51,516,516,25681,26134,"[(0, 22, 21, 6, 32, 33, 7, 40, 43, 3), (0, 28, 29, 1, 34, 33, 7, 40, 43, 3)]",False
s64__request_atomic__baseline,s64,request_atomic,baseline,pipeline,attention_sum/phase/41,0,4,16384,22520,26198,26651,26434,26887,26950,0,51,516,516,26198,26651,"[(0, 22, 21, 6, 32, 33, 7, 40, 41, 8, 48, 51, 4), (0, 28, 29, 1, 34, 33, 7, 40, 41, 8, 48, 51, 4)]",False
s64__request_atomic__baseline,s64,request_atomic,baseline,pipeline,attention_sum/phase/44,0,5,16384,22520,26715,28320,26785,28390,28453,1152,51,516,516,26715,28320,"[(0, 22, 20, 5), (0, 27, 25, 5)]",False
s64__request_atomic__baseline,s64,request_atomic,baseline,pipeline,attention_sum/phase/47,0,6,16384,22520,28384,28837,28461,28914,28977,0,51,516,516,28384,28837,"[(0, 22, 21, 6)]",False
s64__request_atomic__baseline,s64,request_atomic,baseline,pipeline,attention_sum/phase/50,0,7,16384,22520,28901,29610,29028,29737,29800,256,51,516,516,28901,29610,"[(0, 22, 21, 6, 32, 33, 7), (0, 28, 29, 1, 34, 33, 7)]",True
s64__request_atomic__baseline,s64,request_atomic,baseline,pipeline,ffn_sum/phase/2,1,0,16384,38796,38859,39312,38927,39380,42407,0,14946,516,516,38859,39312,"[(1, 23, 22, 0), (1, 29, 28, 0)]",True
s64__request_atomic__baseline,s64,request_atomic,baseline,pipeline,ffn_sum/phase/6,2,0,16384,38796,38859,39312,38995,39436,42695,0,18783,516,516,38859,39312,"[(2, 35, 32, 6, 21, 22, 0), (2, 37, 36, 1, 23, 22, 0)]",True
s64__request_atomic__baseline,s64,request_atomic,baseline,pipeline,ffn_sum/phase/10,3,0,16384,38796,38859,39312,39045,39498,42845,0,19962,516,516,38859,39312,"[(3, 43, 40, 7, 33, 32, 6, 21, 22, 0), (3, 45, 44, 2, 35, 32, 6, 21, 22, 0)]",True
s64__request_atomic__baseline,s64,request_atomic,baseline,pipeline,ffn_sum/phase/14,4,0,16384,38796,38859,39312,39095,39548,42920,0,22179,516,516,38859,39312,"[(4, 51, 48, 8, 41, 40, 7, 33, 32, 6, 21, 22, 0), (4, 53, 52, 3, 43, 40, 7, 33, 32, 6, 21, 22, 0)]",True
s64__request_atomic__baseline,s64,request_atomic,baseline,pipeline,ffn_sum/phase/18,5,0,16384,38796,38859,39312,38929,39382,42419,0,15444,516,516,38859,39312,"[(5, 20, 22, 0), (5, 25, 27, 0)]",True
s64__request_atomic__baseline,s64,request_atomic,baseline,pipeline,ffn_sum/phase/22,6,0,16384,38796,38859,39312,38936,39389,42431,0,16338,516,516,38859,39312,"[(6, 21, 22, 0)]",True
s64__request_atomic__baseline,s64,request_atomic,baseline,pipeline,ffn_sum/phase/26,7,0,16384,38796,38859,39312,38986,39439,42707,0,17523,516,516,38859,39312,"[(7, 33, 32, 6, 21, 22, 0), (7, 71, 70, 6, 21, 22, 0)]",True
s64__request_atomic__baseline,s64,request_atomic,baseline,pipeline,ffn_sum/phase/32,0,1,16384,48808,48871,50860,48939,50928,50991,1536,51,516,516,48871,50860,"[(0, 22, 23, 1), (0, 28, 29, 1)]",False
s64__request_atomic__baseline,s64,request_atomic,baseline,pipeline,ffn_sum/phase/35,0,2,16384,48808,50924,51377,51060,51501,51576,0,18,516,516,50924,51377,"[(0, 22, 21, 6, 32, 35, 2), (0, 28, 29, 1, 34, 35, 2)]",False
s64__request_atomic__baseline,s64,request_atomic,baseline,pipeline,ffn_sum/phase/38,0,3,16384,48808,51441,51894,51627,52080,52143,0,51,516,516,51441,51894,"[(0, 22, 21, 6, 32, 33, 7, 40, 43, 3), (0, 28, 29, 1, 34, 33, 7, 40, 43, 3)]",False
s64__request_atomic__baseline,s64,request_atomic,baseline,pipeline,ffn_sum/phase/41,0,4,16384,48808,51958,52411,52194,52647,52710,0,51,516,516,51958,52411,"[(0, 22, 21, 6, 32, 33, 7, 40, 41, 8, 48, 51, 4), (0, 28, 29, 1, 34, 33, 7, 40, 41, 8, 48, 51, 4)]",False
s64__request_atomic__baseline,s64,request_atomic,baseline,pipeline,ffn_sum/phase/44,0,5,16384,48808,52475,52928,52545,52998,53061,0,51,516,516,52475,52928,"[(0, 22, 20, 5), (0, 27, 25, 5)]",False
s64__request_atomic__baseline,s64,request_atomic,baseline,pipeline,ffn_sum/phase/47,0,6,16384,48808,52992,53445,53069,53522,53585,0,51,516,516,52992,53445,"[(0, 22, 21, 6)]",False
s64__request_atomic__baseline,s64,request_atomic,baseline,pipeline,ffn_sum/phase/50,0,7,16384,48808,53509,53962,53636,54089,54152,0,51,516,516,53509,53962,"[(0, 22, 21, 6, 32, 33, 7), (0, 28, 29, 1, 34, 33, 7)]",True
s64__request_atomic__ours_rotated,s64,request_atomic,ours_rotated,pipeline,attention_sum/phase/2,3,0,16384,12508,12571,13024,12731,13191,16620,0,20604,516,516,12571,13024,"[(3, 30, 28, 2, 26, 25, 0), (3, 30, 29, 1, 22, 20, 0), (3, 32, 33, 2, 26, 25, 0)]",True
s64__request_atomic__ours_rotated,s64,request_atomic,ours_rotated,pipeline,attention_sum/phase/6,1,0,16384,12508,12571,13024,12655,13116,16332,0,16069,516,516,12571,13024,"[(1, 22, 20, 0), (1, 24, 25, 0)]",True
s64__request_atomic__ours_rotated,s64,request_atomic,ours_rotated,pipeline,attention_sum/phase/10,4,0,16384,12508,12571,13024,12739,13193,16632,0,21140,516,516,12571,13024,"[(4, 34, 33, 2, 26, 25, 0), (4, 54, 53, 2, 26, 25, 0)]",True
s64__request_atomic__ours_rotated,s64,request_atomic,ours_rotated,pipeline,attention_sum/phase/14,2,0,16384,12508,12571,13024,12663,13118,16344,0,16852,516,516,12571,13024,"[(2, 26, 25, 0)]",True
s64__request_atomic__ours_rotated,s64,request_atomic,ours_rotated,pipeline,attention_sum/phase/18,5,0,16384,12508,12571,13024,12643,13091,15993,0,15167,516,516,12571,13024,"[(5, 25, 0), (5, 40, 0)]",True
s64__request_atomic__ours_rotated,s64,request_atomic,ours_rotated,pipeline,attention_sum/phase/22,8,0,16384,12508,12571,13024,12733,13185,16608,0,20222,516,516,12571,13024,"[(8, 30, 28, 2, 26, 25, 0), (8, 30, 29, 1, 22, 20, 0), (8, 30, 29, 1, 42, 40, 0), (8, 50, 48, 2, 26, 25, 0)]",True
s64__request_atomic__ours_rotated,s64,request_atomic,ours_rotated,pipeline,attention_sum/phase/26,6,0,16384,12508,12571,13024,12657,13109,16257,0,16132,516,516,12571,13024,"[(6, 27, 25, 0), (6, 42, 40, 0)]",True
s64__request_atomic__ours_rotated,s64,request_atomic,ours_rotated,pipeline,attention_sum/phase/32,0,3,16384,22520,22583,25100,22743,25260,25323,2064,59,516,516,22583,25100,"[(0, 20, 22, 1, 29, 30, 3), (0, 25, 26, 2, 28, 30, 3), (0, 25, 27, 6, 29, 30, 3)]",False
s64__request_atomic__ours_rotated,s64,request_atomic,ours_rotated,pipeline,attention_sum/phase/35,0,1,16384,22520,25164,25617,25248,25708,25764,0,44,516,516,25164,25617,"[(0, 20, 22, 1), (0, 25, 24, 1)]",False
s64__request_atomic__ours_rotated,s64,request_atomic,ours_rotated,pipeline,attention_sum/phase/38,0,4,16384,22520,25681,26134,25849,26302,26365,0,51,516,516,25681,26134,"[(0, 25, 26, 2, 33, 34, 4), (0, 25, 26, 2, 53, 54, 4)]",False
s64__request_atomic__ours_rotated,s64,request_atomic,ours_rotated,pipeline,attention_sum/phase/41,0,2,16384,22520,26198,26651,26290,26743,26806,0,51,516,516,26198,26651,"[(0, 25, 26, 2)]",False
s64__request_atomic__ours_rotated,s64,request_atomic,ours_rotated,pipeline,attention_sum/phase/44,0,5,16384,22520,26715,28320,26787,28387,28455,1152,56,516,516,26715,28320,"[(0, 25, 5), (0, 40, 5)]",False
s64__request_atomic__ours_rotated,s64,request_atomic,ours_rotated,pipeline,attention_sum/phase/47,0,8,16384,22520,28384,28837,28542,28995,29062,0,67,516,516,28384,28837,"[(0, 20, 22, 1, 29, 30, 8), (0, 25, 26, 2, 28, 30, 8), (0, 25, 27, 6, 29, 30, 8)]",False
s64__request_atomic__ours_rotated,s64,request_atomic,ours_rotated,pipeline,attention_sum/phase/50,0,6,16384,22520,28901,29610,28987,29695,29759,256,52,516,516,28901,29610,"[(0, 25, 27, 6), (0, 40, 42, 6)]",True
s64__request_atomic__ours_rotated,s64,request_atomic,ours_rotated,pipeline,ffn_sum/phase/2,3,0,16384,38755,38818,39271,38978,39438,42867,0,20604,516,516,38818,39271,"[(3, 30, 28, 2, 26, 25, 0), (3, 30, 29, 1, 22, 20, 0), (3, 32, 33, 2, 26, 25, 0)]",True
s64__request_atomic__ours_rotated,s64,request_atomic,ours_rotated,pipeline,ffn_sum/phase/6,1,0,16384,38755,38818,39271,38902,39363,42579,0,16069,516,516,38818,39271,"[(1, 22, 20, 0), (1, 24, 25, 0)]",True
s64__request_atomic__ours_rotated,s64,request_atomic,ours_rotated,pipeline,ffn_sum/phase/10,4,0,16384,38755,38818,39271,38986,39440,42879,0,21140,516,516,38818,39271,"[(4, 34, 33, 2, 26, 25, 0), (4, 54, 53, 2, 26, 25, 0)]",True
s64__request_atomic__ours_rotated,s64,request_atomic,ours_rotated,pipeline,ffn_sum/phase/14,2,0,16384,38755,38818,39271,38910,39365,42591,0,16852,516,516,38818,39271,"[(2, 26, 25, 0)]",True
s64__request_atomic__ours_rotated,s64,request_atomic,ours_rotated,pipeline,ffn_sum/phase/18,5,0,16384,38755,38818,39271,38890,39338,42240,0,15167,516,516,38818,39271,"[(5, 25, 0), (5, 40, 0)]",True
s64__request_atomic__ours_rotated,s64,request_atomic,ours_rotated,pipeline,ffn_sum/phase/22,8,0,16384,38755,38818,39271,38980,39432,42855,0,20222,516,516,38818,39271,"[(8, 30, 28, 2, 26, 25, 0), (8, 30, 29, 1, 22, 20, 0), (8, 30, 29, 1, 42, 40, 0), (8, 50, 48, 2, 26, 25, 0)]",True
s64__request_atomic__ours_rotated,s64,request_atomic,ours_rotated,pipeline,ffn_sum/phase/26,6,0,16384,38755,38818,39271,38904,39356,42504,0,16132,516,516,38818,39271,"[(6, 27, 25, 0), (6, 42, 40, 0)]",True
s64__request_atomic__ours_rotated,s64,request_atomic,ours_rotated,pipeline,ffn_sum/phase/32,0,3,16384,48767,48830,50819,48990,50979,51046,1536,63,516,516,48830,50819,"[(0, 20, 22, 1, 29, 30, 3), (0, 25, 26, 2, 28, 30, 3), (0, 25, 27, 6, 29, 30, 3)]",False
s64__request_atomic__ours_rotated,s64,request_atomic,ours_rotated,pipeline,ffn_sum/phase/35,0,1,16384,48767,50883,51336,50967,51427,51483,0,44,516,516,50883,51336,"[(0, 20, 22, 1), (0, 25, 24, 1)]",False
s64__request_atomic__ours_rotated,s64,request_atomic,ours_rotated,pipeline,ffn_sum/phase/38,0,4,16384,48767,51400,51853,51568,52021,52084,0,51,516,516,51400,51853,"[(0, 25, 26, 2, 33, 34, 4), (0, 25, 26, 2, 53, 54, 4)]",False
s64__request_atomic__ours_rotated,s64,request_atomic,ours_rotated,pipeline,ffn_sum/phase/41,0,2,16384,48767,51917,52370,52009,52462,52525,0,51,516,516,51917,52370,"[(0, 25, 26, 2)]",False
s64__request_atomic__ours_rotated,s64,request_atomic,ours_rotated,pipeline,ffn_sum/phase/44,0,5,16384,48767,52434,52887,52506,52954,53022,0,56,516,516,52434,52887,"[(0, 25, 5), (0, 40, 5)]",False
s64__request_atomic__ours_rotated,s64,request_atomic,ours_rotated,pipeline,ffn_sum/phase/47,0,8,16384,48767,52951,53404,53109,53562,53629,0,67,516,516,52951,53404,"[(0, 20, 22, 1, 29, 30, 8), (0, 25, 26, 2, 28, 30, 8), (0, 25, 27, 6, 29, 30, 8)]",False
s64__request_atomic__ours_rotated,s64,request_atomic,ours_rotated,pipeline,ffn_sum/phase/50,0,6,16384,48767,53468,53921,53554,54006,54070,0,52,516,516,53468,53921,"[(0, 25, 27, 6), (0, 40, 42, 6)]",True
s64__request_atomic__baseline,s64,request_atomic,baseline,bounded,attention_sum/phase/2,1,0,16384,12508,12571,13024,12639,15202,15690,0,3773,516,516,12571,13024,"[(1, 23, 22, 0), (1, 29, 28, 0)]",True
s64__request_atomic__baseline,s64,request_atomic,baseline,bounded,attention_sum/phase/6,2,0,16384,12508,12571,13024,12707,15970,17431,0,4911,516,516,12571,13024,"[(2, 35, 32, 6, 21, 22, 0), (2, 37, 36, 1, 23, 22, 0)]",True
s64__request_atomic__baseline,s64,request_atomic,baseline,bounded,attention_sum/phase/10,3,0,16384,12508,12571,13024,13099,17195,18093,0,5567,516,516,12571,13024,"[(3, 43, 40, 7, 33, 32, 6, 21, 22, 0), (3, 45, 44, 2, 35, 32, 6, 21, 22, 0)]",True
s64__request_atomic__baseline,s64,request_atomic,baseline,bounded,attention_sum/phase/14,4,0,16384,12508,12571,13024,13603,17321,18168,0,6336,516,516,12571,13024,"[(4, 51, 48, 8, 41, 40, 7, 33, 32, 6, 21, 22, 0), (4, 53, 52, 3, 43, 40, 7, 33, 32, 6, 21, 22, 0)]",True
s64__request_atomic__baseline,s64,request_atomic,baseline,bounded,attention_sum/phase/18,5,0,16384,12508,12571,13024,12641,15265,15753,0,3946,516,516,12571,13024,"[(5, 20, 22, 0), (5, 25, 27, 0)]",True
s64__request_atomic__baseline,s64,request_atomic,baseline,bounded,attention_sum/phase/22,6,0,16384,12508,12571,13024,12648,15769,17179,0,5555,516,516,12571,13024,"[(6, 21, 22, 0)]",True
s64__request_atomic__baseline,s64,request_atomic,baseline,bounded,attention_sum/phase/26,7,0,16384,12508,12571,13024,12698,16033,17443,0,5704,516,516,12571,13024,"[(7, 33, 32, 6, 21, 22, 0), (7, 71, 70, 6, 21, 22, 0)]",True
s64__request_atomic__baseline,s64,request_atomic,baseline,bounded,attention_sum/phase/32,0,1,16384,22520,22583,25100,22651,25168,25231,2064,51,516,516,22583,25100,"[(0, 22, 23, 1), (0, 28, 29, 1)]",False
s64__request_atomic__baseline,s64,request_atomic,baseline,bounded,attention_sum/phase/35,0,2,16384,22520,25164,25617,25300,25741,25816,0,18,516,516,25164,25617,"[(0, 22, 21, 6, 32, 35, 2), (0, 28, 29, 1, 34, 35, 2)]",False
s64__request_atomic__baseline,s64,request_atomic,baseline,bounded,attention_sum/phase/38,0,3,16384,22520,25681,26134,25867,26320,26383,0,51,516,516,25681,26134,"[(0, 22, 21, 6, 32, 33, 7, 40, 43, 3), (0, 28, 29, 1, 34, 33, 7, 40, 43, 3)]",False
s64__request_atomic__baseline,s64,request_atomic,baseline,bounded,attention_sum/phase/41,0,4,16384,22520,26198,26651,26434,26887,26950,0,51,516,516,26198,26651,"[(0, 22, 21, 6, 32, 33, 7, 40, 41, 8, 48, 51, 4), (0, 28, 29, 1, 34, 33, 7, 40, 41, 8, 48, 51, 4)]",False
s64__request_atomic__baseline,s64,request_atomic,baseline,bounded,attention_sum/phase/44,0,5,16384,22520,26715,28320,26785,28390,28453,1152,51,516,516,26715,28320,"[(0, 22, 20, 5), (0, 27, 25, 5)]",False
s64__request_atomic__baseline,s64,request_atomic,baseline,bounded,attention_sum/phase/47,0,6,16384,22520,28384,28837,28461,28914,28977,0,51,516,516,28384,28837,"[(0, 22, 21, 6)]",False
s64__request_atomic__baseline,s64,request_atomic,baseline,bounded,attention_sum/phase/50,0,7,16384,22520,28901,29610,29028,29737,29800,256,51,516,516,28901,29610,"[(0, 22, 21, 6, 32, 33, 7), (0, 28, 29, 1, 34, 33, 7)]",True
s64__request_atomic__baseline,s64,request_atomic,baseline,bounded,ffn_sum/phase/2,1,0,16384,38796,38859,39312,38927,41490,41978,0,3773,516,516,38859,39312,"[(1, 23, 22, 0), (1, 29, 28, 0)]",True
s64__request_atomic__baseline,s64,request_atomic,baseline,bounded,ffn_sum/phase/6,2,0,16384,38796,38859,39312,38995,42258,43719,0,4911,516,516,38859,39312,"[(2, 35, 32, 6, 21, 22, 0), (2, 37, 36, 1, 23, 22, 0)]",True
s64__request_atomic__baseline,s64,request_atomic,baseline,bounded,ffn_sum/phase/10,3,0,16384,38796,38859,39312,39387,43483,44381,0,5567,516,516,38859,39312,"[(3, 43, 40, 7, 33, 32, 6, 21, 22, 0), (3, 45, 44, 2, 35, 32, 6, 21, 22, 0)]",True
s64__request_atomic__baseline,s64,request_atomic,baseline,bounded,ffn_sum/phase/14,4,0,16384,38796,38859,39312,39891,43609,44456,0,6336,516,516,38859,39312,"[(4, 51, 48, 8, 41, 40, 7, 33, 32, 6, 21, 22, 0), (4, 53, 52, 3, 43, 40, 7, 33, 32, 6, 21, 22, 0)]",True
s64__request_atomic__baseline,s64,request_atomic,baseline,bounded,ffn_sum/phase/18,5,0,16384,38796,38859,39312,38929,41553,42041,0,3946,516,516,38859,39312,"[(5, 20, 22, 0), (5, 25, 27, 0)]",True
s64__request_atomic__baseline,s64,request_atomic,baseline,bounded,ffn_sum/phase/22,6,0,16384,38796,38859,39312,38936,42057,43467,0,5555,516,516,38859,39312,"[(6, 21, 22, 0)]",True
s64__request_atomic__baseline,s64,request_atomic,baseline,bounded,ffn_sum/phase/26,7,0,16384,38796,38859,39312,38986,42321,43731,0,5704,516,516,38859,39312,"[(7, 33, 32, 6, 21, 22, 0), (7, 71, 70, 6, 21, 22, 0)]",True
s64__request_atomic__baseline,s64,request_atomic,baseline,bounded,ffn_sum/phase/32,0,1,16384,48808,48871,50860,48939,50928,50991,1536,51,516,516,48871,50860,"[(0, 22, 23, 1), (0, 28, 29, 1)]",False
s64__request_atomic__baseline,s64,request_atomic,baseline,bounded,ffn_sum/phase/35,0,2,16384,48808,50924,51377,51060,51501,51576,0,18,516,516,50924,51377,"[(0, 22, 21, 6, 32, 35, 2), (0, 28, 29, 1, 34, 35, 2)]",False
s64__request_atomic__baseline,s64,request_atomic,baseline,bounded,ffn_sum/phase/38,0,3,16384,48808,51441,51894,51627,52080,52143,0,51,516,516,51441,51894,"[(0, 22, 21, 6, 32, 33, 7, 40, 43, 3), (0, 28, 29, 1, 34, 33, 7, 40, 43, 3)]",False
s64__request_atomic__baseline,s64,request_atomic,baseline,bounded,ffn_sum/phase/41,0,4,16384,48808,51958,52411,52194,52647,52710,0,51,516,516,51958,52411,"[(0, 22, 21, 6, 32, 33, 7, 40, 41, 8, 48, 51, 4), (0, 28, 29, 1, 34, 33, 7, 40, 41, 8, 48, 51, 4)]",False
s64__request_atomic__baseline,s64,request_atomic,baseline,bounded,ffn_sum/phase/44,0,5,16384,48808,52475,52928,52545,52998,53061,0,51,516,516,52475,52928,"[(0, 22, 20, 5), (0, 27, 25, 5)]",False
s64__request_atomic__baseline,s64,request_atomic,baseline,bounded,ffn_sum/phase/47,0,6,16384,48808,52992,53445,53069,53522,53585,0,51,516,516,52992,53445,"[(0, 22, 21, 6)]",False
s64__request_atomic__baseline,s64,request_atomic,baseline,bounded,ffn_sum/phase/50,0,7,16384,48808,53509,53962,53636,54089,54152,0,51,516,516,53509,53962,"[(0, 22, 21, 6, 32, 33, 7), (0, 28, 29, 1, 34, 33, 7)]",True
s64__request_atomic__ours_rotated,s64,request_atomic,ours_rotated,bounded,attention_sum/phase/2,3,0,16384,12508,12571,13024,13099,16336,18156,0,4953,516,516,12571,13024,"[(3, 30, 28, 2, 26, 25, 0), (3, 30, 29, 1, 22, 20, 0), (3, 32, 33, 2, 26, 25, 0)]",True
s64__request_atomic__ours_rotated,s64,request_atomic,ours_rotated,bounded,attention_sum/phase/6,1,0,16384,12508,12571,13024,12655,15895,16332,0,3816,516,516,12571,13024,"[(1, 22, 20, 0), (1, 24, 25, 0)]",True
s64__request_atomic__ours_rotated,s64,request_atomic,ours_rotated,bounded,attention_sum/phase/10,4,0,16384,12508,12571,13024,13162,16348,18680,0,6028,516,516,12571,13024,"[(4, 34, 33, 2, 26, 25, 0), (4, 54, 53, 2, 26, 25, 0)]",True
s64__request_atomic__ours_rotated,s64,request_atomic,ours_rotated,bounded,attention_sum/phase/14,2,0,16384,12508,12571,13024,12663,15958,16344,0,4103,516,516,12571,13024,"[(2, 26, 25, 0)]",True
s64__request_atomic__ours_rotated,s64,request_atomic,ours_rotated,bounded,attention_sum/phase/18,5,0,16384,12508,12571,13024,12643,15706,16194,0,3918,516,516,12571,13024,"[(5, 25, 0), (5, 40, 0)]",True
s64__request_atomic__ours_rotated,s64,request_atomic,ours_rotated,bounded,attention_sum/phase/22,8,0,16384,12508,12571,13024,13225,16273,17632,0,4492,516,516,12571,13024,"[(8, 30, 28, 2, 26, 25, 0), (8, 30, 29, 1, 22, 20, 0), (8, 30, 29, 1, 42, 40, 0), (8, 50, 48, 2, 26, 25, 0)]",True
s64__request_atomic__ours_rotated,s64,request_atomic,ours_rotated,bounded,attention_sum/phase/26,6,0,16384,12508,12571,13024,12657,15769,16257,0,4040,516,516,12571,13024,"[(6, 27, 25, 0), (6, 42, 40, 0)]",True
s64__request_atomic__ours_rotated,s64,request_atomic,ours_rotated,bounded,attention_sum/phase/32,0,3,16384,22520,22583,25100,22743,25260,25323,2064,59,516,516,22583,25100,"[(0, 20, 22, 1, 29, 30, 3), (0, 25, 26, 2, 28, 30, 3), (0, 25, 27, 6, 29, 30, 3)]",False
s64__request_atomic__ours_rotated,s64,request_atomic,ours_rotated,bounded,attention_sum/phase/35,0,1,16384,22520,25164,25617,25248,25708,25764,0,44,516,516,25164,25617,"[(0, 20, 22, 1), (0, 25, 24, 1)]",False
s64__request_atomic__ours_rotated,s64,request_atomic,ours_rotated,bounded,attention_sum/phase/38,0,4,16384,22520,25681,26134,25849,26302,26365,0,51,516,516,25681,26134,"[(0, 25, 26, 2, 33, 34, 4), (0, 25, 26, 2, 53, 54, 4)]",False
s64__request_atomic__ours_rotated,s64,request_atomic,ours_rotated,bounded,attention_sum/phase/41,0,2,16384,22520,26198,26651,26290,26743,26806,0,51,516,516,26198,26651,"[(0, 25, 26, 2)]",False
s64__request_atomic__ours_rotated,s64,request_atomic,ours_rotated,bounded,attention_sum/phase/44,0,5,16384,22520,26715,28320,26787,28387,28455,1152,56,516,516,26715,28320,"[(0, 25, 5), (0, 40, 5)]",False
s64__request_atomic__ours_rotated,s64,request_atomic,ours_rotated,bounded,attention_sum/phase/47,0,8,16384,22520,28384,28837,28542,28995,29062,0,67,516,516,28384,28837,"[(0, 20, 22, 1, 29, 30, 8), (0, 25, 26, 2, 28, 30, 8), (0, 25, 27, 6, 29, 30, 8)]",False
s64__request_atomic__ours_rotated,s64,request_atomic,ours_rotated,bounded,attention_sum/phase/50,0,6,16384,22520,28901,29610,28987,29695,29759,256,52,516,516,28901,29610,"[(0, 25, 27, 6), (0, 40, 42, 6)]",True
s64__request_atomic__ours_rotated,s64,request_atomic,ours_rotated,bounded,ffn_sum/phase/2,3,0,16384,38755,38818,39271,39346,42583,44403,0,4953,516,516,38818,39271,"[(3, 30, 28, 2, 26, 25, 0), (3, 30, 29, 1, 22, 20, 0), (3, 32, 33, 2, 26, 25, 0)]",True
s64__request_atomic__ours_rotated,s64,request_atomic,ours_rotated,bounded,ffn_sum/phase/6,1,0,16384,38755,38818,39271,38902,42142,42579,0,3816,516,516,38818,39271,"[(1, 22, 20, 0), (1, 24, 25, 0)]",True
s64__request_atomic__ours_rotated,s64,request_atomic,ours_rotated,bounded,ffn_sum/phase/10,4,0,16384,38755,38818,39271,39409,42595,44927,0,6028,516,516,38818,39271,"[(4, 34, 33, 2, 26, 25, 0), (4, 54, 53, 2, 26, 25, 0)]",True
s64__request_atomic__ours_rotated,s64,request_atomic,ours_rotated,bounded,ffn_sum/phase/14,2,0,16384,38755,38818,39271,38910,42205,42591,0,4103,516,516,38818,39271,"[(2, 26, 25, 0)]",True
s64__request_atomic__ours_rotated,s64,request_atomic,ours_rotated,bounded,ffn_sum/phase/18,5,0,16384,38755,38818,39271,38890,41953,42441,0,3918,516,516,38818,39271,"[(5, 25, 0), (5, 40, 0)]",True
s64__request_atomic__ours_rotated,s64,request_atomic,ours_rotated,bounded,ffn_sum/phase/22,8,0,16384,38755,38818,39271,39472,42520,43879,0,4492,516,516,38818,39271,"[(8, 30, 28, 2, 26, 25, 0), (8, 30, 29, 1, 22, 20, 0), (8, 30, 29, 1, 42, 40, 0), (8, 50, 48, 2, 26, 25, 0)]",True
s64__request_atomic__ours_rotated,s64,request_atomic,ours_rotated,bounded,ffn_sum/phase/26,6,0,16384,38755,38818,39271,38904,42016,42504,0,4040,516,516,38818,39271,"[(6, 27, 25, 0), (6, 42, 40, 0)]",True
s64__request_atomic__ours_rotated,s64,request_atomic,ours_rotated,bounded,ffn_sum/phase/32,0,3,16384,48767,48830,50819,48990,50979,51046,1536,63,516,516,48830,50819,"[(0, 20, 22, 1, 29, 30, 3), (0, 25, 26, 2, 28, 30, 3), (0, 25, 27, 6, 29, 30, 3)]",False
s64__request_atomic__ours_rotated,s64,request_atomic,ours_rotated,bounded,ffn_sum/phase/35,0,1,16384,48767,50883,51336,50967,51427,51483,0,44,516,516,50883,51336,"[(0, 20, 22, 1), (0, 25, 24, 1)]",False
s64__request_atomic__ours_rotated,s64,request_atomic,ours_rotated,bounded,ffn_sum/phase/38,0,4,16384,48767,51400,51853,51568,52021,52084,0,51,516,516,51400,51853,"[(0, 25, 26, 2, 33, 34, 4), (0, 25, 26, 2, 53, 54, 4)]",False
s64__request_atomic__ours_rotated,s64,request_atomic,ours_rotated,bounded,ffn_sum/phase/41,0,2,16384,48767,51917,52370,52009,52462,52525,0,51,516,516,51917,52370,"[(0, 25, 26, 2)]",False
s64__request_atomic__ours_rotated,s64,request_atomic,ours_rotated,bounded,ffn_sum/phase/44,0,5,16384,48767,52434,52887,52506,52954,53022,0,56,516,516,52434,52887,"[(0, 25, 5), (0, 40, 5)]",False
s64__request_atomic__ours_rotated,s64,request_atomic,ours_rotated,bounded,ffn_sum/phase/47,0,8,16384,48767,52951,53404,53109,53562,53629,0,67,516,516,52951,53404,"[(0, 20, 22, 1, 29, 30, 8), (0, 25, 26, 2, 28, 30, 8), (0, 25, 27, 6, 29, 30, 8)]",False
s64__request_atomic__ours_rotated,s64,request_atomic,ours_rotated,bounded,ffn_sum/phase/50,0,6,16384,48767,53468,53921,53554,54006,54070,0,52,516,516,53468,53921,"[(0, 25, 27, 6), (0, 40, 42, 6)]",True
s16__burst_256__baseline,s16,burst_256,baseline,serial,attention_sum/phase/2,1,0,4096,2419,2547,2547,2615,2623,3359,0,608,128,128,2547,2549,"[(1, 23, 22, 0)]",True
s16__burst_256__baseline,s16,burst_256,baseline,serial,attention_sum/phase/6,2,0,4096,2419,2547,2547,2683,2687,3535,0,720,128,128,2547,2549,"[(2, 35, 32, 6, 21, 22, 0)]",True
s16__burst_256__baseline,s16,burst_256,baseline,serial,attention_sum/phase/10,3,0,4096,2419,2547,2547,2733,2737,3615,0,750,128,128,2547,2549,"[(3, 43, 40, 7, 33, 32, 6, 21, 22, 0)]",True
s16__burst_256__baseline,s16,burst_256,baseline,serial,attention_sum/phase/14,4,0,4096,2419,2547,2547,2783,2787,3679,0,764,128,128,2547,2549,"[(4, 51, 48, 8, 41, 40, 7, 33, 32, 6, 21, 22, 0)]",True
s16__burst_256__baseline,s16,burst_256,baseline,serial,attention_sum/phase/18,5,0,4096,2419,2547,2547,2617,2625,3375,0,622,128,128,2547,2549,"[(5, 20, 22, 0)]",True
s16__burst_256__baseline,s16,burst_256,baseline,serial,attention_sum/phase/22,6,0,4096,2419,2547,2547,2627,2631,3383,0,624,128,128,2547,2549,"[(6, 21, 22, 0)]",True
s16__burst_256__baseline,s16,burst_256,baseline,serial,attention_sum/phase/26,7,0,4096,2419,2547,2547,2674,2678,3519,0,713,128,128,2547,2549,"[(7, 33, 32, 6, 21, 22, 0)]",True
s16__burst_256__baseline,s16,burst_256,baseline,serial,attention_sum/phase/32,0,1,4096,4991,5959,5959,6027,6031,6159,840,0,128,128,5959,5961,"[(0, 22, 23, 1)]",True
s16__burst_256__baseline,s16,burst_256,baseline,serial,attention_sum/phase/35,0,2,4096,4991,5967,5967,6087,6103,6231,848,0,128,128,5967,5969,"[(0, 22, 21, 6, 32, 35, 2), (0, 28, 29, 1, 34, 35, 2)]",True
s16__burst_256__baseline,s16,burst_256,baseline,serial,attention_sum/phase/38,0,3,4096,4991,5975,5975,6161,6165,6293,856,0,128,128,5975,5977,"[(0, 28, 29, 1, 34, 33, 7, 40, 43, 3)]",True
s16__burst_256__baseline,s16,burst_256,baseline,serial,attention_sum/phase/41,0,4,4096,4991,5983,5983,6219,6223,6351,864,0,128,128,5983,5985,"[(0, 28, 29, 1, 34, 33, 7, 40, 41, 8, 48, 51, 4)]",True
s16__burst_256__baseline,s16,burst_256,baseline,serial,attention_sum/phase/44,0,5,4096,4991,5991,5991,6061,6065,6193,872,0,128,128,5991,5993,"[(0, 27, 25, 5)]",True
s16__burst_256__baseline,s16,burst_256,baseline,serial,attention_sum/phase/47,0,6,4096,4991,5999,5999,6076,6080,6208,880,0,128,128,5999,6001,"[(0, 22, 21, 6)]",True
s16__burst_256__baseline,s16,burst_256,baseline,serial,attention_sum/phase/50,0,7,4096,4991,6007,6007,6134,6138,6266,888,0,128,128,6007,6009,"[(0, 22, 23, 1, 34, 33, 7)]",True
s16__burst_256__baseline,s16,burst_256,baseline,serial,ffn_sum/phase/2,1,0,4096,8804,8932,8932,9000,9008,9744,0,608,128,128,8932,8934,"[(1, 23, 22, 0)]",True
s16__burst_256__baseline,s16,burst_256,baseline,serial,ffn_sum/phase/6,2,0,4096,8804,8932,8932,9068,9072,9920,0,720,128,128,8932,8934,"[(2, 35, 32, 6, 21, 22, 0)]",True
s16__burst_256__baseline,s16,burst_256,baseline,serial,ffn_sum/phase/10,3,0,4096,8804,8932,8932,9118,9122,10000,0,750,128,128,8932,8934,"[(3, 43, 40, 7, 33, 32, 6, 21, 22, 0)]",True
s16__burst_256__baseline,s16,burst_256,baseline,serial,ffn_sum/phase/14,4,0,4096,8804,8932,8932,9168,9172,10064,0,764,128,128,8932,8934,"[(4, 51, 48, 8, 41, 40, 7, 33, 32, 6, 21, 22, 0)]",True
s16__burst_256__baseline,s16,burst_256,baseline,serial,ffn_sum/phase/18,5,0,4096,8804,8932,8932,9002,9010,9760,0,622,128,128,8932,8934,"[(5, 20, 22, 0)]",True
s16__burst_256__baseline,s16,burst_256,baseline,serial,ffn_sum/phase/22,6,0,4096,8804,8932,8932,9012,9016,9768,0,624,128,128,8932,8934,"[(6, 21, 22, 0)]",True
s16__burst_256__baseline,s16,burst_256,baseline,serial,ffn_sum/phase/26,7,0,4096,8804,8932,8932,9059,9063,9904,0,713,128,128,8932,8934,"[(7, 33, 32, 6, 21, 22, 0)]",True
s16__burst_256__baseline,s16,burst_256,baseline,serial,ffn_sum/phase/32,0,1,4096,11376,12344,12344,12412,12416,12544,840,0,128,128,12344,12346,"[(0, 22, 23, 1)]",True
s16__burst_256__baseline,s16,burst_256,baseline,serial,ffn_sum/phase/35,0,2,4096,11376,12352,12352,12472,12488,12616,848,0,128,128,12352,12354,"[(0, 22, 21, 6, 32, 35, 2), (0, 28, 29, 1, 34, 35, 2)]",True
s16__burst_256__baseline,s16,burst_256,baseline,serial,ffn_sum/phase/38,0,3,4096,11376,12360,12360,12546,12550,12678,856,0,128,128,12360,12362,"[(0, 28, 29, 1, 34, 33, 7, 40, 43, 3)]",True
s16__burst_256__baseline,s16,burst_256,baseline,serial,ffn_sum/phase/41,0,4,4096,11376,12368,12368,12604,12608,12736,864,0,128,128,12368,12370,"[(0, 28, 29, 1, 34, 33, 7, 40, 41, 8, 48, 51, 4)]",True
s16__burst_256__baseline,s16,burst_256,baseline,serial,ffn_sum/phase/44,0,5,4096,11376,12376,12376,12446,12450,12578,872,0,128,128,12376,12378,"[(0, 27, 25, 5)]",True
s16__burst_256__baseline,s16,burst_256,baseline,serial,ffn_sum/phase/47,0,6,4096,11376,12384,12384,12461,12465,12593,880,0,128,128,12384,12386,"[(0, 22, 21, 6)]",True
s16__burst_256__baseline,s16,burst_256,baseline,serial,ffn_sum/phase/50,0,7,4096,11376,12392,12392,12519,12523,12651,888,0,128,128,12392,12394,"[(0, 22, 23, 1, 34, 33, 7)]",True
s16__burst_256__ours_rotated,s16,burst_256,ours_rotated,serial,attention_sum/phase/2,3,0,4096,2419,2547,2547,2710,2720,3607,0,759,128,128,2547,2549,"[(3, 30, 29, 1, 22, 20, 0), (3, 30, 29, 1, 42, 40, 0)]",True
s16__burst_256__ours_rotated,s16,burst_256,ours_rotated,serial,attention_sum/phase/6,1,0,4096,2419,2547,2547,2631,2639,3415,0,648,128,128,2547,2549,"[(1, 22, 20, 0)]",True
s16__burst_256__ours_rotated,s16,burst_256,ours_rotated,serial,attention_sum/phase/10,4,0,4096,2419,2547,2547,2718,2724,3615,0,763,128,128,2547,2549,"[(4, 34, 33, 2, 26, 25, 0)]",True
s16__burst_256__ours_rotated,s16,burst_256,ours_rotated,serial,attention_sum/phase/14,2,0,4096,2419,2547,2547,2643,2647,3463,0,688,128,128,2547,2549,"[(2, 26, 25, 0)]",True
s16__burst_256__ours_rotated,s16,burst_256,ours_rotated,serial,attention_sum/phase/18,5,0,4096,2419,2547,2547,2619,2623,3319,0,568,128,128,2547,2549,"[(5, 25, 0)]",True
s16__burst_256__ours_rotated,s16,burst_256,ours_rotated,serial,attention_sum/phase/22,8,0,4096,2419,2547,2547,2708,2716,3591,0,747,128,128,2547,2549,"[(8, 30, 29, 1, 22, 20, 0), (8, 30, 29, 1, 42, 40, 0)]",True
s16__burst_256__ours_rotated,s16,burst_256,ours_rotated,serial,attention_sum/phase/26,6,0,4096,2419,2547,2547,2633,2641,3455,0,686,128,128,2547,2549,"[(6, 27, 25, 0)]",True
s16__burst_256__ours_rotated,s16,burst_256,ours_rotated,serial,attention_sum/phase/32,0,3,4096,4991,5959,5959,6119,6123,6251,840,0,128,128,5959,5961,"[(0, 25, 26, 2, 28, 30, 3)]",True
s16__burst_256__ours_rotated,s16,burst_256,ours_rotated,serial,attention_sum/phase/35,0,1,4096,4991,5967,5967,6051,6055,6183,848,0,128,128,5967,5969,"[(0, 20, 22, 1)]",True
s16__burst_256__ours_rotated,s16,burst_256,ours_rotated,serial,attention_sum/phase/38,0,4,4096,4991,5975,5975,6143,6147,6275,856,0,128,128,5975,5977,"[(0, 25, 26, 2, 33, 34, 4)]",True
s16__burst_256__ours_rotated,s16,burst_256,ours_rotated,serial,attention_sum/phase/41,0,2,4096,4991,5983,5983,6075,6079,6207,864,0,128,128,5983,5985,"[(0, 25, 26, 2)]",True
s16__burst_256__ours_rotated,s16,burst_256,ours_rotated,serial,attention_sum/phase/44,0,5,4096,4991,5991,5991,6058,6062,6190,872,0,128,128,5991,5993,"[(0, 40, 5)]",True
s16__burst_256__ours_rotated,s16,burst_256,ours_rotated,serial,attention_sum/phase/47,0,8,4096,4991,5999,5999,6160,6164,6292,880,0,128,128,5999,6001,"[(0, 40, 42, 1, 29, 30, 8)]",True
s16__burst_256__ours_rotated,s16,burst_256,ours_rotated,serial,attention_sum/phase/50,0,6,4096,4991,6007,6007,6092,6096,6224,888,0,128,128,6007,6009,"[(0, 40, 42, 6)]",True
s16__burst_256__ours_rotated,s16,burst_256,ours_rotated,serial,ffn_sum/phase/2,3,0,4096,8745,8873,8873,9036,9046,9933,0,759,128,128,8873,8875,"[(3, 30, 29, 1, 22, 20, 0), (3, 30, 29, 1, 42, 40, 0)]",True
s16__burst_256__ours_rotated,s16,burst_256,ours_rotated,serial,ffn_sum/phase/6,1,0,4096,8745,8873,8873,8957,8965,9741,0,648,128,128,8873,8875,"[(1, 22, 20, 0)]",True
s16__burst_256__ours_rotated,s16,burst_256,ours_rotated,serial,ffn_sum/phase/10,4,0,4096,8745,8873,8873,9044,9050,9941,0,763,128,128,8873,8875,"[(4, 34, 33, 2, 26, 25, 0)]",True
s16__burst_256__ours_rotated,s16,burst_256,ours_rotated,serial,ffn_sum/phase/14,2,0,4096,8745,8873,8873,8969,8973,9789,0,688,128,128,8873,8875,"[(2, 26, 25, 0)]",True
s16__burst_256__ours_rotated,s16,burst_256,ours_rotated,serial,ffn_sum/phase/18,5,0,4096,8745,8873,8873,8945,8949,9645,0,568,128,128,8873,8875,"[(5, 25, 0)]",True
s16__burst_256__ours_rotated,s16,burst_256,ours_rotated,serial,ffn_sum/phase/22,8,0,4096,8745,8873,8873,9034,9042,9917,0,747,128,128,8873,8875,"[(8, 30, 29, 1, 22, 20, 0), (8, 30, 29, 1, 42, 40, 0)]",True
s16__burst_256__ours_rotated,s16,burst_256,ours_rotated,serial,ffn_sum/phase/26,6,0,4096,8745,8873,8873,8959,8967,9781,0,686,128,128,8873,8875,"[(6, 27, 25, 0)]",True
s16__burst_256__ours_rotated,s16,burst_256,ours_rotated,serial,ffn_sum/phase/32,0,3,4096,11317,12285,12285,12445,12449,12577,840,0,128,128,12285,12287,"[(0, 25, 26, 2, 28, 30, 3)]",True
s16__burst_256__ours_rotated,s16,burst_256,ours_rotated,serial,ffn_sum/phase/35,0,1,4096,11317,12293,12293,12377,12381,12509,848,0,128,128,12293,12295,"[(0, 20, 22, 1)]",True
s16__burst_256__ours_rotated,s16,burst_256,ours_rotated,serial,ffn_sum/phase/38,0,4,4096,11317,12301,12301,12469,12473,12601,856,0,128,128,12301,12303,"[(0, 25, 26, 2, 33, 34, 4)]",True
s16__burst_256__ours_rotated,s16,burst_256,ours_rotated,serial,ffn_sum/phase/41,0,2,4096,11317,12309,12309,12401,12405,12533,864,0,128,128,12309,12311,"[(0, 25, 26, 2)]",True
s16__burst_256__ours_rotated,s16,burst_256,ours_rotated,serial,ffn_sum/phase/44,0,5,4096,11317,12317,12317,12384,12388,12516,872,0,128,128,12317,12319,"[(0, 40, 5)]",True
s16__burst_256__ours_rotated,s16,burst_256,ours_rotated,serial,ffn_sum/phase/47,0,8,4096,11317,12325,12325,12486,12490,12618,880,0,128,128,12325,12327,"[(0, 40, 42, 1, 29, 30, 8)]",True
s16__burst_256__ours_rotated,s16,burst_256,ours_rotated,serial,ffn_sum/phase/50,0,6,4096,11317,12333,12333,12418,12422,12550,888,0,128,128,12333,12335,"[(0, 40, 42, 6)]",True
s16__burst_256__baseline,s16,burst_256,baseline,pipeline,attention_sum/phase/2,1,0,4096,2419,2482,2548,2550,2617,3326,0,1092,129,129,2482,2548,"[(1, 23, 22, 0)]",True
s16__burst_256__baseline,s16,burst_256,baseline,pipeline,attention_sum/phase/6,2,0,4096,2419,2482,2548,2621,2684,3440,0,1462,129,129,2482,2548,"[(2, 35, 32, 6, 21, 22, 0)]",True
s16__burst_256__baseline,s16,burst_256,baseline,pipeline,attention_sum/phase/10,3,0,4096,2419,2482,2548,2668,2734,3478,0,1482,129,129,2482,2548,"[(3, 43, 40, 7, 33, 32, 6, 21, 22, 0)]",True
s16__burst_256__baseline,s16,burst_256,baseline,pipeline,attention_sum/phase/14,4,0,4096,2419,2482,2548,2718,2784,3509,0,1459,129,129,2482,2548,"[(4, 51, 48, 8, 41, 40, 7, 33, 32, 6, 21, 22, 0)]",True
s16__burst_256__baseline,s16,burst_256,baseline,pipeline,attention_sum/phase/18,5,0,4096,2419,2482,2548,2552,2619,3341,0,1151,129,129,2482,2548,"[(5, 20, 22, 0)]",True
s16__burst_256__baseline,s16,burst_256,baseline,pipeline,attention_sum/phase/22,6,0,4096,2419,2482,2548,2559,2625,3387,0,1274,129,129,2482,2548,"[(6, 21, 22, 0)]",True
s16__burst_256__baseline,s16,burst_256,baseline,pipeline,attention_sum/phase/26,7,0,4096,2419,2482,2548,2609,2675,3433,0,1413,129,129,2482,2548,"[(7, 33, 32, 6, 21, 22, 0)]",True
s16__burst_256__baseline,s16,burst_256,baseline,pipeline,attention_sum/phase/32,0,1,4096,4925,5044,5182,5112,5250,5305,128,8,129,129,5044,5182,"[(0, 22, 23, 1), (0, 28, 29, 1)]",False
s16__burst_256__baseline,s16,burst_256,baseline,pipeline,attention_sum/phase/35,0,2,4096,4925,5309,5439,5445,5575,5638,127,8,129,129,5309,5439,"[(0, 22, 21, 6, 32, 35, 2)]",False
s16__burst_256__baseline,s16,burst_256,baseline,pipeline,attention_sum/phase/38,0,3,4096,4925,5511,5649,5697,5835,5890,80,8,129,129,5511,5649,"[(0, 22, 21, 6, 32, 33, 7, 40, 43, 3), (0, 28, 29, 1, 34, 33, 7, 40, 43, 3)]",False
s16__burst_256__baseline,s16,burst_256,baseline,pipeline,attention_sum/phase/41,0,4,4096,4925,5776,5914,6012,6150,6205,135,8,129,129,5776,5914,"[(0, 22, 21, 6, 32, 33, 7, 40, 41, 8, 48, 51, 4), (0, 28, 29, 1, 34, 33, 7, 40, 41, 8, 48, 51, 4)]",False
s16__burst_256__baseline,s16,burst_256,baseline,pipeline,attention_sum/phase/44,0,5,4096,4925,6033,6099,6103,6169,6232,55,8,129,129,6033,6099,"[(0, 22, 20, 5)]",False
s16__burst_256__baseline,s16,burst_256,baseline,pipeline,attention_sum/phase/47,0,6,4096,4925,6163,6229,6240,6306,6369,0,8,129,129,6163,6229,"[(0, 22, 21, 6)]",False
s16__burst_256__baseline,s16,burst_256,baseline,pipeline,attention_sum/phase/50,0,7,4096,4925,6293,6359,6420,6486,6549,0,8,129,129,6293,6359,"[(0, 22, 21, 6, 32, 33, 7)]",True
s16__burst_256__baseline,s16,burst_256,baseline,pipeline,ffn_sum/phase/2,1,0,4096,9002,9065,9131,9133,9200,9909,0,1092,129,129,9065,9131,"[(1, 23, 22, 0)]",True
s16__burst_256__baseline,s16,burst_256,baseline,pipeline,ffn_sum/phase/6,2,0,4096,9002,9065,9131,9204,9267,10023,0,1462,129,129,9065,9131,"[(2, 35, 32, 6, 21, 22, 0)]",True
s16__burst_256__baseline,s16,burst_256,baseline,pipeline,ffn_sum/phase/10,3,0,4096,9002,9065,9131,9251,9317,10061,0,1482,129,129,9065,9131,"[(3, 43, 40, 7, 33, 32, 6, 21, 22, 0)]",True
s16__burst_256__baseline,s16,burst_256,baseline,pipeline,ffn_sum/phase/14,4,0,4096,9002,9065,9131,9301,9367,10092,0,1459,129,129,9065,9131,"[(4, 51, 48, 8, 41, 40, 7, 33, 32, 6, 21, 22, 0)]",True
s16__burst_256__baseline,s16,burst_256,baseline,pipeline,ffn_sum/phase/18,5,0,4096,9002,9065,9131,9135,9202,9924,0,1151,129,129,9065,9131,"[(5, 20, 22, 0)]",True
s16__burst_256__baseline,s16,burst_256,baseline,pipeline,ffn_sum/phase/22,6,0,4096,9002,9065,9131,9142,9208,9970,0,1274,129,129,9065,9131,"[(6, 21, 22, 0)]",True
s16__burst_256__baseline,s16,burst_256,baseline,pipeline,ffn_sum/phase/26,7,0,4096,9002,9065,9131,9192,9258,10016,0,1413,129,129,9065,9131,"[(7, 33, 32, 6, 21, 22, 0)]",True
s16__burst_256__baseline,s16,burst_256,baseline,pipeline,ffn_sum/phase/32,0,1,4096,11508,11627,11765,11695,11833,11888,128,8,129,129,11627,11765,"[(0, 22, 23, 1), (0, 28, 29, 1)]",False
s16__burst_256__baseline,s16,burst_256,baseline,pipeline,ffn_sum/phase/35,0,2,4096,11508,11892,12022,12028,12158,12221,127,8,129,129,11892,12022,"[(0, 22, 21, 6, 32, 35, 2)]",False
s16__burst_256__baseline,s16,burst_256,baseline,pipeline,ffn_sum/phase/38,0,3,4096,11508,12094,12232,12280,12418,12473,80,8,129,129,12094,12232,"[(0, 22, 21, 6, 32, 33, 7, 40, 43, 3), (0, 28, 29, 1, 34, 33, 7, 40, 43, 3)]",False
s16__burst_256__baseline,s16,burst_256,baseline,pipeline,ffn_sum/phase/41,0,4,4096,11508,12343,12409,12579,12645,12708,47,8,129,129,12343,12409,"[(0, 22, 21, 6, 32, 33, 7, 40, 41, 8, 48, 51, 4)]",False
s16__burst_256__baseline,s16,burst_256,baseline,pipeline,ffn_sum/phase/44,0,5,4096,11508,12473,12539,12543,12609,12672,0,8,129,129,12473,12539,"[(0, 22, 20, 5)]",False
s16__burst_256__baseline,s16,burst_256,baseline,pipeline,ffn_sum/phase/47,0,6,4096,11508,12603,12669,12680,12746,12809,0,8,129,129,12603,12669,"[(0, 22, 21, 6)]",False
s16__burst_256__baseline,s16,burst_256,baseline,pipeline,ffn_sum/phase/50,0,7,4096,11508,12733,12799,12860,12926,12989,0,8,129,129,12733,12799,"[(0, 22, 21, 6, 32, 33, 7)]",True
s16__burst_256__ours_rotated,s16,burst_256,ours_rotated,pipeline,attention_sum/phase/2,3,0,4096,2419,2482,2548,2642,2709,3474,0,1531,129,129,2482,2548,"[(3, 30, 28, 2, 26, 25, 0), (3, 30, 29, 1, 22, 20, 0)]",True
s16__burst_256__ours_rotated,s16,burst_256,ours_rotated,pipeline,attention_sum/phase/6,1,0,4096,2419,2482,2548,2566,2633,3377,0,1281,129,129,2482,2548,"[(1, 22, 20, 0)]",True
s16__burst_256__ours_rotated,s16,burst_256,ours_rotated,pipeline,attention_sum/phase/10,4,0,4096,2419,2482,2548,2650,2716,3489,0,1548,129,129,2482,2548,"[(4, 34, 33, 2, 26, 25, 0)]",True
s16__burst_256__ours_rotated,s16,burst_256,ours_rotated,pipeline,attention_sum/phase/14,2,0,4096,2419,2482,2548,2574,2640,3407,0,1364,129,129,2482,2548,"[(2, 26, 25, 0)]",True
s16__burst_256__ours_rotated,s16,burst_256,ours_rotated,pipeline,attention_sum/phase/18,5,0,4096,2419,2482,2548,2554,2620,3370,0,1109,129,129,2482,2548,"[(5, 25, 0)]",True
s16__burst_256__ours_rotated,s16,burst_256,ours_rotated,pipeline,attention_sum/phase/22,8,0,4096,2419,2482,2548,2644,2707,3467,0,1522,129,129,2482,2548,"[(8, 30, 28, 2, 26, 25, 0), (8, 30, 29, 1, 42, 40, 0)]",True
s16__burst_256__ours_rotated,s16,burst_256,ours_rotated,pipeline,attention_sum/phase/26,6,0,4096,2419,2482,2548,2568,2635,3384,0,1324,129,129,2482,2548,"[(6, 27, 25, 0)]",True
s16__burst_256__ours_rotated,s16,burst_256,ours_rotated,pipeline,attention_sum/phase/32,0,3,4096,4929,5048,5186,5208,5346,5401,128,8,129,129,5048,5186,"[(0, 20, 22, 1, 29, 30, 3), (0, 25, 26, 2, 28, 30, 3)]",False
s16__burst_256__ours_rotated,s16,burst_256,ours_rotated,pipeline,attention_sum/phase/35,0,1,4096,4929,5313,5443,5397,5527,5590,127,8,129,129,5313,5443,"[(0, 20, 22, 1)]",False
s16__burst_256__ours_rotated,s16,burst_256,ours_rotated,pipeline,attention_sum/phase/38,0,4,4096,4929,5515,5653,5683,5821,5876,80,8,129,129,5515,5653,"[(0, 25, 26, 2, 33, 34, 4)]",False
s16__burst_256__ours_rotated,s16,burst_256,ours_rotated,pipeline,attention_sum/phase/41,0,2,4096,4929,5780,5918,5872,6010,6065,135,8,129,129,5780,5918,"[(0, 25, 26, 2)]",False
s16__burst_256__ours_rotated,s16,burst_256,ours_rotated,pipeline,attention_sum/phase/44,0,5,4096,4929,6037,6103,6109,6175,6238,55,8,129,129,6037,6103,"[(0, 25, 5)]",False
s16__burst_256__ours_rotated,s16,burst_256,ours_rotated,pipeline,attention_sum/phase/47,0,8,4096,4929,6167,6233,6325,6395,6458,0,8,129,129,6167,6233,"[(0, 25, 26, 2, 28, 30, 8), (0, 25, 27, 6, 29, 30, 8)]",False
s16__burst_256__ours_rotated,s16,burst_256,ours_rotated,pipeline,attention_sum/phase/50,0,6,4096,4929,6297,6363,6383,6449,6512,0,8,129,129,6297,6363,"[(0, 25, 27, 6)]",True
s16__burst_256__ours_rotated,s16,burst_256,ours_rotated,pipeline,ffn_sum/phase/2,3,0,4096,8965,9028,9094,9188,9255,10020,0,1531,129,129,9028,9094,"[(3, 30, 28, 2, 26, 25, 0), (3, 30, 29, 1, 22, 20, 0)]",True
s16__burst_256__ours_rotated,s16,burst_256,ours_rotated,pipeline,ffn_sum/phase/6,1,0,4096,8965,9028,9094,9112,9179,9923,0,1281,129,129,9028,9094,"[(1, 22, 20, 0)]",True
s16__burst_256__ours_rotated,s16,burst_256,ours_rotated,pipeline,ffn_sum/phase/10,4,0,4096,8965,9028,9094,9196,9262,10035,0,1548,129,129,9028,9094,"[(4, 34, 33, 2, 26, 25, 0)]",True
s16__burst_256__ours_rotated,s16,burst_256,ours_rotated,pipeline,ffn_sum/phase/14,2,0,4096,8965,9028,9094,9120,9186,9953,0,1364,129,129,9028,9094,"[(2, 26, 25, 0)]",True
s16__burst_256__ours_rotated,s16,burst_256,ours_rotated,pipeline,ffn_sum/phase/18,5,0,4096,8965,9028,9094,9100,9166,9916,0,1109,129,129,9028,9094,"[(5, 25, 0)]",True
s16__burst_256__ours_rotated,s16,burst_256,ours_rotated,pipeline,ffn_sum/phase/22,8,0,4096,8965,9028,9094,9190,9253,10013,0,1522,129,129,9028,9094,"[(8, 30, 28, 2, 26, 25, 0), (8, 30, 29, 1, 42, 40, 0)]",True
s16__burst_256__ours_rotated,s16,burst_256,ours_rotated,pipeline,ffn_sum/phase/26,6,0,4096,8965,9028,9094,9114,9181,9930,0,1324,129,129,9028,9094,"[(6, 27, 25, 0)]",True
s16__burst_256__ours_rotated,s16,burst_256,ours_rotated,pipeline,ffn_sum/phase/32,0,3,4096,11475,11594,11732,11754,11892,11947,128,8,129,129,11594,11732,"[(0, 20, 22, 1, 29, 30, 3), (0, 25, 26, 2, 28, 30, 3)]",False
s16__burst_256__ours_rotated,s16,burst_256,ours_rotated,pipeline,ffn_sum/phase/35,0,1,4096,11475,11859,11989,11943,12073,12136,127,8,129,129,11859,11989,"[(0, 20, 22, 1)]",False
s16__burst_256__ours_rotated,s16,burst_256,ours_rotated,pipeline,ffn_sum/phase/38,0,4,4096,11475,12061,12199,12229,12367,12422,80,8,129,129,12061,12199,"[(0, 25, 26, 2, 33, 34, 4)]",False
s16__burst_256__ours_rotated,s16,burst_256,ours_rotated,pipeline,ffn_sum/phase/41,0,2,4096,11475,12310,12376,12402,12468,12531,47,8,129,129,12310,12376,"[(0, 25, 26, 2)]",False
s16__burst_256__ours_rotated,s16,burst_256,ours_rotated,pipeline,ffn_sum/phase/44,0,5,4096,11475,12440,12506,12512,12578,12641,0,8,129,129,12440,12506,"[(0, 25, 5)]",False
s16__burst_256__ours_rotated,s16,burst_256,ours_rotated,pipeline,ffn_sum/phase/47,0,8,4096,11475,12570,12636,12728,12798,12861,0,8,129,129,12570,12636,"[(0, 25, 26, 2, 28, 30, 8), (0, 25, 27, 6, 29, 30, 8)]",False
s16__burst_256__ours_rotated,s16,burst_256,ours_rotated,pipeline,ffn_sum/phase/50,0,6,4096,11475,12700,12766,12786,12852,12915,0,8,129,129,12700,12766,"[(0, 25, 27, 6)]",True
s16__burst_256__baseline,s16,burst_256,baseline,bounded,attention_sum/phase/2,1,0,4096,2419,2482,2548,2550,2617,3061,0,668,129,129,2482,2548,"[(1, 23, 22, 0)]",True
s16__burst_256__baseline,s16,burst_256,baseline,bounded,attention_sum/phase/6,2,0,4096,2419,2482,2548,2681,3070,3552,0,950,129,129,2482,2548,"[(2, 35, 32, 6, 21, 22, 0)]",True
s16__burst_256__baseline,s16,burst_256,baseline,bounded,attention_sum/phase/10,3,0,4096,2419,2482,2548,2914,3143,3638,0,1010,129,129,2482,2548,"[(3, 43, 40, 7, 33, 32, 6, 21, 22, 0)]",True
s16__burst_256__baseline,s16,burst_256,baseline,bounded,attention_sum/phase/14,4,0,4096,2419,2482,2548,3077,3189,3717,0,1030,129,129,2482,2548,"[(4, 51, 48, 8, 41, 40, 7, 33, 32, 6, 21, 22, 0)]",True
s16__burst_256__baseline,s16,burst_256,baseline,bounded,attention_sum/phase/18,5,0,4096,2419,2482,2548,2552,2619,3076,0,727,129,129,2482,2548,"[(5, 20, 22, 0)]",True
s16__burst_256__baseline,s16,burst_256,baseline,bounded,attention_sum/phase/22,6,0,4096,2419,2482,2548,2559,2867,3173,0,783,129,129,2482,2548,"[(6, 21, 22, 0)]",True
s16__burst_256__baseline,s16,burst_256,baseline,bounded,attention_sum/phase/26,7,0,4096,2419,2482,2548,2609,2948,3465,0,899,129,129,2482,2548,"[(7, 33, 32, 6, 21, 22, 0)]",True
s16__burst_256__baseline,s16,burst_256,baseline,bounded,attention_sum/phase/32,0,1,4096,4925,5044,5182,5112,5250,5305,128,8,129,129,5044,5182,"[(0, 22, 23, 1), (0, 28, 29, 1)]",False
s16__burst_256__baseline,s16,burst_256,baseline,bounded,attention_sum/phase/35,0,2,4096,4925,5309,5439,5445,5575,5638,127,8,129,129,5309,5439,"[(0, 22, 21, 6, 32, 35, 2)]",False
s16__burst_256__baseline,s16,burst_256,baseline,bounded,attention_sum/phase/38,0,3,4096,4925,5511,5649,5697,5835,5890,80,8,129,129,5511,5649,"[(0, 22, 21, 6, 32, 33, 7, 40, 43, 3), (0, 28, 29, 1, 34, 33, 7, 40, 43, 3)]",False
s16__burst_256__baseline,s16,burst_256,baseline,bounded,attention_sum/phase/41,0,4,4096,4925,5776,5914,6012,6150,6205,135,8,129,129,5776,5914,"[(0, 22, 21, 6, 32, 33, 7, 40, 41, 8, 48, 51, 4), (0, 28, 29, 1, 34, 33, 7, 40, 41, 8, 48, 51, 4)]",False
s16__burst_256__baseline,s16,burst_256,baseline,bounded,attention_sum/phase/44,0,5,4096,4925,6033,6099,6103,6169,6232,55,8,129,129,6033,6099,"[(0, 22, 20, 5)]",False
s16__burst_256__baseline,s16,burst_256,baseline,bounded,attention_sum/phase/47,0,6,4096,4925,6163,6229,6240,6306,6369,0,8,129,129,6163,6229,"[(0, 22, 21, 6)]",False
s16__burst_256__baseline,s16,burst_256,baseline,bounded,attention_sum/phase/50,0,7,4096,4925,6293,6359,6420,6486,6549,0,8,129,129,6293,6359,"[(0, 22, 21, 6, 32, 33, 7)]",True
s16__burst_256__baseline,s16,burst_256,baseline,bounded,ffn_sum/phase/2,1,0,4096,9002,9065,9131,9133,9200,9644,0,668,129,129,9065,9131,"[(1, 23, 22, 0)]",True
s16__burst_256__baseline,s16,burst_256,baseline,bounded,ffn_sum/phase/6,2,0,4096,9002,9065,9131,9264,9653,10135,0,950,129,129,9065,9131,"[(2, 35, 32, 6, 21, 22, 0)]",True
s16__burst_256__baseline,s16,burst_256,baseline,bounded,ffn_sum/phase/10,3,0,4096,9002,9065,9131,9497,9726,10221,0,1010,129,129,9065,9131,"[(3, 43, 40, 7, 33, 32, 6, 21, 22, 0)]",True
s16__burst_256__baseline,s16,burst_256,baseline,bounded,ffn_sum/phase/14,4,0,4096,9002,9065,9131,9660,9772,10300,0,1030,129,129,9065,9131,"[(4, 51, 48, 8, 41, 40, 7, 33, 32, 6, 21, 22, 0)]",True
s16__burst_256__baseline,s16,burst_256,baseline,bounded,ffn_sum/phase/18,5,0,4096,9002,9065,9131,9135,9202,9659,0,727,129,129,9065,9131,"[(5, 20, 22, 0)]",True
s16__burst_256__baseline,s16,burst_256,baseline,bounded,ffn_sum/phase/22,6,0,4096,9002,9065,9131,9142,9450,9756,0,783,129,129,9065,9131,"[(6, 21, 22, 0)]",True
s16__burst_256__baseline,s16,burst_256,baseline,bounded,ffn_sum/phase/26,7,0,4096,9002,9065,9131,9192,9531,10048,0,899,129,129,9065,9131,"[(7, 33, 32, 6, 21, 22, 0)]",True
s16__burst_256__baseline,s16,burst_256,baseline,bounded,ffn_sum/phase/32,0,1,4096,11508,11627,11765,11695,11833,11888,128,8,129,129,11627,11765,"[(0, 22, 23, 1), (0, 28, 29, 1)]",False
s16__burst_256__baseline,s16,burst_256,baseline,bounded,ffn_sum/phase/35,0,2,4096,11508,11892,12022,12028,12158,12221,127,8,129,129,11892,12022,"[(0, 22, 21, 6, 32, 35, 2)]",False
s16__burst_256__baseline,s16,burst_256,baseline,bounded,ffn_sum/phase/38,0,3,4096,11508,12094,12232,12280,12418,12473,80,8,129,129,12094,12232,"[(0, 22, 21, 6, 32, 33, 7, 40, 43, 3), (0, 28, 29, 1, 34, 33, 7, 40, 43, 3)]",False
s16__burst_256__baseline,s16,burst_256,baseline,bounded,ffn_sum/phase/41,0,4,4096,11508,12343,12409,12579,12645,12708,47,8,129,129,12343,12409,"[(0, 22, 21, 6, 32, 33, 7, 40, 41, 8, 48, 51, 4)]",False
s16__burst_256__baseline,s16,burst_256,baseline,bounded,ffn_sum/phase/44,0,5,4096,11508,12473,12539,12543,12609,12672,0,8,129,129,12473,12539,"[(0, 22, 20, 5)]",False
s16__burst_256__baseline,s16,burst_256,baseline,bounded,ffn_sum/phase/47,0,6,4096,11508,12603,12669,12680,12746,12809,0,8,129,129,12603,12669,"[(0, 22, 21, 6)]",False
s16__burst_256__baseline,s16,burst_256,baseline,bounded,ffn_sum/phase/50,0,7,4096,11508,12733,12799,12860,12926,12989,0,8,129,129,12733,12799,"[(0, 22, 21, 6, 32, 33, 7)]",True
s16__burst_256__ours_rotated,s16,burst_256,ours_rotated,bounded,attention_sum/phase/2,3,0,4096,2419,2482,2548,2858,3119,3626,0,1034,129,129,2482,2548,"[(3, 30, 28, 2, 26, 25, 0), (3, 30, 29, 1, 22, 20, 0)]",True
s16__burst_256__ours_rotated,s16,burst_256,ours_rotated,bounded,attention_sum/phase/6,1,0,4096,2419,2482,2548,2566,2677,3080,0,752,129,129,2482,2548,"[(1, 22, 20, 0)]",True
s16__burst_256__ours_rotated,s16,burst_256,ours_rotated,bounded,attention_sum/phase/10,4,0,4096,2419,2482,2548,3015,3205,3713,0,1030,129,129,2482,2548,"[(4, 34, 33, 2, 26, 25, 0)]",True
s16__burst_256__ours_rotated,s16,burst_256,ours_rotated,bounded,attention_sum/phase/14,2,0,4096,2419,2482,2548,2574,2976,3517,0,902,129,129,2482,2548,"[(2, 26, 25, 0)]",True
s16__burst_256__ours_rotated,s16,burst_256,ours_rotated,bounded,attention_sum/phase/18,5,0,4096,2419,2482,2548,2554,2620,3057,0,640,129,129,2482,2548,"[(5, 25, 0)]",True
s16__burst_256__ours_rotated,s16,burst_256,ours_rotated,bounded,attention_sum/phase/22,8,0,4096,2419,2482,2548,2811,3096,3595,0,1030,129,129,2482,2548,"[(8, 30, 28, 2, 26, 25, 0), (8, 30, 29, 1, 42, 40, 0)]",True
s16__burst_256__ours_rotated,s16,burst_256,ours_rotated,bounded,attention_sum/phase/26,6,0,4096,2419,2482,2548,2568,2744,3103,0,786,129,129,2482,2548,"[(6, 27, 25, 0)]",True
s16__burst_256__ours_rotated,s16,burst_256,ours_rotated,bounded,attention_sum/phase/32,0,3,4096,4929,5048,5186,5208,5346,5401,128,8,129,129,5048,5186,"[(0, 20, 22, 1, 29, 30, 3), (0, 25, 26, 2, 28, 30, 3)]",False
s16__burst_256__ours_rotated,s16,burst_256,ours_rotated,bounded,attention_sum/phase/35,0,1,4096,4929,5313,5443,5397,5527,5590,127,8,129,129,5313,5443,"[(0, 20, 22, 1)]",False
s16__burst_256__ours_rotated,s16,burst_256,ours_rotated,bounded,attention_sum/phase/38,0,4,4096,4929,5515,5653,5683,5821,5876,80,8,129,129,5515,5653,"[(0, 25, 26, 2, 33, 34, 4)]",False
s16__burst_256__ours_rotated,s16,burst_256,ours_rotated,bounded,attention_sum/phase/41,0,2,4096,4929,5780,5918,5872,6010,6065,135,8,129,129,5780,5918,"[(0, 25, 26, 2)]",False
s16__burst_256__ours_rotated,s16,burst_256,ours_rotated,bounded,attention_sum/phase/44,0,5,4096,4929,6037,6103,6109,6175,6238,55,8,129,129,6037,6103,"[(0, 25, 5)]",False
s16__burst_256__ours_rotated,s16,burst_256,ours_rotated,bounded,attention_sum/phase/47,0,8,4096,4929,6167,6233,6325,6395,6458,0,8,129,129,6167,6233,"[(0, 25, 26, 2, 28, 30, 8), (0, 25, 27, 6, 29, 30, 8)]",False
s16__burst_256__ours_rotated,s16,burst_256,ours_rotated,bounded,attention_sum/phase/50,0,6,4096,4929,6297,6363,6383,6449,6512,0,8,129,129,6297,6363,"[(0, 25, 27, 6)]",True
s16__burst_256__ours_rotated,s16,burst_256,ours_rotated,bounded,ffn_sum/phase/2,3,0,4096,8965,9028,9094,9404,9665,10172,0,1034,129,129,9028,9094,"[(3, 30, 28, 2, 26, 25, 0), (3, 30, 29, 1, 22, 20, 0)]",True
s16__burst_256__ours_rotated,s16,burst_256,ours_rotated,bounded,ffn_sum/phase/6,1,0,4096,8965,9028,9094,9112,9223,9626,0,752,129,129,9028,9094,"[(1, 22, 20, 0)]",True
s16__burst_256__ours_rotated,s16,burst_256,ours_rotated,bounded,ffn_sum/phase/10,4,0,4096,8965,9028,9094,9561,9751,10259,0,1030,129,129,9028,9094,"[(4, 34, 33, 2, 26, 25, 0)]",True
s16__burst_256__ours_rotated,s16,burst_256,ours_rotated,bounded,ffn_sum/phase/14,2,0,4096,8965,9028,9094,9120,9522,10063,0,902,129,129,9028,9094,"[(2, 26, 25, 0)]",True
s16__burst_256__ours_rotated,s16,burst_256,ours_rotated,bounded,ffn_sum/phase/18,5,0,4096,8965,9028,9094,9100,9166,9603,0,640,129,129,9028,9094,"[(5, 25, 0)]",True
s16__burst_256__ours_rotated,s16,burst_256,ours_rotated,bounded,ffn_sum/phase/22,8,0,4096,8965,9028,9094,9357,9642,10141,0,1030,129,129,9028,9094,"[(8, 30, 28, 2, 26, 25, 0), (8, 30, 29, 1, 42, 40, 0)]",True
s16__burst_256__ours_rotated,s16,burst_256,ours_rotated,bounded,ffn_sum/phase/26,6,0,4096,8965,9028,9094,9114,9290,9649,0,786,129,129,9028,9094,"[(6, 27, 25, 0)]",True
s16__burst_256__ours_rotated,s16,burst_256,ours_rotated,bounded,ffn_sum/phase/32,0,3,4096,11475,11594,11732,11754,11892,11947,128,8,129,129,11594,11732,"[(0, 20, 22, 1, 29, 30, 3), (0, 25, 26, 2, 28, 30, 3)]",False
s16__burst_256__ours_rotated,s16,burst_256,ours_rotated,bounded,ffn_sum/phase/35,0,1,4096,11475,11859,11989,11943,12073,12136,127,8,129,129,11859,11989,"[(0, 20, 22, 1)]",False
s16__burst_256__ours_rotated,s16,burst_256,ours_rotated,bounded,ffn_sum/phase/38,0,4,4096,11475,12061,12199,12229,12367,12422,80,8,129,129,12061,12199,"[(0, 25, 26, 2, 33, 34, 4)]",False
s16__burst_256__ours_rotated,s16,burst_256,ours_rotated,bounded,ffn_sum/phase/41,0,2,4096,11475,12310,12376,12402,12468,12531,47,8,129,129,12310,12376,"[(0, 25, 26, 2)]",False
s16__burst_256__ours_rotated,s16,burst_256,ours_rotated,bounded,ffn_sum/phase/44,0,5,4096,11475,12440,12506,12512,12578,12641,0,8,129,129,12440,12506,"[(0, 25, 5)]",False
s16__burst_256__ours_rotated,s16,burst_256,ours_rotated,bounded,ffn_sum/phase/47,0,8,4096,11475,12570,12636,12728,12798,12861,0,8,129,129,12570,12636,"[(0, 25, 26, 2, 28, 30, 8), (0, 25, 27, 6, 29, 30, 8)]",False
s16__burst_256__ours_rotated,s16,burst_256,ours_rotated,bounded,ffn_sum/phase/50,0,6,4096,11475,12700,12766,12786,12852,12915,0,8,129,129,12700,12766,"[(0, 25, 27, 6)]",True
s64__burst_256__baseline,s64,burst_256,baseline,serial,attention_sum/phase/2,1,0,16384,13516,14028,14028,14096,14140,17588,0,2936,512,512,14028,14036,"[(1, 23, 22, 0)]",True
s64__burst_256__baseline,s64,burst_256,baseline,serial,attention_sum/phase/6,2,0,16384,13516,14028,14028,14165,14189,17732,0,3031,512,512,14028,14036,"[(2, 35, 32, 6, 21, 22, 0)]",True
s64__burst_256__baseline,s64,burst_256,baseline,serial,attention_sum/phase/10,3,0,16384,13516,14028,14028,14214,14230,17796,0,3054,512,512,14028,14036,"[(3, 43, 40, 7, 33, 32, 6, 21, 22, 0), (3, 43, 40, 7, 33, 34, 1, 23, 22, 0)]",True
s64__burst_256__baseline,s64,burst_256,baseline,serial,attention_sum/phase/14,4,0,16384,13516,14028,14028,14264,14280,17860,0,3068,512,512,14028,14036,"[(4, 51, 48, 8, 41, 40, 7, 33, 32, 6, 21, 22, 0)]",True
s64__burst_256__baseline,s64,burst_256,baseline,serial,attention_sum/phase/18,5,0,16384,13516,14028,14028,14098,14142,17604,0,2950,512,512,14028,14036,"[(5, 20, 22, 0)]",True
s64__burst_256__baseline,s64,burst_256,baseline,serial,attention_sum/phase/22,6,0,16384,13516,14028,14028,14108,14148,17612,0,2952,512,512,14028,14036,"[(6, 21, 22, 0)]",True
s64__burst_256__baseline,s64,burst_256,baseline,serial,attention_sum/phase/26,7,0,16384,13516,14028,14028,14155,14179,17708,0,3017,512,512,14028,14036,"[(7, 33, 32, 6, 21, 22, 0)]",True
s64__burst_256__baseline,s64,burst_256,baseline,serial,attention_sum/phase/32,0,1,16384,23612,27652,27652,27720,27736,28248,3528,0,512,512,27652,27660,"[(0, 22, 23, 1)]",True
s64__burst_256__baseline,s64,burst_256,baseline,serial,attention_sum/phase/35,0,2,16384,23612,27660,27660,27788,27804,28316,3536,0,512,512,27661,27669,"[(0, 28, 29, 1, 34, 35, 2)]",True
s64__burst_256__baseline,s64,burst_256,baseline,serial,attention_sum/phase/38,0,3,16384,23612,27668,27668,27858,27874,28386,3544,0,512,512,27670,27678,"[(0, 28, 29, 1, 34, 33, 7, 40, 43, 3), (0, 28, 29, 1, 36, 37, 2, 42, 43, 3)]",True
s64__burst_256__baseline,s64,burst_256,baseline,serial,attention_sum/phase/41,0,4,16384,23612,27676,27676,27928,27944,28456,3552,0,512,512,27679,27687,"[(0, 28, 29, 1, 36, 37, 2, 42, 41, 8, 48, 51, 4), (0, 28, 29, 1, 36, 37, 2, 44, 45, 3, 50, 51, 4)]",True
s64__burst_256__baseline,s64,burst_256,baseline,serial,attention_sum/phase/44,0,5,16384,23612,27684,27684,27794,27810,28322,3560,0,512,512,27688,27696,"[(0, 27, 25, 5)]",True
s64__burst_256__baseline,s64,burst_256,baseline,serial,attention_sum/phase/47,0,6,16384,23612,27692,27692,27819,27835,28347,3568,0,512,512,27697,27709,"[(0, 22, 21, 6)]",True
s64__burst_256__baseline,s64,burst_256,baseline,serial,attention_sum/phase/50,0,7,16384,23612,27700,27700,27887,27903,28415,3576,0,512,512,27711,27727,"[(0, 22, 21, 6, 32, 33, 7), (0, 22, 23, 1, 34, 33, 7)]",True
s64__burst_256__baseline,s64,burst_256,baseline,serial,ffn_sum/phase/2,1,0,16384,37452,37964,37964,38032,38076,41524,0,2936,512,512,37964,37972,"[(1, 23, 22, 0)]",True
s64__burst_256__baseline,s64,burst_256,baseline,serial,ffn_sum/phase/6,2,0,16384,37452,37964,37964,38101,38125,41668,0,3031,512,512,37964,37972,"[(2, 35, 32, 6, 21, 22, 0)]",True
s64__burst_256__baseline,s64,burst_256,baseline,serial,ffn_sum/phase/10,3,0,16384,37452,37964,37964,38150,38166,41732,0,3054,512,512,37964,37972,"[(3, 43, 40, 7, 33, 32, 6, 21, 22, 0), (3, 43, 40, 7, 33, 34, 1, 23, 22, 0)]",True
s64__burst_256__baseline,s64,burst_256,baseline,serial,ffn_sum/phase/14,4,0,16384,37452,37964,37964,38200,38216,41796,0,3068,512,512,37964,37972,"[(4, 51, 48, 8, 41, 40, 7, 33, 32, 6, 21, 22, 0)]",True
s64__burst_256__baseline,s64,burst_256,baseline,serial,ffn_sum/phase/18,5,0,16384,37452,37964,37964,38034,38078,41540,0,2950,512,512,37964,37972,"[(5, 20, 22, 0)]",True
s64__burst_256__baseline,s64,burst_256,baseline,serial,ffn_sum/phase/22,6,0,16384,37452,37964,37964,38044,38084,41548,0,2952,512,512,37964,37972,"[(6, 21, 22, 0)]",True
s64__burst_256__baseline,s64,burst_256,baseline,serial,ffn_sum/phase/26,7,0,16384,37452,37964,37964,38091,38115,41644,0,3017,512,512,37964,37972,"[(7, 33, 32, 6, 21, 22, 0)]",True
s64__burst_256__baseline,s64,burst_256,baseline,serial,ffn_sum/phase/32,0,1,16384,47548,51588,51588,51656,51672,52184,3528,0,512,512,51588,51596,"[(0, 22, 23, 1)]",True
s64__burst_256__baseline,s64,burst_256,baseline,serial,ffn_sum/phase/35,0,2,16384,47548,51596,51596,51724,51740,52252,3536,0,512,512,51597,51605,"[(0, 28, 29, 1, 34, 35, 2)]",True
s64__burst_256__baseline,s64,burst_256,baseline,serial,ffn_sum/phase/38,0,3,16384,47548,51604,51604,51794,51810,52322,3544,0,512,512,51606,51614,"[(0, 28, 29, 1, 34, 33, 7, 40, 43, 3), (0, 28, 29, 1, 36, 37, 2, 42, 43, 3)]",True
s64__burst_256__baseline,s64,burst_256,baseline,serial,ffn_sum/phase/41,0,4,16384,47548,51612,51612,51864,51880,52392,3552,0,512,512,51615,51623,"[(0, 28, 29, 1, 36, 37, 2, 42, 41, 8, 48, 51, 4), (0, 28, 29, 1, 36, 37, 2, 44, 45, 3, 50, 51, 4)]",True
s64__burst_256__baseline,s64,burst_256,baseline,serial,ffn_sum/phase/44,0,5,16384,47548,51620,51620,51730,51746,52258,3560,0,512,512,51624,51632,"[(0, 27, 25, 5)]",True
s64__burst_256__baseline,s64,burst_256,baseline,serial,ffn_sum/phase/47,0,6,16384,47548,51628,51628,51755,51771,52283,3568,0,512,512,51633,51645,"[(0, 22, 21, 6)]",True
s64__burst_256__baseline,s64,burst_256,baseline,serial,ffn_sum/phase/50,0,7,16384,47548,51636,51636,51823,51839,52351,3576,0,512,512,51647,51663,"[(0, 22, 21, 6, 32, 33, 7), (0, 22, 23, 1, 34, 33, 7)]",True
s64__burst_256__ours_rotated,s64,burst_256,ours_rotated,serial,attention_sum/phase/2,3,0,16384,13516,14028,14028,14191,14241,17818,0,3065,512,512,14028,14036,"[(3, 30, 29, 1, 22, 20, 0), (3, 30, 29, 1, 42, 40, 0), (3, 30, 29, 6, 27, 25, 0)]",True
s64__burst_256__ours_rotated,s64,burst_256,ours_rotated,serial,attention_sum/phase/6,1,0,16384,13516,14028,14028,14112,14144,17578,0,2922,512,512,14028,14036,"[(1, 22, 20, 0)]",True
s64__burst_256__ours_rotated,s64,burst_256,ours_rotated,serial,attention_sum/phase/10,4,0,16384,13516,14028,14028,14197,14229,17794,0,3053,512,512,14028,14036,"[(4, 34, 33, 2, 26, 25, 0)]",True
s64__burst_256__ours_rotated,s64,burst_256,ours_rotated,serial,attention_sum/phase/14,2,0,16384,13516,14028,14028,14134,14170,17674,0,2992,512,512,14028,14036,"[(2, 26, 25, 0)]",True
s64__burst_256__ours_rotated,s64,burst_256,ours_rotated,serial,attention_sum/phase/18,5,0,16384,13516,14028,14028,14100,14130,17490,0,2848,512,512,14028,14036,"[(5, 25, 0)]",True
s64__burst_256__ours_rotated,s64,burst_256,ours_rotated,serial,attention_sum/phase/22,8,0,16384,13516,14028,14028,14189,14239,17810,0,3059,512,512,14028,14036,"[(8, 30, 29, 1, 22, 20, 0), (8, 30, 29, 1, 42, 40, 0), (8, 30, 29, 6, 27, 25, 0)]",True
s64__burst_256__ours_rotated,s64,burst_256,ours_rotated,serial,attention_sum/phase/26,6,0,16384,13516,14028,14028,14118,14166,17666,0,2988,512,512,14028,14036,"[(6, 27, 25, 0)]",True
s64__burst_256__ours_rotated,s64,burst_256,ours_rotated,serial,attention_sum/phase/32,0,3,16384,23602,27642,27642,27802,27818,28330,3528,0,512,512,27642,27650,"[(0, 25, 26, 2, 28, 30, 3)]",True
s64__burst_256__ours_rotated,s64,burst_256,ours_rotated,serial,attention_sum/phase/35,0,1,16384,23602,27650,27650,27744,27760,28272,3536,0,512,512,27651,27659,"[(0, 20, 22, 1)]",True
s64__burst_256__ours_rotated,s64,burst_256,ours_rotated,serial,attention_sum/phase/38,0,4,16384,23602,27658,27658,27846,27862,28374,3544,0,512,512,27660,27668,"[(0, 25, 26, 2, 33, 34, 4)]",True
s64__burst_256__ours_rotated,s64,burst_256,ours_rotated,serial,attention_sum/phase/41,0,2,16384,23602,27666,27666,27788,27804,28316,3552,0,512,512,27669,27677,"[(0, 25, 26, 2)]",True
s64__burst_256__ours_rotated,s64,burst_256,ours_rotated,serial,attention_sum/phase/44,0,5,16384,23602,27674,27674,27781,27797,28309,3560,0,512,512,27678,27686,"[(0, 40, 5)]",True
s64__burst_256__ours_rotated,s64,burst_256,ours_rotated,serial,attention_sum/phase/47,0,8,16384,23602,27682,27682,27893,27909,28421,3568,0,512,512,27687,27699,"[(0, 40, 42, 1, 29, 30, 8)]",True
s64__burst_256__ours_rotated,s64,burst_256,ours_rotated,serial,attention_sum/phase/50,0,6,16384,23602,27690,27690,27835,27851,28363,3576,0,512,512,27701,27717,"[(0, 40, 42, 6)]",True
s64__burst_256__ours_rotated,s64,burst_256,ours_rotated,serial,ffn_sum/phase/2,3,0,16384,37417,37929,37929,38092,38142,41719,0,3065,512,512,37929,37937,"[(3, 30, 29, 1, 22, 20, 0), (3, 30, 29, 1, 42, 40, 0), (3, 30, 29, 6, 27, 25, 0)]",True
s64__burst_256__ours_rotated,s64,burst_256,ours_rotated,serial,ffn_sum/phase/6,1,0,16384,37417,37929,37929,38013,38045,41479,0,2922,512,512,37929,37937,"[(1, 22, 20, 0)]",True
s64__burst_256__ours_rotated,s64,burst_256,ours_rotated,serial,ffn_sum/phase/10,4,0,16384,37417,37929,37929,38098,38130,41695,0,3053,512,512,37929,37937,"[(4, 34, 33, 2, 26, 25, 0)]",True
s64__burst_256__ours_rotated,s64,burst_256,ours_rotated,serial,ffn_sum/phase/14,2,0,16384,37417,37929,37929,38035,38071,41575,0,2992,512,512,37929,37937,"[(2, 26, 25, 0)]",True
s64__burst_256__ours_rotated,s64,burst_256,ours_rotated,serial,ffn_sum/phase/18,5,0,16384,37417,37929,37929,38001,38031,41391,0,2848,512,512,37929,37937,"[(5, 25, 0)]",True
s64__burst_256__ours_rotated,s64,burst_256,ours_rotated,serial,ffn_sum/phase/22,8,0,16384,37417,37929,37929,38090,38140,41711,0,3059,512,512,37929,37937,"[(8, 30, 29, 1, 22, 20, 0), (8, 30, 29, 1, 42, 40, 0), (8, 30, 29, 6, 27, 25, 0)]",True
s64__burst_256__ours_rotated,s64,burst_256,ours_rotated,serial,ffn_sum/phase/26,6,0,16384,37417,37929,37929,38019,38067,41567,0,2988,512,512,37929,37937,"[(6, 27, 25, 0)]",True
s64__burst_256__ours_rotated,s64,burst_256,ours_rotated,serial,ffn_sum/phase/32,0,3,16384,47503,51543,51543,51703,51719,52231,3528,0,512,512,51543,51551,"[(0, 25, 26, 2, 28, 30, 3)]",True
s64__burst_256__ours_rotated,s64,burst_256,ours_rotated,serial,ffn_sum/phase/35,0,1,16384,47503,51551,51551,51645,51661,52173,3536,0,512,512,51552,51560,"[(0, 20, 22, 1)]",True
s64__burst_256__ours_rotated,s64,burst_256,ours_rotated,serial,ffn_sum/phase/38,0,4,16384,47503,51559,51559,51747,51763,52275,3544,0,512,512,51561,51569,"[(0, 25, 26, 2, 33, 34, 4)]",True
s64__burst_256__ours_rotated,s64,burst_256,ours_rotated,serial,ffn_sum/phase/41,0,2,16384,47503,51567,51567,51689,51705,52217,3552,0,512,512,51570,51578,"[(0, 25, 26, 2)]",True
s64__burst_256__ours_rotated,s64,burst_256,ours_rotated,serial,ffn_sum/phase/44,0,5,16384,47503,51575,51575,51682,51698,52210,3560,0,512,512,51579,51587,"[(0, 40, 5)]",True
s64__burst_256__ours_rotated,s64,burst_256,ours_rotated,serial,ffn_sum/phase/47,0,8,16384,47503,51583,51583,51794,51810,52322,3568,0,512,512,51588,51600,"[(0, 40, 42, 1, 29, 30, 8)]",True
s64__burst_256__ours_rotated,s64,burst_256,ours_rotated,serial,ffn_sum/phase/50,0,6,16384,47503,51591,51591,51736,51752,52264,3576,0,512,512,51602,51618,"[(0, 40, 42, 6)]",True
s64__burst_256__baseline,s64,burst_256,baseline,pipeline,attention_sum/phase/2,1,0,16384,13516,13579,14032,13647,14100,17298,0,23035,516,516,13579,14032,"[(1, 23, 22, 0), (1, 29, 28, 0)]",True
s64__burst_256__baseline,s64,burst_256,baseline,pipeline,attention_sum/phase/6,2,0,16384,13516,13579,14032,13715,14156,17347,0,25042,516,516,13579,14032,"[(2, 35, 32, 6, 21, 22, 0), (2, 37, 36, 1, 23, 22, 0)]",True
s64__burst_256__baseline,s64,burst_256,baseline,pipeline,attention_sum/phase/10,3,0,16384,13516,13579,14032,13765,14218,17369,0,25423,516,516,13579,14032,"[(3, 43, 40, 7, 33, 32, 6, 21, 22, 0), (3, 45, 44, 2, 35, 32, 6, 21, 22, 0)]",True
s64__burst_256__baseline,s64,burst_256,baseline,pipeline,attention_sum/phase/14,4,0,16384,13516,13579,14032,13815,14268,17376,0,25729,516,516,13579,14032,"[(4, 51, 48, 8, 41, 40, 7, 33, 32, 6, 21, 22, 0), (4, 53, 52, 3, 43, 40, 7, 33, 32, 6, 21, 22, 0)]",True
s64__burst_256__baseline,s64,burst_256,baseline,pipeline,attention_sum/phase/18,5,0,16384,13516,13579,14032,13649,14102,17305,0,23137,516,516,13579,14032,"[(5, 20, 22, 0), (5, 25, 27, 0)]",True
s64__burst_256__baseline,s64,burst_256,baseline,pipeline,attention_sum/phase/22,6,0,16384,13516,13579,14032,13656,14109,17319,0,23875,516,516,13579,14032,"[(6, 21, 22, 0)]",True
s64__burst_256__baseline,s64,burst_256,baseline,pipeline,attention_sum/phase/26,7,0,16384,13516,13579,14032,13706,14159,17340,0,24698,516,516,13579,14032,"[(7, 33, 32, 6, 21, 22, 0), (7, 71, 70, 6, 21, 22, 0)]",True
s64__burst_256__baseline,s64,burst_256,baseline,pipeline,attention_sum/phase/32,0,1,16384,23528,23647,24564,23715,24632,24679,520,24,516,516,23647,24564,"[(0, 22, 23, 1), (0, 28, 29, 1)]",False
s64__burst_256__baseline,s64,burst_256,baseline,pipeline,attention_sum/phase/35,0,2,16384,23528,24691,25584,24827,25708,25777,503,14,516,516,24691,25584,"[(0, 22, 21, 6, 32, 35, 2), (0, 28, 29, 1, 34, 35, 2)]",False
s64__burst_256__baseline,s64,burst_256,baseline,pipeline,attention_sum/phase/38,0,3,16384,23528,25648,26397,25834,26583,26630,296,24,516,516,25648,26397,"[(0, 22, 21, 6, 32, 33, 7, 40, 43, 3), (0, 28, 29, 1, 34, 33, 7, 40, 43, 3)]",False
s64__burst_256__baseline,s64,burst_256,baseline,pipeline,attention_sum/phase/41,0,4,16384,23528,26524,27441,26760,27677,27724,527,24,516,516,26524,27441,"[(0, 22, 21, 6, 32, 33, 7, 40, 41, 8, 48, 51, 4), (0, 28, 29, 1, 34, 33, 7, 40, 43, 3, 50, 51, 4)]",False
s64__burst_256__baseline,s64,burst_256,baseline,pipeline,attention_sum/phase/44,0,5,16384,23528,27568,28173,27638,28243,28306,215,24,516,516,27568,28173,"[(0, 22, 20, 5), (0, 27, 25, 5)]",False
s64__burst_256__baseline,s64,burst_256,baseline,pipeline,attention_sum/phase/47,0,6,16384,23528,28237,28690,28314,28767,28830,0,24,516,516,28237,28690,"[(0, 22, 21, 6)]",False
s64__burst_256__baseline,s64,burst_256,baseline,pipeline,attention_sum/phase/50,0,7,16384,23528,28754,29207,28881,29334,29397,0,24,516,516,28754,29207,"[(0, 22, 21, 6, 32, 33, 7), (0, 28, 29, 1, 34, 33, 7)]",True
s64__burst_256__baseline,s64,burst_256,baseline,pipeline,ffn_sum/phase/2,1,0,16384,38393,38456,38909,38524,38977,42175,0,23035,516,516,38456,38909,"[(1, 23, 22, 0), (1, 29, 28, 0)]",True
s64__burst_256__baseline,s64,burst_256,baseline,pipeline,ffn_sum/phase/6,2,0,16384,38393,38456,38909,38592,39033,42224,0,25042,516,516,38456,38909,"[(2, 35, 32, 6, 21, 22, 0), (2, 37, 36, 1, 23, 22, 0)]",True
s64__burst_256__baseline,s64,burst_256,baseline,pipeline,ffn_sum/phase/10,3,0,16384,38393,38456,38909,38642,39095,42246,0,25423,516,516,38456,38909,"[(3, 43, 40, 7, 33, 32, 6, 21, 22, 0), (3, 45, 44, 2, 35, 32, 6, 21, 22, 0)]",True
s64__burst_256__baseline,s64,burst_256,baseline,pipeline,ffn_sum/phase/14,4,0,16384,38393,38456,38909,38692,39145,42253,0,25729,516,516,38456,38909,"[(4, 51, 48, 8, 41, 40, 7, 33, 32, 6, 21, 22, 0), (4, 53, 52, 3, 43, 40, 7, 33, 32, 6, 21, 22, 0)]",True
s64__burst_256__baseline,s64,burst_256,baseline,pipeline,ffn_sum/phase/18,5,0,16384,38393,38456,38909,38526,38979,42182,0,23137,516,516,38456,38909,"[(5, 20, 22, 0), (5, 25, 27, 0)]",True
s64__burst_256__baseline,s64,burst_256,baseline,pipeline,ffn_sum/phase/22,6,0,16384,38393,38456,38909,38533,38986,42196,0,23875,516,516,38456,38909,"[(6, 21, 22, 0)]",True
s64__burst_256__baseline,s64,burst_256,baseline,pipeline,ffn_sum/phase/26,7,0,16384,38393,38456,38909,38583,39036,42217,0,24698,516,516,38456,38909,"[(7, 33, 32, 6, 21, 22, 0), (7, 71, 70, 6, 21, 22, 0)]",True
s64__burst_256__baseline,s64,burst_256,baseline,pipeline,ffn_sum/phase/32,0,1,16384,48405,48524,49441,48592,49509,49556,520,24,516,516,48524,49441,"[(0, 22, 23, 1), (0, 28, 29, 1)]",False
s64__burst_256__baseline,s64,burst_256,baseline,pipeline,ffn_sum/phase/35,0,2,16384,48405,49568,50461,49704,50585,50654,503,14,516,516,49568,50461,"[(0, 22, 21, 6, 32, 35, 2), (0, 28, 29, 1, 34, 35, 2)]",False
s64__burst_256__baseline,s64,burst_256,baseline,pipeline,ffn_sum/phase/38,0,3,16384,48405,50525,51274,50711,51460,51507,296,24,516,516,50525,51274,"[(0, 22, 21, 6, 32, 33, 7, 40, 43, 3), (0, 28, 29, 1, 34, 33, 7, 40, 43, 3)]",False
s64__burst_256__baseline,s64,burst_256,baseline,pipeline,ffn_sum/phase/41,0,4,16384,48405,51401,52006,51637,52242,52305,215,24,516,516,51401,52006,"[(0, 22, 21, 6, 32, 33, 7, 40, 41, 8, 48, 51, 4), (0, 28, 29, 1, 34, 33, 7, 40, 41, 8, 48, 51, 4)]",False
s64__burst_256__baseline,s64,burst_256,baseline,pipeline,ffn_sum/phase/44,0,5,16384,48405,52070,52523,52140,52593,52656,0,24,516,516,52070,52523,"[(0, 22, 20, 5), (0, 27, 25, 5)]",False
s64__burst_256__baseline,s64,burst_256,baseline,pipeline,ffn_sum/phase/47,0,6,16384,48405,52587,53040,52664,53117,53180,0,24,516,516,52587,53040,"[(0, 22, 21, 6)]",False
s64__burst_256__baseline,s64,burst_256,baseline,pipeline,ffn_sum/phase/50,0,7,16384,48405,53104,53557,53231,53684,53747,0,24,516,516,53104,53557,"[(0, 22, 21, 6, 32, 33, 7), (0, 28, 29, 1, 34, 33, 7)]",True
s64__burst_256__ours_rotated,s64,burst_256,ours_rotated,pipeline,attention_sum/phase/2,3,0,16384,13516,13579,14032,13739,14199,17361,0,25659,516,516,13579,14032,"[(3, 30, 28, 2, 26, 25, 0), (3, 30, 29, 1, 22, 20, 0), (3, 32, 33, 2, 26, 25, 0)]",True
s64__burst_256__ours_rotated,s64,burst_256,ours_rotated,pipeline,attention_sum/phase/6,1,0,16384,13516,13579,14032,13663,14124,17312,0,23780,516,516,13579,14032,"[(1, 22, 20, 0), (1, 24, 25, 0)]",True
s64__burst_256__ours_rotated,s64,burst_256,ours_rotated,pipeline,attention_sum/phase/10,4,0,16384,13516,13579,14032,13747,14201,17368,0,25715,516,516,13579,14032,"[(4, 34, 33, 2, 26, 25, 0), (4, 54, 53, 2, 26, 25, 0)]",True
s64__burst_256__ours_rotated,s64,burst_256,ours_rotated,pipeline,attention_sum/phase/14,2,0,16384,13516,13579,14032,13671,14126,17326,0,24363,516,516,13579,14032,"[(2, 26, 25, 0)]",True
s64__burst_256__ours_rotated,s64,burst_256,ours_rotated,pipeline,attention_sum/phase/18,5,0,16384,13516,13579,14032,13651,14099,17305,0,23041,516,516,13579,14032,"[(5, 25, 0), (5, 40, 0)]",True
s64__burst_256__ours_rotated,s64,burst_256,ours_rotated,pipeline,attention_sum/phase/22,8,0,16384,13516,13579,14032,13741,14193,17354,0,25625,516,516,13579,14032,"[(8, 30, 28, 2, 26, 25, 0), (8, 30, 29, 1, 22, 20, 0), (8, 30, 29, 1, 42, 40, 0), (8, 50, 48, 2, 26, 25, 0)]",True
s64__burst_256__ours_rotated,s64,burst_256,ours_rotated,pipeline,attention_sum/phase/26,6,0,16384,13516,13579,14032,13665,14117,17319,0,23874,516,516,13579,14032,"[(6, 27, 25, 0), (6, 42, 40, 0)]",True
s64__burst_256__ours_rotated,s64,burst_256,ours_rotated,pipeline,attention_sum/phase/32,0,3,16384,23528,23647,24564,23807,24724,24771,520,24,516,516,23647,24564,"[(0, 20, 22, 1, 29, 30, 3), (0, 25, 26, 2, 28, 30, 3)]",False
s64__burst_256__ours_rotated,s64,burst_256,ours_rotated,pipeline,attention_sum/phase/35,0,1,16384,23528,24691,25584,24775,25675,25731,503,25,516,516,24691,25584,"[(0, 20, 22, 1), (0, 25, 24, 1)]",False
s64__burst_256__ours_rotated,s64,burst_256,ours_rotated,pipeline,attention_sum/phase/38,0,4,16384,23528,25648,26397,25816,26565,26612,296,24,516,516,25648,26397,"[(0, 25, 26, 2, 33, 34, 4), (0, 25, 26, 2, 53, 54, 4)]",False
s64__burst_256__ours_rotated,s64,burst_256,ours_rotated,pipeline,attention_sum/phase/41,0,2,16384,23528,26524,27441,26616,27533,27580,527,24,516,516,26524,27441,"[(0, 25, 26, 2)]",False
s64__burst_256__ours_rotated,s64,burst_256,ours_rotated,pipeline,attention_sum/phase/44,0,5,16384,23528,27568,28173,27640,28240,28308,215,21,516,516,27568,28173,"[(0, 25, 5), (0, 40, 5)]",False
s64__burst_256__ours_rotated,s64,burst_256,ours_rotated,pipeline,attention_sum/phase/47,0,8,16384,23528,28237,28690,28395,28848,28915,0,32,516,516,28237,28690,"[(0, 20, 22, 1, 29, 30, 8), (0, 25, 26, 2, 28, 30, 8), (0, 25, 27, 6, 29, 30, 8)]",False
s64__burst_256__ours_rotated,s64,burst_256,ours_rotated,pipeline,attention_sum/phase/50,0,6,16384,23528,28754,29207,28840,29292,29356,0,25,516,516,28754,29207,"[(0, 25, 27, 6), (0, 40, 42, 6)]",True
s64__burst_256__ours_rotated,s64,burst_256,ours_rotated,pipeline,ffn_sum/phase/2,3,0,16384,38352,38415,38868,38575,39035,42197,0,25659,516,516,38415,38868,"[(3, 30, 28, 2, 26, 25, 0), (3, 30, 29, 1, 22, 20, 0), (3, 32, 33, 2, 26, 25, 0)]",True
s64__burst_256__ours_rotated,s64,burst_256,ours_rotated,pipeline,ffn_sum/phase/6,1,0,16384,38352,38415,38868,38499,38960,42148,0,23780,516,516,38415,38868,"[(1, 22, 20, 0), (1, 24, 25, 0)]",True
s64__burst_256__ours_rotated,s64,burst_256,ours_rotated,pipeline,ffn_sum/phase/10,4,0,16384,38352,38415,38868,38583,39037,42204,0,25715,516,516,38415,38868,"[(4, 34, 33, 2, 26, 25, 0), (4, 54, 53, 2, 26, 25, 0)]",True
s64__burst_256__ours_rotated,s64,burst_256,ours_rotated,pipeline,ffn_sum/phase/14,2,0,16384,38352,38415,38868,38507,38962,42162,0,24363,516,516,38415,38868,"[(2, 26, 25, 0)]",True
s64__burst_256__ours_rotated,s64,burst_256,ours_rotated,pipeline,ffn_sum/phase/18,5,0,16384,38352,38415,38868,38487,38935,42141,0,23041,516,516,38415,38868,"[(5, 25, 0), (5, 40, 0)]",True
s64__burst_256__ours_rotated,s64,burst_256,ours_rotated,pipeline,ffn_sum/phase/22,8,0,16384,38352,38415,38868,38577,39029,42190,0,25625,516,516,38415,38868,"[(8, 30, 28, 2, 26, 25, 0), (8, 30, 29, 1, 22, 20, 0), (8, 30, 29, 1, 42, 40, 0), (8, 50, 48, 2, 26, 25, 0)]",True
s64__burst_256__ours_rotated,s64,burst_256,ours_rotated,pipeline,ffn_sum/phase/26,6,0,16384,38352,38415,38868,38501,38953,42155,0,23874,516,516,38415,38868,"[(6, 27, 25, 0), (6, 42, 40, 0)]",True
s64__burst_256__ours_rotated,s64,burst_256,ours_rotated,pipeline,ffn_sum/phase/32,0,3,16384,48364,48483,49400,48643,49560,49607,520,24,516,516,48483,49400,"[(0, 20, 22, 1, 29, 30, 3), (0, 25, 26, 2, 28, 30, 3)]",False
s64__burst_256__ours_rotated,s64,burst_256,ours_rotated,pipeline,ffn_sum/phase/35,0,1,16384,48364,49527,50420,49611,50511,50567,503,25,516,516,49527,50420,"[(0, 20, 22, 1), (0, 25, 24, 1)]",False
s64__burst_256__ours_rotated,s64,burst_256,ours_rotated,pipeline,ffn_sum/phase/38,0,4,16384,48364,50484,51233,50652,51401,51448,296,24,516,516,50484,51233,"[(0, 25, 26, 2, 33, 34, 4), (0, 25, 26, 2, 53, 54, 4)]",False
s64__burst_256__ours_rotated,s64,burst_256,ours_rotated,pipeline,ffn_sum/phase/41,0,2,16384,48364,51360,51965,51452,52057,52120,215,24,516,516,51360,51965,"[(0, 25, 26, 2)]",False
s64__burst_256__ours_rotated,s64,burst_256,ours_rotated,pipeline,ffn_sum/phase/44,0,5,16384,48364,52029,52482,52101,52549,52617,0,21,516,516,52029,52482,"[(0, 25, 5), (0, 40, 5)]",False
s64__burst_256__ours_rotated,s64,burst_256,ours_rotated,pipeline,ffn_sum/phase/47,0,8,16384,48364,52546,52999,52704,53157,53224,0,32,516,516,52546,52999,"[(0, 20, 22, 1, 29, 30, 8), (0, 25, 26, 2, 28, 30, 8), (0, 25, 27, 6, 29, 30, 8)]",False
s64__burst_256__ours_rotated,s64,burst_256,ours_rotated,pipeline,ffn_sum/phase/50,0,6,16384,48364,53063,53516,53149,53601,53665,0,25,516,516,53063,53516,"[(0, 25, 27, 6), (0, 40, 42, 6)]",True
s64__burst_256__baseline,s64,burst_256,baseline,bounded,attention_sum/phase/2,1,0,16384,13516,13579,14032,13647,16394,16934,0,3880,516,516,13579,14032,"[(1, 23, 22, 0), (1, 29, 28, 0)]",True
s64__burst_256__baseline,s64,burst_256,baseline,bounded,attention_sum/phase/6,2,0,16384,13516,13579,14032,13715,17103,17731,0,4100,516,516,13579,14032,"[(2, 35, 32, 6, 21, 22, 0), (2, 37, 36, 1, 23, 22, 0)]",True
s64__burst_256__baseline,s64,burst_256,baseline,bounded,attention_sum/phase/10,3,0,16384,13516,13579,14032,14099,17280,17865,0,4151,516,516,13579,14032,"[(3, 43, 40, 7, 33, 32, 6, 21, 22, 0), (3, 45, 44, 2, 35, 32, 6, 21, 22, 0)]",True
s64__burst_256__baseline,s64,burst_256,baseline,bounded,attention_sum/phase/14,4,0,16384,13516,13579,14032,14288,17483,17992,0,4176,516,516,13579,14032,"[(4, 51, 48, 8, 41, 40, 7, 33, 32, 6, 21, 22, 0), (4, 53, 52, 3, 43, 40, 7, 33, 32, 6, 21, 22, 0)]",True
s64__burst_256__baseline,s64,burst_256,baseline,bounded,attention_sum/phase/18,5,0,16384,13516,13579,14032,13649,16521,17061,0,3844,516,516,13579,14032,"[(5, 20, 22, 0), (5, 25, 27, 0)]",True
s64__burst_256__baseline,s64,burst_256,baseline,bounded,attention_sum/phase/22,6,0,16384,13516,13579,14032,13656,16950,17467,0,3949,516,516,13579,14032,"[(6, 21, 22, 0)]",True
s64__burst_256__baseline,s64,burst_256,baseline,bounded,attention_sum/phase/26,7,0,16384,13516,13579,14032,13706,17126,17724,0,4066,516,516,13579,14032,"[(7, 33, 32, 6, 21, 22, 0), (7, 71, 70, 6, 21, 22, 0)]",True
s64__burst_256__baseline,s64,burst_256,baseline,bounded,attention_sum/phase/32,0,1,16384,23528,23647,24564,23715,24632,24679,520,24,516,516,23647,24564,"[(0, 22, 23, 1), (0, 28, 29, 1)]",False
s64__burst_256__baseline,s64,burst_256,baseline,bounded,attention_sum/phase/35,0,2,16384,23528,24691,25584,24827,25708,25777,503,14,516,516,24691,25584,"[(0, 22, 21, 6, 32, 35, 2), (0, 28, 29, 1, 34, 35, 2)]",False
s64__burst_256__baseline,s64,burst_256,baseline,bounded,attention_sum/phase/38,0,3,16384,23528,25648,26397,25834,26583,26630,296,24,516,516,25648,26397,"[(0, 22, 21, 6, 32, 33, 7, 40, 43, 3), (0, 28, 29, 1, 34, 33, 7, 40, 43, 3)]",False
s64__burst_256__baseline,s64,burst_256,baseline,bounded,attention_sum/phase/41,0,4,16384,23528,26524,27441,26760,27677,27724,527,24,516,516,26524,27441,"[(0, 22, 21, 6, 32, 33, 7, 40, 41, 8, 48, 51, 4), (0, 28, 29, 1, 34, 33, 7, 40, 43, 3, 50, 51, 4)]",False
s64__burst_256__baseline,s64,burst_256,baseline,bounded,attention_sum/phase/44,0,5,16384,23528,27568,28173,27638,28243,28306,215,24,516,516,27568,28173,"[(0, 22, 20, 5), (0, 27, 25, 5)]",False
s64__burst_256__baseline,s64,burst_256,baseline,bounded,attention_sum/phase/47,0,6,16384,23528,28237,28690,28314,28767,28830,0,24,516,516,28237,28690,"[(0, 22, 21, 6)]",False
s64__burst_256__baseline,s64,burst_256,baseline,bounded,attention_sum/phase/50,0,7,16384,23528,28754,29207,28881,29334,29397,0,24,516,516,28754,29207,"[(0, 22, 21, 6, 32, 33, 7), (0, 28, 29, 1, 34, 33, 7)]",True
s64__burst_256__baseline,s64,burst_256,baseline,bounded,ffn_sum/phase/2,1,0,16384,38393,38456,38909,38524,41271,41811,0,3880,516,516,38456,38909,"[(1, 23, 22, 0), (1, 29, 28, 0)]",True
s64__burst_256__baseline,s64,burst_256,baseline,bounded,ffn_sum/phase/6,2,0,16384,38393,38456,38909,38592,41980,42608,0,4100,516,516,38456,38909,"[(2, 35, 32, 6, 21, 22, 0), (2, 37, 36, 1, 23, 22, 0)]",True
s64__burst_256__baseline,s64,burst_256,baseline,bounded,ffn_sum/phase/10,3,0,16384,38393,38456,38909,38976,42157,42742,0,4151,516,516,38456,38909,"[(3, 43, 40, 7, 33, 32, 6, 21, 22, 0), (3, 45, 44, 2, 35, 32, 6, 21, 22, 0)]",True
s64__burst_256__baseline,s64,burst_256,baseline,bounded,ffn_sum/phase/14,4,0,16384,38393,38456,38909,39165,42360,42869,0,4176,516,516,38456,38909,"[(4, 51, 48, 8, 41, 40, 7, 33, 32, 6, 21, 22, 0), (4, 53, 52, 3, 43, 40, 7, 33, 32, 6, 21, 22, 0)]",True
s64__burst_256__baseline,s64,burst_256,baseline,bounded,ffn_sum/phase/18,5,0,16384,38393,38456,38909,38526,41398,41938,0,3844,516,516,38456,38909,"[(5, 20, 22, 0), (5, 25, 27, 0)]",True
s64__burst_256__baseline,s64,burst_256,baseline,bounded,ffn_sum/phase/22,6,0,16384,38393,38456,38909,38533,41827,42344,0,3949,516,516,38456,38909,"[(6, 21, 22, 0)]",True
s64__burst_256__baseline,s64,burst_256,baseline,bounded,ffn_sum/phase/26,7,0,16384,38393,38456,38909,38583,42003,42601,0,4066,516,516,38456,38909,"[(7, 33, 32, 6, 21, 22, 0), (7, 71, 70, 6, 21, 22, 0)]",True
s64__burst_256__baseline,s64,burst_256,baseline,bounded,ffn_sum/phase/32,0,1,16384,48405,48524,49441,48592,49509,49556,520,24,516,516,48524,49441,"[(0, 22, 23, 1), (0, 28, 29, 1)]",False
s64__burst_256__baseline,s64,burst_256,baseline,bounded,ffn_sum/phase/35,0,2,16384,48405,49568,50461,49704,50585,50654,503,14,516,516,49568,50461,"[(0, 22, 21, 6, 32, 35, 2), (0, 28, 29, 1, 34, 35, 2)]",False
s64__burst_256__baseline,s64,burst_256,baseline,bounded,ffn_sum/phase/38,0,3,16384,48405,50525,51274,50711,51460,51507,296,24,516,516,50525,51274,"[(0, 22, 21, 6, 32, 33, 7, 40, 43, 3), (0, 28, 29, 1, 34, 33, 7, 40, 43, 3)]",False
s64__burst_256__baseline,s64,burst_256,baseline,bounded,ffn_sum/phase/41,0,4,16384,48405,51401,52006,51637,52242,52305,215,24,516,516,51401,52006,"[(0, 22, 21, 6, 32, 33, 7, 40, 41, 8, 48, 51, 4), (0, 28, 29, 1, 34, 33, 7, 40, 41, 8, 48, 51, 4)]",False
s64__burst_256__baseline,s64,burst_256,baseline,bounded,ffn_sum/phase/44,0,5,16384,48405,52070,52523,52140,52593,52656,0,24,516,516,52070,52523,"[(0, 22, 20, 5), (0, 27, 25, 5)]",False
s64__burst_256__baseline,s64,burst_256,baseline,bounded,ffn_sum/phase/47,0,6,16384,48405,52587,53040,52664,53117,53180,0,24,516,516,52587,53040,"[(0, 22, 21, 6)]",False
s64__burst_256__baseline,s64,burst_256,baseline,bounded,ffn_sum/phase/50,0,7,16384,48405,53104,53557,53231,53684,53747,0,24,516,516,53104,53557,"[(0, 22, 21, 6, 32, 33, 7), (0, 28, 29, 1, 34, 33, 7)]",True
s64__burst_256__ours_rotated,s64,burst_256,ours_rotated,bounded,attention_sum/phase/2,3,0,16384,13516,13579,14032,14067,17482,17777,0,3958,516,516,13579,14032,"[(3, 30, 28, 2, 26, 25, 0), (3, 30, 29, 1, 22, 20, 0), (3, 32, 33, 2, 26, 25, 0)]",True
s64__burst_256__ours_rotated,s64,burst_256,ours_rotated,bounded,attention_sum/phase/6,1,0,16384,13516,13579,14032,13663,17087,17201,0,3905,516,516,13579,14032,"[(1, 22, 20, 0), (1, 24, 25, 0)]",True
s64__burst_256__ours_rotated,s64,burst_256,ours_rotated,bounded,attention_sum/phase/10,4,0,16384,13516,13579,14032,14138,17513,17872,0,3929,516,516,13579,14032,"[(4, 34, 33, 2, 26, 25, 0), (4, 54, 53, 2, 26, 25, 0)]",True
s64__burst_256__ours_rotated,s64,burst_256,ours_rotated,bounded,attention_sum/phase/14,2,0,16384,13516,13579,14032,13671,17102,17512,0,3922,516,516,13579,14032,"[(2, 26, 25, 0)]",True
s64__burst_256__ours_rotated,s64,burst_256,ours_rotated,bounded,attention_sum/phase/18,5,0,16384,13516,13579,14032,13651,16962,17466,0,3795,516,516,13579,14032,"[(5, 25, 0), (5, 40, 0)]",True
s64__burst_256__ours_rotated,s64,burst_256,ours_rotated,bounded,attention_sum/phase/22,8,0,16384,13516,13579,14032,14169,17395,17754,0,3943,516,516,13579,14032,"[(8, 30, 28, 2, 26, 25, 0), (8, 30, 29, 1, 22, 20, 0), (8, 30, 29, 1, 42, 40, 0), (8, 50, 48, 2, 26, 25, 0)]",True
s64__burst_256__ours_rotated,s64,burst_256,ours_rotated,bounded,attention_sum/phase/26,6,0,16384,13516,13579,14032,13665,16985,17497,0,3910,516,516,13579,14032,"[(6, 27, 25, 0), (6, 42, 40, 0)]",True
s64__burst_256__ours_rotated,s64,burst_256,ours_rotated,bounded,attention_sum/phase/32,0,3,16384,23528,23647,24564,23807,24724,24771,520,24,516,516,23647,24564,"[(0, 20, 22, 1, 29, 30, 3), (0, 25, 26, 2, 28, 30, 3)]",False
s64__burst_256__ours_rotated,s64,burst_256,ours_rotated,bounded,attention_sum/phase/35,0,1,16384,23528,24691,25584,24775,25675,25731,503,25,516,516,24691,25584,"[(0, 20, 22, 1), (0, 25, 24, 1)]",False
s64__burst_256__ours_rotated,s64,burst_256,ours_rotated,bounded,attention_sum/phase/38,0,4,16384,23528,25648,26397,25816,26565,26612,296,24,516,516,25648,26397,"[(0, 25, 26, 2, 33, 34, 4), (0, 25, 26, 2, 53, 54, 4)]",False
s64__burst_256__ours_rotated,s64,burst_256,ours_rotated,bounded,attention_sum/phase/41,0,2,16384,23528,26524,27441,26616,27533,27580,527,24,516,516,26524,27441,"[(0, 25, 26, 2)]",False
s64__burst_256__ours_rotated,s64,burst_256,ours_rotated,bounded,attention_sum/phase/44,0,5,16384,23528,27568,28173,27640,28240,28308,215,21,516,516,27568,28173,"[(0, 25, 5), (0, 40, 5)]",False
s64__burst_256__ours_rotated,s64,burst_256,ours_rotated,bounded,attention_sum/phase/47,0,8,16384,23528,28237,28690,28395,28848,28915,0,32,516,516,28237,28690,"[(0, 20, 22, 1, 29, 30, 8), (0, 25, 26, 2, 28, 30, 8), (0, 25, 27, 6, 29, 30, 8)]",False
s64__burst_256__ours_rotated,s64,burst_256,ours_rotated,bounded,attention_sum/phase/50,0,6,16384,23528,28754,29207,28840,29292,29356,0,25,516,516,28754,29207,"[(0, 25, 27, 6), (0, 40, 42, 6)]",True
s64__burst_256__ours_rotated,s64,burst_256,ours_rotated,bounded,ffn_sum/phase/2,3,0,16384,38352,38415,38868,38903,42318,42613,0,3958,516,516,38415,38868,"[(3, 30, 28, 2, 26, 25, 0), (3, 30, 29, 1, 22, 20, 0), (3, 32, 33, 2, 26, 25, 0)]",True
s64__burst_256__ours_rotated,s64,burst_256,ours_rotated,bounded,ffn_sum/phase/6,1,0,16384,38352,38415,38868,38499,41923,42037,0,3905,516,516,38415,38868,"[(1, 22, 20, 0), (1, 24, 25, 0)]",True
s64__burst_256__ours_rotated,s64,burst_256,ours_rotated,bounded,ffn_sum/phase/10,4,0,16384,38352,38415,38868,38974,42349,42708,0,3929,516,516,38415,38868,"[(4, 34, 33, 2, 26, 25, 0), (4, 54, 53, 2, 26, 25, 0)]",True
s64__burst_256__ours_rotated,s64,burst_256,ours_rotated,bounded,ffn_sum/phase/14,2,0,16384,38352,38415,38868,38507,41938,42348,0,3922,516,516,38415,38868,"[(2, 26, 25, 0)]",True
s64__burst_256__ours_rotated,s64,burst_256,ours_rotated,bounded,ffn_sum/phase/18,5,0,16384,38352,38415,38868,38487,41798,42302,0,3795,516,516,38415,38868,"[(5, 25, 0), (5, 40, 0)]",True
s64__burst_256__ours_rotated,s64,burst_256,ours_rotated,bounded,ffn_sum/phase/22,8,0,16384,38352,38415,38868,39005,42231,42590,0,3943,516,516,38415,38868,"[(8, 30, 28, 2, 26, 25, 0), (8, 30, 29, 1, 22, 20, 0), (8, 30, 29, 1, 42, 40, 0), (8, 50, 48, 2, 26, 25, 0)]",True
s64__burst_256__ours_rotated,s64,burst_256,ours_rotated,bounded,ffn_sum/phase/26,6,0,16384,38352,38415,38868,38501,41821,42333,0,3910,516,516,38415,38868,"[(6, 27, 25, 0), (6, 42, 40, 0)]",True
s64__burst_256__ours_rotated,s64,burst_256,ours_rotated,bounded,ffn_sum/phase/32,0,3,16384,48364,48483,49400,48643,49560,49607,520,24,516,516,48483,49400,"[(0, 20, 22, 1, 29, 30, 3), (0, 25, 26, 2, 28, 30, 3)]",False
s64__burst_256__ours_rotated,s64,burst_256,ours_rotated,bounded,ffn_sum/phase/35,0,1,16384,48364,49527,50420,49611,50511,50567,503,25,516,516,49527,50420,"[(0, 20, 22, 1), (0, 25, 24, 1)]",False
s64__burst_256__ours_rotated,s64,burst_256,ours_rotated,bounded,ffn_sum/phase/38,0,4,16384,48364,50484,51233,50652,51401,51448,296,24,516,516,50484,51233,"[(0, 25, 26, 2, 33, 34, 4), (0, 25, 26, 2, 53, 54, 4)]",False
s64__burst_256__ours_rotated,s64,burst_256,ours_rotated,bounded,ffn_sum/phase/41,0,2,16384,48364,51360,51965,51452,52057,52120,215,24,516,516,51360,51965,"[(0, 25, 26, 2)]",False
s64__burst_256__ours_rotated,s64,burst_256,ours_rotated,bounded,ffn_sum/phase/44,0,5,16384,48364,52029,52482,52101,52549,52617,0,21,516,516,52029,52482,"[(0, 25, 5), (0, 40, 5)]",False
s64__burst_256__ours_rotated,s64,burst_256,ours_rotated,bounded,ffn_sum/phase/47,0,8,16384,48364,52546,52999,52704,53157,53224,0,32,516,516,52546,52999,"[(0, 20, 22, 1, 29, 30, 8), (0, 25, 26, 2, 28, 30, 8), (0, 25, 27, 6, 29, 30, 8)]",False
s64__burst_256__ours_rotated,s64,burst_256,ours_rotated,bounded,ffn_sum/phase/50,0,6,16384,48364,53063,53516,53149,53601,53665,0,25,516,516,53063,53516,"[(0, 25, 27, 6), (0, 40, 42, 6)]",True
