side,workers,layout,model,token,source_memory,destination_memory,bytes,ready,finish,duration,on_critical_chain,injection_wait,injection_span,mean_physical_links
4,16,local,U0,first0/phase/0,sram-0,host-memory,16,0,32,32,True,,,
4,16,local,U0,first1/phase/0,sram-1,dram-1-0,16,0,12,12,False,,,
4,16,local,U0,first2/phase/0,sram-2,dram-2-0,16,0,12,12,False,,,
4,16,local,U0,first3/phase/0,sram-3,dram-3-0,16,0,12,12,False,,,
4,16,local,U0,first4/phase/0,sram-4,dram-4-0,16,0,12,12,False,,,
4,16,local,U0,first5/phase/0,sram-5,dram-5-0,16,0,12,12,False,,,
4,16,local,U0,first6/phase/0,sram-6,dram-6-0,16,0,12,12,False,,,
4,16,local,U0,first7/phase/0,sram-7,dram-7-0,16,0,12,12,False,,,
4,16,local,U0,first8/phase/0,sram-8,dram-8-0,16,0,12,12,False,,,
4,16,local,U0,first9/phase/0,sram-9,dram-9-0,16,0,12,12,False,,,
4,16,local,U0,first10/phase/0,sram-10,dram-10-0,16,0,12,12,False,,,
4,16,local,U0,first11/phase/0,sram-11,dram-11-0,16,0,12,12,False,,,
4,16,local,U0,first12/phase/0,sram-12,dram-12-0,16,0,12,12,False,,,
4,16,local,U0,first13/phase/0,sram-13,dram-13-0,16,0,12,12,False,,,
4,16,local,U0,first14/phase/0,sram-14,dram-14-0,16,0,12,12,False,,,
4,16,local,U0,first15/phase/0,sram-15,dram-15-0,16,0,12,12,False,,,
4,16,local,U0,first1/phase/4,dram-1-0,sram-1,65536,171,1206,1035,False,,,
4,16,local,U0,first2/phase/4,dram-2-0,sram-2,65536,235,1270,1035,False,,,
4,16,local,U0,first3/phase/4,dram-3-0,sram-3,65536,299,1334,1035,False,,,
4,16,local,U0,first4/phase/4,dram-4-0,sram-4,65536,363,1398,1035,False,,,
4,16,local,U0,first5/phase/4,dram-5-0,sram-5,65536,427,1462,1035,False,,,
4,16,local,U0,first6/phase/4,dram-6-0,sram-6,65536,491,1526,1035,False,,,
4,16,local,U0,first7/phase/4,dram-7-0,sram-7,65536,555,1590,1035,False,,,
4,16,local,U0,first8/phase/4,dram-8-0,sram-8,65536,619,1654,1035,False,,,
4,16,local,U0,first9/phase/4,dram-9-0,sram-9,65536,683,1718,1035,False,,,
4,16,local,U0,first10/phase/4,dram-10-0,sram-10,65536,747,1782,1035,False,,,
4,16,local,U0,first11/phase/4,dram-11-0,sram-11,65536,811,1846,1035,False,,,
4,16,local,U0,first12/phase/4,dram-12-0,sram-12,65536,875,1910,1035,False,,,
4,16,local,U0,first0/phase/4,host-memory,sram-0,16384,888,1430,542,True,,,
4,16,local,U0,first13/phase/4,dram-13-0,sram-13,65536,939,1974,1035,False,,,
4,16,local,U0,first14/phase/4,dram-14-0,sram-14,65536,1003,2038,1035,False,,,
4,16,local,U0,first15/phase/4,dram-15-0,sram-15,65536,1067,2102,1035,False,,,
4,16,local,U0,first0/phase/6,sram-0,dram-0-0,16,1686,1698,12,True,,,
4,16,local,U0,first0/phase/10,dram-0-0,sram-0,65536,1857,2892,1035,True,,,
4,16,local,U0,second1/phase/1,sram-1,sram-2,16384,6070,6609,539,False,,,
4,16,local,U0,second2/phase/1,sram-2,sram-3,16384,6134,6674,540,False,,,
4,16,local,U0,second3/phase/1,sram-3,sram-4,16384,6198,6800,602,False,,,
4,16,local,U0,second4/phase/1,sram-4,sram-5,16384,6262,6801,539,False,,,
4,16,local,U0,second5/phase/1,sram-5,sram-6,16384,6326,6866,540,False,,,
4,16,local,U0,second6/phase/1,sram-6,sram-7,16384,6390,6929,539,False,,,
4,16,local,U0,second7/phase/1,sram-7,sram-8,16384,6454,7058,604,False,,,
4,16,local,U0,second8/phase/1,sram-8,sram-9,16384,6518,7058,540,False,,,
4,16,local,U0,second9/phase/1,sram-9,sram-10,16384,6582,7121,539,False,,,
4,16,local,U0,second10/phase/1,sram-10,sram-11,16384,6646,7186,540,False,,,
4,16,local,U0,second11/phase/1,sram-11,sram-12,16384,6710,7330,620,False,,,
4,16,local,U0,second12/phase/1,sram-12,sram-13,16384,6774,7313,539,False,,,
4,16,local,U0,second13/phase/1,sram-13,sram-14,16384,6838,7378,540,False,,,
4,16,local,U0,second1/phase/3,sram-2,dram-2-1,16,6865,6877,12,False,,,
4,16,local,U0,second14/phase/1,sram-14,sram-15,16384,6902,7441,539,False,,,
4,16,local,U0,second2/phase/3,sram-3,dram-3-1,16,6930,6942,12,False,,,
4,16,local,U0,second15/phase/1,sram-15,sram-0,16384,6966,7611,645,False,,,
4,16,local,U0,second1/phase/7,dram-2-1,sram-2,65536,7036,8071,1035,False,,,
4,16,local,U0,second3/phase/3,sram-4,dram-4-1,16,7056,7068,12,False,,,
4,16,local,U0,second4/phase/3,sram-5,dram-5-1,16,7057,7069,12,False,,,
4,16,local,U0,second2/phase/7,dram-3-1,sram-3,65536,7101,8136,1035,False,,,
4,16,local,U0,second5/phase/3,sram-6,dram-6-1,16,7122,7134,12,False,,,
4,16,local,U0,second6/phase/3,sram-7,dram-7-1,16,7185,7197,12,False,,,
4,16,local,U0,second3/phase/7,dram-4-1,sram-4,65536,7227,8262,1035,False,,,
4,16,local,U0,second4/phase/7,dram-5-1,sram-5,65536,7291,8326,1035,False,,,
4,16,local,U0,second7/phase/3,sram-8,dram-8-1,16,7314,7326,12,False,,,
4,16,local,U0,second8/phase/3,sram-9,dram-9-1,16,7314,7326,12,False,,,
4,16,local,U0,second5/phase/7,dram-6-1,sram-6,65536,7355,8390,1035,False,,,
4,16,local,U0,second9/phase/3,sram-10,dram-10-1,16,7377,7389,12,False,,,
4,16,local,U0,second6/phase/7,dram-7-1,sram-7,65536,7419,8454,1035,False,,,
4,16,local,U0,second10/phase/3,sram-11,dram-11-1,16,7442,7454,12,False,,,
4,16,local,U0,second7/phase/7,dram-8-1,sram-8,65536,7485,8520,1035,False,,,
4,16,local,U0,second8/phase/7,dram-9-1,sram-9,65536,7549,8584,1035,False,,,
4,16,local,U0,second12/phase/3,sram-13,dram-13-1,16,7569,7581,12,False,,,
4,16,local,U0,second11/phase/3,sram-12,dram-12-1,16,7586,7598,12,False,,,
4,16,local,U0,second9/phase/7,dram-10-1,sram-10,65536,7613,8648,1035,False,,,
4,16,local,U0,second13/phase/3,sram-14,dram-14-1,16,7634,7646,12,False,,,
4,16,local,U0,second10/phase/7,dram-11-1,sram-11,65536,7677,8712,1035,False,,,
4,16,local,U0,second14/phase/3,sram-15,dram-15-1,16,7697,7709,12,False,,,
4,16,local,U0,second12/phase/7,dram-13-1,sram-13,65536,7741,8776,1035,False,,,
4,16,local,U0,second0/phase/1,sram-0,sram-1,16384,7756,8295,539,True,,,
4,16,local,U0,second11/phase/7,dram-12-1,sram-12,65536,7805,8840,1035,False,,,
4,16,local,U0,second13/phase/7,dram-14-1,sram-14,65536,7869,8904,1035,False,,,
4,16,local,U0,second14/phase/7,dram-15-1,sram-15,65536,7933,8968,1035,False,,,
4,16,local,U0,second15/phase/3,sram-0,dram-0-1,16,8012,8024,12,False,,,
4,16,local,U0,second15/phase/7,dram-0-1,sram-0,65536,8183,9218,1035,False,,,
4,16,local,U0,second0/phase/3,sram-1,dram-1-1,16,8551,8563,12,True,,,
4,16,local,U0,second0/phase/7,dram-1-1,sram-1,65536,8722,9757,1035,True,,,
4,16,local,U0,second1/phase/13,sram-2,dram-2-0,16384,12935,13202,267,False,,,
4,16,local,U0,second2/phase/13,sram-3,dram-3-0,16384,13000,13267,267,False,,,
4,16,local,U0,second3/phase/13,sram-4,dram-4-0,16384,13126,13393,267,False,,,
4,16,local,U0,second4/phase/13,sram-5,dram-5-0,16384,13190,13457,267,False,,,
4,16,local,U0,second5/phase/13,sram-6,dram-6-0,16384,13254,13521,267,False,,,
4,16,local,U0,second1/phase/16,dram-2-0,sram-2,16,13265,13277,12,False,,,
4,16,local,U0,second6/phase/13,sram-7,dram-7-0,16384,13318,13585,267,False,,,
4,16,local,U0,second2/phase/16,dram-3-0,sram-3,16,13330,13342,12,False,,,
4,16,local,U0,second7/phase/13,sram-8,dram-8-0,16384,13384,13651,267,False,,,
4,16,local,U0,second8/phase/13,sram-9,dram-9-0,16384,13448,13715,267,False,,,
4,16,local,U0,second3/phase/16,dram-4-0,sram-4,16,13456,13468,12,False,,,
4,16,local,U0,second9/phase/13,sram-10,dram-10-0,16384,13512,13779,267,False,,,
4,16,local,U0,second4/phase/16,dram-5-0,sram-5,16,13520,13532,12,False,,,
4,16,local,U0,second10/phase/13,sram-11,dram-11-0,16384,13576,13843,267,False,,,
4,16,local,U0,second5/phase/16,dram-6-0,sram-6,16,13584,13596,12,False,,,
4,16,local,U0,second12/phase/13,sram-13,dram-13-0,16384,13640,13907,267,False,,,
4,16,local,U0,second6/phase/16,dram-7-0,sram-7,16,13648,13660,12,False,,,
4,16,local,U0,second11/phase/13,sram-12,dram-12-0,16384,13704,13971,267,False,,,
4,16,local,U0,second7/phase/16,dram-8-0,sram-8,16,13714,13726,12,False,,,
4,16,local,U0,second13/phase/13,sram-14,dram-14-0,16384,13768,14035,267,False,,,
4,16,local,U0,second8/phase/16,dram-9-0,sram-9,16,13778,13790,12,False,,,
4,16,local,U0,second14/phase/13,sram-15,dram-15-0,16384,13832,14099,267,False,,,
4,16,local,U0,second9/phase/16,dram-10-0,sram-10,16,13842,13854,12,False,,,
4,16,local,U0,second10/phase/16,dram-11-0,sram-11,16,13906,13918,12,False,,,
4,16,local,U0,second12/phase/16,dram-13-0,sram-13,16,13970,13982,12,False,,,
4,16,local,U0,second11/phase/16,dram-12-0,sram-12,16,14034,14046,12,False,,,
4,16,local,U0,second15/phase/13,sram-0,dram-0-0,16384,14082,14349,267,False,,,
4,16,local,U0,second13/phase/16,dram-14-0,sram-14,16,14098,14110,12,False,,,
4,16,local,U0,second14/phase/16,dram-15-0,sram-15,16,14162,14174,12,False,,,
4,16,local,U0,second15/phase/16,dram-0-0,sram-0,16,14412,14424,12,False,,,
4,16,local,U0,second0/phase/13,sram-1,dram-1-0,16384,14621,14888,267,True,,,
4,16,local,U0,second0/phase/16,dram-1-0,sram-1,16,14951,14963,12,True,,,
4,16,local,U1,first0/phase/0,sram-0,host-memory,16,0,32,32,True,,,
4,16,local,U1,first1/phase/0,sram-1,dram-1-0,16,0,12,12,False,,,
4,16,local,U1,first2/phase/0,sram-2,dram-2-0,16,0,12,12,False,,,
4,16,local,U1,first3/phase/0,sram-3,dram-3-0,16,0,12,12,False,,,
4,16,local,U1,first4/phase/0,sram-4,dram-4-0,16,0,12,12,False,,,
4,16,local,U1,first5/phase/0,sram-5,dram-5-0,16,0,12,12,False,,,
4,16,local,U1,first6/phase/0,sram-6,dram-6-0,16,0,12,12,False,,,
4,16,local,U1,first7/phase/0,sram-7,dram-7-0,16,0,12,12,False,,,
4,16,local,U1,first8/phase/0,sram-8,dram-8-0,16,0,12,12,False,,,
4,16,local,U1,first9/phase/0,sram-9,dram-9-0,16,0,12,12,False,,,
4,16,local,U1,first10/phase/0,sram-10,dram-10-0,16,0,12,12,False,,,
4,16,local,U1,first11/phase/0,sram-11,dram-11-0,16,0,12,12,False,,,
4,16,local,U1,first12/phase/0,sram-12,dram-12-0,16,0,12,12,False,,,
4,16,local,U1,first13/phase/0,sram-13,dram-13-0,16,0,12,12,False,,,
4,16,local,U1,first14/phase/0,sram-14,dram-14-0,16,0,12,12,False,,,
4,16,local,U1,first15/phase/0,sram-15,dram-15-0,16,0,12,12,False,,,
4,16,local,U1,first0/phase/4,host-memory,sram-0,16384,888,1430,542,True,,,
4,16,local,U1,first0/phase/6,sram-0,dram-0-0,16,1686,1698,12,True,,,
4,16,local,U1,first1/phase/4,dram-1-0,sram-1,65536,3118,4153,1035,False,,,
4,16,local,U1,first2/phase/4,dram-2-0,sram-2,65536,3118,4153,1035,False,,,
4,16,local,U1,first3/phase/4,dram-3-0,sram-3,65536,3118,4153,1035,False,,,
4,16,local,U1,first4/phase/4,dram-4-0,sram-4,65536,3118,4153,1035,False,,,
4,16,local,U1,first5/phase/4,dram-5-0,sram-5,65536,3118,4153,1035,False,,,
4,16,local,U1,first6/phase/4,dram-6-0,sram-6,65536,3118,4153,1035,False,,,
4,16,local,U1,first7/phase/4,dram-7-0,sram-7,65536,3118,4153,1035,False,,,
4,16,local,U1,first8/phase/4,dram-8-0,sram-8,65536,3118,4153,1035,False,,,
4,16,local,U1,first9/phase/4,dram-9-0,sram-9,65536,3118,4153,1035,False,,,
4,16,local,U1,first10/phase/4,dram-10-0,sram-10,65536,3118,4153,1035,False,,,
4,16,local,U1,first11/phase/4,dram-11-0,sram-11,65536,3118,4153,1035,False,,,
4,16,local,U1,first12/phase/4,dram-12-0,sram-12,65536,3118,4153,1035,False,,,
4,16,local,U1,first13/phase/4,dram-13-0,sram-13,65536,3118,4153,1035,False,,,
4,16,local,U1,first14/phase/4,dram-14-0,sram-14,65536,3118,4153,1035,False,,,
4,16,local,U1,first15/phase/4,dram-15-0,sram-15,65536,3118,4153,1035,False,,,
4,16,local,U1,first0/phase/10,dram-0-0,sram-0,65536,4804,5839,1035,True,,,
4,16,local,U1,second1/phase/1,sram-1,sram-2,16384,9017,9557,540,False,,,
4,16,local,U1,second2/phase/1,sram-2,sram-3,16384,9017,9557,540,False,,,
4,16,local,U1,second3/phase/1,sram-3,sram-4,16384,9017,9623,606,False,,,
4,16,local,U1,second4/phase/1,sram-4,sram-5,16384,9017,9557,540,False,,,
4,16,local,U1,second5/phase/1,sram-5,sram-6,16384,9017,9557,540,False,,,
4,16,local,U1,second6/phase/1,sram-6,sram-7,16384,9017,9557,540,False,,,
4,16,local,U1,second7/phase/1,sram-7,sram-8,16384,9017,9623,606,False,,,
4,16,local,U1,second8/phase/1,sram-8,sram-9,16384,9017,9557,540,False,,,
4,16,local,U1,second9/phase/1,sram-9,sram-10,16384,9017,9557,540,False,,,
4,16,local,U1,second10/phase/1,sram-10,sram-11,16384,9017,9557,540,False,,,
4,16,local,U1,second11/phase/1,sram-11,sram-12,16384,9017,9637,620,False,,,
4,16,local,U1,second12/phase/1,sram-12,sram-13,16384,9017,9557,540,False,,,
4,16,local,U1,second13/phase/1,sram-13,sram-14,16384,9017,9557,540,False,,,
4,16,local,U1,second14/phase/1,sram-14,sram-15,16384,9017,9557,540,False,,,
4,16,local,U1,second15/phase/1,sram-15,sram-0,16384,9017,9680,663,False,,,
4,16,local,U1,second1/phase/3,sram-2,dram-2-1,16,9813,9825,12,False,,,
4,16,local,U1,second2/phase/3,sram-3,dram-3-1,16,9813,9825,12,False,,,
4,16,local,U1,second4/phase/3,sram-5,dram-5-1,16,9813,9825,12,False,,,
4,16,local,U1,second5/phase/3,sram-6,dram-6-1,16,9813,9825,12,False,,,
4,16,local,U1,second6/phase/3,sram-7,dram-7-1,16,9813,9825,12,False,,,
4,16,local,U1,second8/phase/3,sram-9,dram-9-1,16,9813,9825,12,False,,,
4,16,local,U1,second9/phase/3,sram-10,dram-10-1,16,9813,9825,12,False,,,
4,16,local,U1,second10/phase/3,sram-11,dram-11-1,16,9813,9825,12,False,,,
4,16,local,U1,second12/phase/3,sram-13,dram-13-1,16,9813,9825,12,False,,,
4,16,local,U1,second13/phase/3,sram-14,dram-14-1,16,9813,9825,12,False,,,
4,16,local,U1,second14/phase/3,sram-15,dram-15-1,16,9813,9825,12,False,,,
4,16,local,U1,second3/phase/3,sram-4,dram-4-1,16,9879,9891,12,False,,,
4,16,local,U1,second7/phase/3,sram-8,dram-8-1,16,9879,9891,12,False,,,
4,16,local,U1,second11/phase/3,sram-12,dram-12-1,16,9893,9905,12,False,,,
4,16,local,U1,second15/phase/3,sram-0,dram-0-1,16,9936,9948,12,False,,,
4,16,local,U1,second0/phase/1,sram-0,sram-1,16384,10703,11242,539,True,,,
4,16,local,U1,second0/phase/3,sram-1,dram-1-1,16,11498,11510,12,True,,,
4,16,local,U1,second1/phase/7,dram-2-1,sram-2,65536,12931,13966,1035,False,,,
4,16,local,U1,second2/phase/7,dram-3-1,sram-3,65536,12931,13966,1035,False,,,
4,16,local,U1,second4/phase/7,dram-5-1,sram-5,65536,12931,13966,1035,False,,,
4,16,local,U1,second5/phase/7,dram-6-1,sram-6,65536,12931,13966,1035,False,,,
4,16,local,U1,second6/phase/7,dram-7-1,sram-7,65536,12931,13966,1035,False,,,
4,16,local,U1,second8/phase/7,dram-9-1,sram-9,65536,12931,13966,1035,False,,,
4,16,local,U1,second9/phase/7,dram-10-1,sram-10,65536,12931,13966,1035,False,,,
4,16,local,U1,second10/phase/7,dram-11-1,sram-11,65536,12931,13966,1035,False,,,
4,16,local,U1,second12/phase/7,dram-13-1,sram-13,65536,12931,13966,1035,False,,,
4,16,local,U1,second13/phase/7,dram-14-1,sram-14,65536,12931,13966,1035,False,,,
4,16,local,U1,second14/phase/7,dram-15-1,sram-15,65536,12931,13966,1035,False,,,
4,16,local,U1,second3/phase/7,dram-4-1,sram-4,65536,12997,14032,1035,False,,,
4,16,local,U1,second7/phase/7,dram-8-1,sram-8,65536,12997,14032,1035,False,,,
4,16,local,U1,second11/phase/7,dram-12-1,sram-12,65536,13011,14046,1035,False,,,
4,16,local,U1,second15/phase/7,dram-0-1,sram-0,65536,13054,14089,1035,False,,,
4,16,local,U1,second0/phase/7,dram-1-1,sram-1,65536,14616,15651,1035,True,,,
4,16,local,U1,second1/phase/13,sram-2,dram-2-0,16384,18830,19097,267,False,,,
4,16,local,U1,second2/phase/13,sram-3,dram-3-0,16384,18830,19097,267,False,,,
4,16,local,U1,second4/phase/13,sram-5,dram-5-0,16384,18830,19097,267,False,,,
4,16,local,U1,second5/phase/13,sram-6,dram-6-0,16384,18830,19097,267,False,,,
4,16,local,U1,second6/phase/13,sram-7,dram-7-0,16384,18830,19097,267,False,,,
4,16,local,U1,second8/phase/13,sram-9,dram-9-0,16384,18830,19097,267,False,,,
4,16,local,U1,second9/phase/13,sram-10,dram-10-0,16384,18830,19097,267,False,,,
4,16,local,U1,second10/phase/13,sram-11,dram-11-0,16384,18830,19097,267,False,,,
4,16,local,U1,second12/phase/13,sram-13,dram-13-0,16384,18830,19097,267,False,,,
4,16,local,U1,second13/phase/13,sram-14,dram-14-0,16384,18830,19097,267,False,,,
4,16,local,U1,second14/phase/13,sram-15,dram-15-0,16384,18830,19097,267,False,,,
4,16,local,U1,second3/phase/13,sram-4,dram-4-0,16384,18896,19163,267,False,,,
4,16,local,U1,second7/phase/13,sram-8,dram-8-0,16384,18896,19163,267,False,,,
4,16,local,U1,second11/phase/13,sram-12,dram-12-0,16384,18910,19177,267,False,,,
4,16,local,U1,second15/phase/13,sram-0,dram-0-0,16384,18953,19220,267,False,,,
4,16,local,U1,second1/phase/16,dram-2-0,sram-2,16,19899,19911,12,False,,,
4,16,local,U1,second2/phase/16,dram-3-0,sram-3,16,19899,19911,12,False,,,
4,16,local,U1,second4/phase/16,dram-5-0,sram-5,16,19899,19911,12,False,,,
4,16,local,U1,second5/phase/16,dram-6-0,sram-6,16,19899,19911,12,False,,,
4,16,local,U1,second6/phase/16,dram-7-0,sram-7,16,19899,19911,12,False,,,
4,16,local,U1,second8/phase/16,dram-9-0,sram-9,16,19899,19911,12,False,,,
4,16,local,U1,second9/phase/16,dram-10-0,sram-10,16,19899,19911,12,False,,,
4,16,local,U1,second10/phase/16,dram-11-0,sram-11,16,19899,19911,12,False,,,
4,16,local,U1,second12/phase/16,dram-13-0,sram-13,16,19899,19911,12,False,,,
4,16,local,U1,second13/phase/16,dram-14-0,sram-14,16,19899,19911,12,False,,,
4,16,local,U1,second14/phase/16,dram-15-0,sram-15,16,19899,19911,12,False,,,
4,16,local,U1,second3/phase/16,dram-4-0,sram-4,16,19965,19977,12,False,,,
4,16,local,U1,second7/phase/16,dram-8-0,sram-8,16,19965,19977,12,False,,,
4,16,local,U1,second11/phase/16,dram-12-0,sram-12,16,19979,19991,12,False,,,
4,16,local,U1,second15/phase/16,dram-0-0,sram-0,16,20022,20034,12,False,,,
4,16,local,U1,second0/phase/13,sram-1,dram-1-0,16384,20515,20782,267,True,,,
4,16,local,U1,second0/phase/16,dram-1-0,sram-1,16,21584,21596,12,True,,,
4,16,local,S,first0/phase/0,sram-0,host-memory,16,0,32,32,True,0,0,1.0
4,16,local,S,first1/phase/0,sram-1,dram-1-0,16,0,13,13,False,0,0,1.0
4,16,local,S,first2/phase/0,sram-2,dram-2-0,16,0,13,13,False,0,0,1.0
4,16,local,S,first3/phase/0,sram-3,dram-3-0,16,0,13,13,False,0,0,1.0
4,16,local,S,first4/phase/0,sram-4,dram-4-0,16,0,13,13,False,0,0,1.0
4,16,local,S,first5/phase/0,sram-5,dram-5-0,16,0,13,13,False,0,0,1.0
4,16,local,S,first6/phase/0,sram-6,dram-6-0,16,0,13,13,False,0,0,1.0
4,16,local,S,first7/phase/0,sram-7,dram-7-0,16,0,13,13,False,0,0,1.0
4,16,local,S,first8/phase/0,sram-8,dram-8-0,16,0,13,13,False,0,0,1.0
4,16,local,S,first9/phase/0,sram-9,dram-9-0,16,0,13,13,False,0,0,1.0
4,16,local,S,first10/phase/0,sram-10,dram-10-0,16,0,13,13,False,0,0,1.0
4,16,local,S,first11/phase/0,sram-11,dram-11-0,16,0,13,13,False,0,0,1.0
4,16,local,S,first12/phase/0,sram-12,dram-12-0,16,0,13,13,False,0,0,1.0
4,16,local,S,first13/phase/0,sram-13,dram-13-0,16,0,13,13,False,0,0,1.0
4,16,local,S,first14/phase/0,sram-14,dram-14-0,16,0,13,13,False,0,0,1.0
4,16,local,S,first15/phase/0,sram-15,dram-15-0,16,0,13,13,False,0,0,1.0
4,16,local,S,first0/phase/4,host-memory,sram-0,16384,888,1430,542,True,0,451,1.0
4,16,local,S,first0/phase/6,sram-0,dram-0-0,16,1686,1699,13,True,0,0,1.0
4,16,local,S,first1/phase/4,dram-1-0,sram-1,65536,3119,5178,2059,False,0,1987,1.0
4,16,local,S,first2/phase/4,dram-2-0,sram-2,65536,3119,5178,2059,False,0,1987,1.0
4,16,local,S,first3/phase/4,dram-3-0,sram-3,65536,3119,5178,2059,False,0,1987,1.0
4,16,local,S,first4/phase/4,dram-4-0,sram-4,65536,3119,5178,2059,False,0,1987,1.0
4,16,local,S,first5/phase/4,dram-5-0,sram-5,65536,3119,5178,2059,False,0,1987,1.0
4,16,local,S,first6/phase/4,dram-6-0,sram-6,65536,3119,5178,2059,False,0,1987,1.0
4,16,local,S,first7/phase/4,dram-7-0,sram-7,65536,3119,5178,2059,False,0,1987,1.0
4,16,local,S,first8/phase/4,dram-8-0,sram-8,65536,3119,5178,2059,False,0,1987,1.0
4,16,local,S,first9/phase/4,dram-9-0,sram-9,65536,3119,5178,2059,False,0,1987,1.0
4,16,local,S,first10/phase/4,dram-10-0,sram-10,65536,3119,5178,2059,False,0,1987,1.0
4,16,local,S,first11/phase/4,dram-11-0,sram-11,65536,3119,5178,2059,False,0,1987,1.0
4,16,local,S,first12/phase/4,dram-12-0,sram-12,65536,3119,5178,2059,False,0,1987,1.0
4,16,local,S,first13/phase/4,dram-13-0,sram-13,65536,3119,5178,2059,False,0,1987,1.0
4,16,local,S,first14/phase/4,dram-14-0,sram-14,65536,3119,5178,2059,False,0,1987,1.0
4,16,local,S,first15/phase/4,dram-15-0,sram-15,65536,3119,5178,2059,False,0,1987,1.0
4,16,local,S,first0/phase/10,dram-0-0,sram-0,65536,4805,6864,2059,True,0,1987,1.0
4,16,local,S,second1/phase/1,sram-1,sram-2,16384,10042,10582,540,False,0,451,1.0
4,16,local,S,second2/phase/1,sram-2,sram-3,16384,10042,10582,540,False,0,451,1.0
4,16,local,S,second3/phase/1,sram-3,sram-4,16384,10042,10648,606,False,0,451,4.0
4,16,local,S,second4/phase/1,sram-4,sram-5,16384,10042,10582,540,False,0,451,1.0
4,16,local,S,second5/phase/1,sram-5,sram-6,16384,10042,10582,540,False,0,451,1.0
4,16,local,S,second6/phase/1,sram-6,sram-7,16384,10042,10582,540,False,0,451,1.0
4,16,local,S,second7/phase/1,sram-7,sram-8,16384,10042,10648,606,False,0,451,4.0
4,16,local,S,second8/phase/1,sram-8,sram-9,16384,10042,10582,540,False,0,451,1.0
4,16,local,S,second9/phase/1,sram-9,sram-10,16384,10042,10582,540,False,0,451,1.0
4,16,local,S,second10/phase/1,sram-10,sram-11,16384,10042,10582,540,False,0,451,1.0
4,16,local,S,second11/phase/1,sram-11,sram-12,16384,10042,10662,620,False,0,451,4.0
4,16,local,S,second12/phase/1,sram-12,sram-13,16384,10042,10582,540,False,0,451,1.0
4,16,local,S,second13/phase/1,sram-13,sram-14,16384,10042,10582,540,False,0,451,1.0
4,16,local,S,second14/phase/1,sram-14,sram-15,16384,10042,10582,540,False,0,451,1.0
4,16,local,S,second15/phase/1,sram-15,sram-0,16384,10042,10705,663,False,0,465,6.0
4,16,local,S,second1/phase/3,sram-2,dram-2-1,16,10838,10851,13,False,0,0,1.0
4,16,local,S,second2/phase/3,sram-3,dram-3-1,16,10838,10851,13,False,0,0,1.0
4,16,local,S,second4/phase/3,sram-5,dram-5-1,16,10838,10851,13,False,0,0,1.0
4,16,local,S,second5/phase/3,sram-6,dram-6-1,16,10838,10851,13,False,0,0,1.0
4,16,local,S,second6/phase/3,sram-7,dram-7-1,16,10838,10851,13,False,0,0,1.0
4,16,local,S,second8/phase/3,sram-9,dram-9-1,16,10838,10851,13,False,0,0,1.0
4,16,local,S,second9/phase/3,sram-10,dram-10-1,16,10838,10851,13,False,0,0,1.0
4,16,local,S,second10/phase/3,sram-11,dram-11-1,16,10838,10851,13,False,0,0,1.0
4,16,local,S,second12/phase/3,sram-13,dram-13-1,16,10838,10851,13,False,0,0,1.0
4,16,local,S,second13/phase/3,sram-14,dram-14-1,16,10838,10851,13,False,0,0,1.0
4,16,local,S,second14/phase/3,sram-15,dram-15-1,16,10838,10851,13,False,0,0,1.0
4,16,local,S,second3/phase/3,sram-4,dram-4-1,16,10904,10917,13,False,0,0,1.0
4,16,local,S,second7/phase/3,sram-8,dram-8-1,16,10904,10917,13,False,0,0,1.0
4,16,local,S,second11/phase/3,sram-12,dram-12-1,16,10918,10931,13,False,0,0,1.0
4,16,local,S,second15/phase/3,sram-0,dram-0-1,16,10961,10974,13,False,0,0,1.0
4,16,local,S,second0/phase/1,sram-0,sram-1,16384,11728,12267,539,True,0,451,1.0
4,16,local,S,second0/phase/3,sram-1,dram-1-1,16,12523,12536,13,True,0,0,1.0
4,16,local,S,second1/phase/7,dram-2-1,sram-2,65536,13957,16016,2059,False,0,1987,1.0
4,16,local,S,second2/phase/7,dram-3-1,sram-3,65536,13957,16016,2059,False,0,1987,1.0
4,16,local,S,second4/phase/7,dram-5-1,sram-5,65536,13957,16016,2059,False,0,1987,1.0
4,16,local,S,second5/phase/7,dram-6-1,sram-6,65536,13957,16016,2059,False,0,1987,1.0
4,16,local,S,second6/phase/7,dram-7-1,sram-7,65536,13957,16016,2059,False,0,1987,1.0
4,16,local,S,second8/phase/7,dram-9-1,sram-9,65536,13957,16016,2059,False,0,1987,1.0
4,16,local,S,second9/phase/7,dram-10-1,sram-10,65536,13957,16016,2059,False,0,1987,1.0
4,16,local,S,second10/phase/7,dram-11-1,sram-11,65536,13957,16016,2059,False,0,1987,1.0
4,16,local,S,second12/phase/7,dram-13-1,sram-13,65536,13957,16016,2059,False,0,1987,1.0
4,16,local,S,second13/phase/7,dram-14-1,sram-14,65536,13957,16016,2059,False,0,1987,1.0
4,16,local,S,second14/phase/7,dram-15-1,sram-15,65536,13957,16016,2059,False,0,1987,1.0
4,16,local,S,second3/phase/7,dram-4-1,sram-4,65536,14023,16082,2059,False,0,1987,1.0
4,16,local,S,second7/phase/7,dram-8-1,sram-8,65536,14023,16082,2059,False,0,1987,1.0
4,16,local,S,second11/phase/7,dram-12-1,sram-12,65536,14037,16096,2059,False,0,1987,1.0
4,16,local,S,second15/phase/7,dram-0-1,sram-0,65536,14080,16139,2059,False,0,1987,1.0
4,16,local,S,second0/phase/7,dram-1-1,sram-1,65536,15642,17701,2059,True,0,1987,1.0
4,16,local,S,second1/phase/13,sram-2,dram-2-0,16384,20880,21403,523,False,0,451,1.0
4,16,local,S,second2/phase/13,sram-3,dram-3-0,16384,20880,21403,523,False,0,451,1.0
4,16,local,S,second4/phase/13,sram-5,dram-5-0,16384,20880,21403,523,False,0,451,1.0
4,16,local,S,second5/phase/13,sram-6,dram-6-0,16384,20880,21403,523,False,0,451,1.0
4,16,local,S,second6/phase/13,sram-7,dram-7-0,16384,20880,21403,523,False,0,451,1.0
4,16,local,S,second8/phase/13,sram-9,dram-9-0,16384,20880,21403,523,False,0,451,1.0
4,16,local,S,second9/phase/13,sram-10,dram-10-0,16384,20880,21403,523,False,0,451,1.0
4,16,local,S,second10/phase/13,sram-11,dram-11-0,16384,20880,21403,523,False,0,451,1.0
4,16,local,S,second12/phase/13,sram-13,dram-13-0,16384,20880,21403,523,False,0,451,1.0
4,16,local,S,second13/phase/13,sram-14,dram-14-0,16384,20880,21403,523,False,0,451,1.0
4,16,local,S,second14/phase/13,sram-15,dram-15-0,16384,20880,21403,523,False,0,451,1.0
4,16,local,S,second3/phase/13,sram-4,dram-4-0,16384,20946,21469,523,False,0,451,1.0
4,16,local,S,second7/phase/13,sram-8,dram-8-0,16384,20946,21469,523,False,0,451,1.0
4,16,local,S,second11/phase/13,sram-12,dram-12-0,16384,20960,21483,523,False,0,451,1.0
4,16,local,S,second15/phase/13,sram-0,dram-0-0,16384,21003,21526,523,False,0,451,1.0
4,16,local,S,second1/phase/16,dram-2-0,sram-2,16,22205,22218,13,False,0,0,1.0
4,16,local,S,second2/phase/16,dram-3-0,sram-3,16,22205,22218,13,False,0,0,1.0
4,16,local,S,second4/phase/16,dram-5-0,sram-5,16,22205,22218,13,False,0,0,1.0
4,16,local,S,second5/phase/16,dram-6-0,sram-6,16,22205,22218,13,False,0,0,1.0
4,16,local,S,second6/phase/16,dram-7-0,sram-7,16,22205,22218,13,False,0,0,1.0
4,16,local,S,second8/phase/16,dram-9-0,sram-9,16,22205,22218,13,False,0,0,1.0
4,16,local,S,second9/phase/16,dram-10-0,sram-10,16,22205,22218,13,False,0,0,1.0
4,16,local,S,second10/phase/16,dram-11-0,sram-11,16,22205,22218,13,False,0,0,1.0
4,16,local,S,second12/phase/16,dram-13-0,sram-13,16,22205,22218,13,False,0,0,1.0
4,16,local,S,second13/phase/16,dram-14-0,sram-14,16,22205,22218,13,False,0,0,1.0
4,16,local,S,second14/phase/16,dram-15-0,sram-15,16,22205,22218,13,False,0,0,1.0
4,16,local,S,second3/phase/16,dram-4-0,sram-4,16,22271,22284,13,False,0,0,1.0
4,16,local,S,second7/phase/16,dram-8-0,sram-8,16,22271,22284,13,False,0,0,1.0
4,16,local,S,second11/phase/16,dram-12-0,sram-12,16,22285,22298,13,False,0,0,1.0
4,16,local,S,second15/phase/16,dram-0-0,sram-0,16,22328,22341,13,False,0,0,1.0
4,16,local,S,second0/phase/13,sram-1,dram-1-0,16384,22565,23088,523,True,0,451,1.0
4,16,local,S,second0/phase/16,dram-1-0,sram-1,16,23890,23903,13,True,0,0,1.0
4,16,clustered_local,U0,first0/phase/0,sram-0,host-memory,16,0,32,32,True,,,
4,16,clustered_local,U0,first1/phase/0,sram-1,dram-0-0,16,0,12,12,False,,,
4,16,clustered_local,U0,first2/phase/0,sram-2,dram-2-0,16,0,12,12,False,,,
4,16,clustered_local,U0,first3/phase/0,sram-3,dram-2-0,16,0,12,12,False,,,
4,16,clustered_local,U0,first4/phase/0,sram-4,dram-0-0,16,0,12,12,False,,,
4,16,clustered_local,U0,first5/phase/0,sram-5,dram-0-0,16,0,12,12,False,,,
4,16,clustered_local,U0,first6/phase/0,sram-6,dram-2-0,16,0,12,12,False,,,
4,16,clustered_local,U0,first7/phase/0,sram-7,dram-2-0,16,0,12,12,False,,,
4,16,clustered_local,U0,first8/phase/0,sram-8,dram-8-0,16,0,12,12,False,,,
4,16,clustered_local,U0,first9/phase/0,sram-9,dram-8-0,16,0,12,12,False,,,
4,16,clustered_local,U0,first10/phase/0,sram-10,dram-10-0,16,0,12,12,False,,,
4,16,clustered_local,U0,first11/phase/0,sram-11,dram-10-0,16,0,12,12,False,,,
4,16,clustered_local,U0,first12/phase/0,sram-12,dram-8-0,16,0,12,12,False,,,
4,16,clustered_local,U0,first13/phase/0,sram-13,dram-8-0,16,0,12,12,False,,,
4,16,clustered_local,U0,first14/phase/0,sram-14,dram-10-0,16,0,12,12,False,,,
4,16,clustered_local,U0,first15/phase/0,sram-15,dram-10-0,16,0,12,12,False,,,
4,16,clustered_local,U0,first1/phase/4,dram-0-0,sram-1,65536,171,1206,1035,False,,,
4,16,clustered_local,U0,first2/phase/4,dram-2-0,sram-2,65536,235,1270,1035,False,,,
4,16,clustered_local,U0,first3/phase/4,dram-2-0,sram-3,65536,299,1334,1035,False,,,
4,16,clustered_local,U0,first4/phase/4,dram-0-0,sram-4,65536,363,1398,1035,False,,,
4,16,clustered_local,U0,first5/phase/4,dram-0-0,sram-5,65536,427,1462,1035,False,,,
4,16,clustered_local,U0,first6/phase/4,dram-2-0,sram-6,65536,491,1526,1035,False,,,
4,16,clustered_local,U0,first7/phase/4,dram-2-0,sram-7,65536,555,1590,1035,False,,,
4,16,clustered_local,U0,first8/phase/4,dram-8-0,sram-8,65536,619,1654,1035,False,,,
4,16,clustered_local,U0,first9/phase/4,dram-8-0,sram-9,65536,683,1718,1035,False,,,
4,16,clustered_local,U0,first10/phase/4,dram-10-0,sram-10,65536,747,1782,1035,False,,,
4,16,clustered_local,U0,first11/phase/4,dram-10-0,sram-11,65536,811,1846,1035,False,,,
4,16,clustered_local,U0,first12/phase/4,dram-8-0,sram-12,65536,875,1910,1035,False,,,
4,16,clustered_local,U0,first0/phase/4,host-memory,sram-0,16384,888,1430,542,True,,,
4,16,clustered_local,U0,first13/phase/4,dram-8-0,sram-13,65536,939,1974,1035,False,,,
4,16,clustered_local,U0,first14/phase/4,dram-10-0,sram-14,65536,1003,2038,1035,False,,,
4,16,clustered_local,U0,first15/phase/4,dram-10-0,sram-15,65536,1067,2102,1035,False,,,
4,16,clustered_local,U0,first0/phase/6,sram-0,dram-0-0,16,1686,1698,12,True,,,
4,16,clustered_local,U0,first0/phase/10,dram-0-0,sram-0,65536,1857,2892,1035,True,,,
4,16,clustered_local,U0,second1/phase/1,sram-1,sram-2,16384,6070,6609,539,False,,,
4,16,clustered_local,U0,second2/phase/1,sram-2,sram-3,16384,6134,6674,540,False,,,
4,16,clustered_local,U0,second3/phase/1,sram-3,sram-4,16384,6198,6800,602,False,,,
4,16,clustered_local,U0,second4/phase/1,sram-4,sram-5,16384,6262,6801,539,False,,,
4,16,clustered_local,U0,second5/phase/1,sram-5,sram-6,16384,6326,6866,540,False,,,
4,16,clustered_local,U0,second6/phase/1,sram-6,sram-7,16384,6390,6929,539,False,,,
4,16,clustered_local,U0,second7/phase/1,sram-7,sram-8,16384,6454,7058,604,False,,,
4,16,clustered_local,U0,second8/phase/1,sram-8,sram-9,16384,6518,7058,540,False,,,
4,16,clustered_local,U0,second9/phase/1,sram-9,sram-10,16384,6582,7121,539,False,,,
4,16,clustered_local,U0,second10/phase/1,sram-10,sram-11,16384,6646,7186,540,False,,,
4,16,clustered_local,U0,second11/phase/1,sram-11,sram-12,16384,6710,7330,620,False,,,
4,16,clustered_local,U0,second12/phase/1,sram-12,sram-13,16384,6774,7313,539,False,,,
4,16,clustered_local,U0,second13/phase/1,sram-13,sram-14,16384,6838,7378,540,False,,,
4,16,clustered_local,U0,second1/phase/3,sram-2,dram-2-1,16,6865,6877,12,False,,,
4,16,clustered_local,U0,second14/phase/1,sram-14,sram-15,16384,6902,7441,539,False,,,
4,16,clustered_local,U0,second2/phase/3,sram-3,dram-2-1,16,6930,6942,12,False,,,
4,16,clustered_local,U0,second15/phase/1,sram-15,sram-0,16384,6966,7611,645,False,,,
4,16,clustered_local,U0,second1/phase/7,dram-2-1,sram-2,65536,7036,8071,1035,False,,,
4,16,clustered_local,U0,second3/phase/3,sram-4,dram-0-1,16,7056,7068,12,False,,,
4,16,clustered_local,U0,second4/phase/3,sram-5,dram-0-1,16,7057,7069,12,False,,,
4,16,clustered_local,U0,second2/phase/7,dram-2-1,sram-3,65536,7101,8136,1035,False,,,
4,16,clustered_local,U0,second5/phase/3,sram-6,dram-2-1,16,7122,7134,12,False,,,
4,16,clustered_local,U0,second6/phase/3,sram-7,dram-2-1,16,7185,7197,12,False,,,
4,16,clustered_local,U0,second3/phase/7,dram-0-1,sram-4,65536,7227,8262,1035,False,,,
4,16,clustered_local,U0,second4/phase/7,dram-0-1,sram-5,65536,7291,8326,1035,False,,,
4,16,clustered_local,U0,second7/phase/3,sram-8,dram-8-1,16,7314,7326,12,False,,,
4,16,clustered_local,U0,second8/phase/3,sram-9,dram-8-1,16,7314,7326,12,False,,,
4,16,clustered_local,U0,second5/phase/7,dram-2-1,sram-6,65536,7355,8390,1035,False,,,
4,16,clustered_local,U0,second9/phase/3,sram-10,dram-10-1,16,7377,7389,12,False,,,
4,16,clustered_local,U0,second6/phase/7,dram-2-1,sram-7,65536,7419,8454,1035,False,,,
4,16,clustered_local,U0,second10/phase/3,sram-11,dram-10-1,16,7442,7454,12,False,,,
4,16,clustered_local,U0,second7/phase/7,dram-8-1,sram-8,65536,7485,8520,1035,False,,,
4,16,clustered_local,U0,second8/phase/7,dram-8-1,sram-9,65536,7549,8584,1035,False,,,
4,16,clustered_local,U0,second12/phase/3,sram-13,dram-8-1,16,7569,7581,12,False,,,
4,16,clustered_local,U0,second11/phase/3,sram-12,dram-8-1,16,7586,7598,12,False,,,
4,16,clustered_local,U0,second9/phase/7,dram-10-1,sram-10,65536,7613,8648,1035,False,,,
4,16,clustered_local,U0,second13/phase/3,sram-14,dram-10-1,16,7634,7646,12,False,,,
4,16,clustered_local,U0,second10/phase/7,dram-10-1,sram-11,65536,7677,8712,1035,False,,,
4,16,clustered_local,U0,second14/phase/3,sram-15,dram-10-1,16,7697,7709,12,False,,,
4,16,clustered_local,U0,second12/phase/7,dram-8-1,sram-13,65536,7741,8776,1035,False,,,
4,16,clustered_local,U0,second0/phase/1,sram-0,sram-1,16384,7756,8295,539,True,,,
4,16,clustered_local,U0,second11/phase/7,dram-8-1,sram-12,65536,7805,8840,1035,False,,,
4,16,clustered_local,U0,second13/phase/7,dram-10-1,sram-14,65536,7869,8904,1035,False,,,
4,16,clustered_local,U0,second14/phase/7,dram-10-1,sram-15,65536,7933,8968,1035,False,,,
4,16,clustered_local,U0,second15/phase/3,sram-0,dram-0-1,16,8012,8024,12,False,,,
4,16,clustered_local,U0,second15/phase/7,dram-0-1,sram-0,65536,8183,9218,1035,False,,,
4,16,clustered_local,U0,second0/phase/3,sram-1,dram-0-1,16,8551,8563,12,True,,,
4,16,clustered_local,U0,second0/phase/7,dram-0-1,sram-1,65536,8722,9757,1035,True,,,
4,16,clustered_local,U0,second1/phase/13,sram-2,dram-2-0,16384,12935,13202,267,False,,,
4,16,clustered_local,U0,second2/phase/13,sram-3,dram-2-0,16384,13000,13267,267,False,,,
4,16,clustered_local,U0,second3/phase/13,sram-4,dram-0-0,16384,13126,13393,267,False,,,
4,16,clustered_local,U0,second4/phase/13,sram-5,dram-0-0,16384,13190,13457,267,False,,,
4,16,clustered_local,U0,second5/phase/13,sram-6,dram-2-0,16384,13254,13521,267,False,,,
4,16,clustered_local,U0,second1/phase/16,dram-2-0,sram-2,16,13265,13277,12,False,,,
4,16,clustered_local,U0,second6/phase/13,sram-7,dram-2-0,16384,13318,13585,267,False,,,
4,16,clustered_local,U0,second2/phase/16,dram-2-0,sram-3,16,13330,13342,12,False,,,
4,16,clustered_local,U0,second7/phase/13,sram-8,dram-8-0,16384,13384,13651,267,False,,,
4,16,clustered_local,U0,second8/phase/13,sram-9,dram-8-0,16384,13448,13715,267,False,,,
4,16,clustered_local,U0,second3/phase/16,dram-0-0,sram-4,16,13456,13468,12,False,,,
4,16,clustered_local,U0,second9/phase/13,sram-10,dram-10-0,16384,13512,13779,267,False,,,
4,16,clustered_local,U0,second4/phase/16,dram-0-0,sram-5,16,13520,13532,12,False,,,
4,16,clustered_local,U0,second10/phase/13,sram-11,dram-10-0,16384,13576,13843,267,False,,,
4,16,clustered_local,U0,second5/phase/16,dram-2-0,sram-6,16,13584,13596,12,False,,,
4,16,clustered_local,U0,second12/phase/13,sram-13,dram-8-0,16384,13640,13907,267,False,,,
4,16,clustered_local,U0,second6/phase/16,dram-2-0,sram-7,16,13648,13660,12,False,,,
4,16,clustered_local,U0,second11/phase/13,sram-12,dram-8-0,16384,13704,13971,267,False,,,
4,16,clustered_local,U0,second7/phase/16,dram-8-0,sram-8,16,13714,13726,12,False,,,
4,16,clustered_local,U0,second13/phase/13,sram-14,dram-10-0,16384,13768,14035,267,False,,,
4,16,clustered_local,U0,second8/phase/16,dram-8-0,sram-9,16,13778,13790,12,False,,,
4,16,clustered_local,U0,second14/phase/13,sram-15,dram-10-0,16384,13832,14099,267,False,,,
4,16,clustered_local,U0,second9/phase/16,dram-10-0,sram-10,16,13842,13854,12,False,,,
4,16,clustered_local,U0,second10/phase/16,dram-10-0,sram-11,16,13906,13918,12,False,,,
4,16,clustered_local,U0,second12/phase/16,dram-8-0,sram-13,16,13970,13982,12,False,,,
4,16,clustered_local,U0,second11/phase/16,dram-8-0,sram-12,16,14034,14046,12,False,,,
4,16,clustered_local,U0,second15/phase/13,sram-0,dram-0-0,16384,14082,14349,267,False,,,
4,16,clustered_local,U0,second13/phase/16,dram-10-0,sram-14,16,14098,14110,12,False,,,
4,16,clustered_local,U0,second14/phase/16,dram-10-0,sram-15,16,14162,14174,12,False,,,
4,16,clustered_local,U0,second15/phase/16,dram-0-0,sram-0,16,14412,14424,12,False,,,
4,16,clustered_local,U0,second0/phase/13,sram-1,dram-0-0,16384,14621,14888,267,True,,,
4,16,clustered_local,U0,second0/phase/16,dram-0-0,sram-1,16,14951,14963,12,True,,,
4,16,clustered_local,U1,first0/phase/0,sram-0,host-memory,16,0,32,32,False,,,
4,16,clustered_local,U1,first1/phase/0,sram-1,dram-0-0,16,0,12,12,True,,,
4,16,clustered_local,U1,first2/phase/0,sram-2,dram-2-0,16,0,12,12,False,,,
4,16,clustered_local,U1,first3/phase/0,sram-3,dram-2-0,16,0,12,12,False,,,
4,16,clustered_local,U1,first4/phase/0,sram-4,dram-0-0,16,0,12,12,False,,,
4,16,clustered_local,U1,first5/phase/0,sram-5,dram-0-0,16,0,12,12,False,,,
4,16,clustered_local,U1,first6/phase/0,sram-6,dram-2-0,16,0,12,12,False,,,
4,16,clustered_local,U1,first7/phase/0,sram-7,dram-2-0,16,0,12,12,False,,,
4,16,clustered_local,U1,first8/phase/0,sram-8,dram-8-0,16,0,12,12,False,,,
4,16,clustered_local,U1,first9/phase/0,sram-9,dram-8-0,16,0,12,12,False,,,
4,16,clustered_local,U1,first10/phase/0,sram-10,dram-10-0,16,0,12,12,False,,,
4,16,clustered_local,U1,first11/phase/0,sram-11,dram-10-0,16,0,12,12,False,,,
4,16,clustered_local,U1,first12/phase/0,sram-12,dram-8-0,16,0,12,12,False,,,
4,16,clustered_local,U1,first13/phase/0,sram-13,dram-8-0,16,0,12,12,False,,,
4,16,clustered_local,U1,first14/phase/0,sram-14,dram-10-0,16,0,12,12,False,,,
4,16,clustered_local,U1,first15/phase/0,sram-15,dram-10-0,16,0,12,12,False,,,
4,16,clustered_local,U1,first0/phase/4,host-memory,sram-0,16384,888,1430,542,False,,,
4,16,clustered_local,U1,first0/phase/6,sram-0,dram-0-0,16,1686,1698,12,False,,,
4,16,clustered_local,U1,first1/phase/4,dram-0-0,sram-1,65536,3118,4153,1035,False,,,
4,16,clustered_local,U1,first2/phase/4,dram-2-0,sram-2,65536,3118,4153,1035,False,,,
4,16,clustered_local,U1,first8/phase/4,dram-8-0,sram-8,65536,3118,4153,1035,False,,,
4,16,clustered_local,U1,first10/phase/4,dram-10-0,sram-10,65536,3118,4153,1035,False,,,
4,16,clustered_local,U1,first3/phase/4,dram-2-0,sram-3,65536,5166,6201,1035,False,,,
4,16,clustered_local,U1,first4/phase/4,dram-0-0,sram-4,65536,5166,6201,1035,False,,,
4,16,clustered_local,U1,first9/phase/4,dram-8-0,sram-9,65536,5166,6201,1035,False,,,
4,16,clustered_local,U1,first11/phase/4,dram-10-0,sram-11,65536,5166,6201,1035,False,,,
4,16,clustered_local,U1,first5/phase/4,dram-0-0,sram-5,65536,7214,8249,1035,False,,,
4,16,clustered_local,U1,first6/phase/4,dram-2-0,sram-6,65536,7214,8249,1035,False,,,
4,16,clustered_local,U1,first12/phase/4,dram-8-0,sram-12,65536,7214,8249,1035,False,,,
4,16,clustered_local,U1,first14/phase/4,dram-10-0,sram-14,65536,7214,8249,1035,False,,,
4,16,clustered_local,U1,second1/phase/1,sram-1,sram-2,16384,9017,9557,540,False,,,
4,16,clustered_local,U1,second2/phase/1,sram-2,sram-3,16384,9017,9556,539,False,,,
4,16,clustered_local,U1,second8/phase/1,sram-8,sram-9,16384,9017,9556,539,False,,,
4,16,clustered_local,U1,second10/phase/1,sram-10,sram-11,16384,9017,9556,539,False,,,
4,16,clustered_local,U1,first7/phase/4,dram-2-0,sram-7,65536,9262,10297,1035,False,,,
4,16,clustered_local,U1,first13/phase/4,dram-8-0,sram-13,65536,9262,10297,1035,False,,,
4,16,clustered_local,U1,first15/phase/4,dram-10-0,sram-15,65536,9262,10297,1035,False,,,
4,16,clustered_local,U1,first0/phase/10,dram-0-0,sram-0,65536,9262,10297,1035,True,,,
4,16,clustered_local,U1,second2/phase/3,sram-3,dram-2-1,16,9812,9824,12,False,,,
4,16,clustered_local,U1,second8/phase/3,sram-9,dram-8-1,16,9812,9824,12,False,,,
4,16,clustered_local,U1,second10/phase/3,sram-11,dram-10-1,16,9812,9824,12,False,,,
4,16,clustered_local,U1,second1/phase/3,sram-2,dram-2-1,16,9813,9825,12,False,,,
4,16,clustered_local,U1,second3/phase/1,sram-3,sram-4,16384,11065,11667,602,False,,,
4,16,clustered_local,U1,second4/phase/1,sram-4,sram-5,16384,11065,11604,539,False,,,
4,16,clustered_local,U1,second9/phase/1,sram-9,sram-10,16384,11065,11604,539,False,,,
4,16,clustered_local,U1,second11/phase/1,sram-11,sram-12,16384,11065,11667,602,False,,,
4,16,clustered_local,U1,second4/phase/3,sram-5,dram-0-1,16,11860,11872,12,False,,,
4,16,clustered_local,U1,second9/phase/3,sram-10,dram-10-1,16,11860,11872,12,False,,,
4,16,clustered_local,U1,second3/phase/3,sram-4,dram-0-1,16,11923,11935,12,False,,,
4,16,clustered_local,U1,second11/phase/3,sram-12,dram-8-1,16,11923,11935,12,False,,,
4,16,clustered_local,U1,second2/phase/7,dram-2-1,sram-3,65536,12930,13965,1035,False,,,
4,16,clustered_local,U1,second8/phase/7,dram-8-1,sram-9,65536,12930,13965,1035,False,,,
4,16,clustered_local,U1,second10/phase/7,dram-10-1,sram-11,65536,12930,13965,1035,False,,,
4,16,clustered_local,U1,second5/phase/1,sram-5,sram-6,16384,13113,13653,540,False,,,
4,16,clustered_local,U1,second6/phase/1,sram-6,sram-7,16384,13113,13652,539,False,,,
4,16,clustered_local,U1,second12/phase/1,sram-12,sram-13,16384,13113,13652,539,False,,,
4,16,clustered_local,U1,second14/phase/1,sram-14,sram-15,16384,13113,13652,539,False,,,
4,16,clustered_local,U1,second6/phase/3,sram-7,dram-2-1,16,13908,13920,12,False,,,
4,16,clustered_local,U1,second12/phase/3,sram-13,dram-8-1,16,13908,13920,12,False,,,
4,16,clustered_local,U1,second14/phase/3,sram-15,dram-10-1,16,13908,13920,12,False,,,
4,16,clustered_local,U1,second5/phase/3,sram-6,dram-2-1,16,13909,13921,12,False,,,
4,16,clustered_local,U1,second1/phase/7,dram-2-1,sram-2,65536,14978,16013,1035,False,,,
4,16,clustered_local,U1,second4/phase/7,dram-0-1,sram-5,65536,14978,16013,1035,False,,,
4,16,clustered_local,U1,second9/phase/7,dram-10-1,sram-10,65536,14978,16013,1035,False,,,
4,16,clustered_local,U1,second11/phase/7,dram-8-1,sram-12,65536,15041,16076,1035,False,,,
4,16,clustered_local,U1,second7/phase/1,sram-7,sram-8,16384,15161,15763,602,False,,,
4,16,clustered_local,U1,second13/phase/1,sram-13,sram-14,16384,15161,15700,539,False,,,
4,16,clustered_local,U1,second15/phase/1,sram-15,sram-0,16384,15161,15805,644,False,,,
4,16,clustered_local,U1,second0/phase/1,sram-0,sram-1,16384,15161,15700,539,True,,,
4,16,clustered_local,U1,second0/phase/3,sram-1,dram-0-1,16,15956,15968,12,True,,,
4,16,clustered_local,U1,second13/phase/3,sram-14,dram-10-1,16,15956,15968,12,False,,,
4,16,clustered_local,U1,second7/phase/3,sram-8,dram-8-1,16,16019,16031,12,False,,,
4,16,clustered_local,U1,second15/phase/3,sram-0,dram-0-1,16,16061,16073,12,False,,,
4,16,clustered_local,U1,second3/phase/7,dram-0-1,sram-4,65536,17026,18061,1035,False,,,
4,16,clustered_local,U1,second6/phase/7,dram-2-1,sram-7,65536,17026,18061,1035,False,,,
4,16,clustered_local,U1,second14/phase/7,dram-10-1,sram-15,65536,17026,18061,1035,False,,,
4,16,clustered_local,U1,second12/phase/7,dram-8-1,sram-13,65536,17089,18124,1035,False,,,
4,16,clustered_local,U1,second2/phase/13,sram-3,dram-2-0,16384,18829,19096,267,False,,,
4,16,clustered_local,U1,second8/phase/13,sram-9,dram-8-0,16384,18829,19096,267,False,,,
4,16,clustered_local,U1,second10/phase/13,sram-11,dram-10-0,16384,18829,19096,267,False,,,
4,16,clustered_local,U1,second5/phase/7,dram-2-1,sram-6,65536,19074,20109,1035,False,,,
4,16,clustered_local,U1,second0/phase/7,dram-0-1,sram-1,65536,19074,20109,1035,False,,,
4,16,clustered_local,U1,second13/phase/7,dram-10-1,sram-14,65536,19074,20109,1035,False,,,
4,16,clustered_local,U1,second7/phase/7,dram-8-1,sram-8,65536,19137,20172,1035,False,,,
4,16,clustered_local,U1,second2/phase/16,dram-2-0,sram-3,16,19898,19910,12,False,,,
4,16,clustered_local,U1,second10/phase/16,dram-10-0,sram-11,16,19898,19910,12,False,,,
4,16,clustered_local,U1,second8/phase/16,dram-8-0,sram-9,16,19935,19947,12,False,,,
4,16,clustered_local,U1,second1/phase/13,sram-2,dram-2-0,16384,20877,21144,267,False,,,
4,16,clustered_local,U1,second4/phase/13,sram-5,dram-0-0,16384,20877,21144,267,False,,,
4,16,clustered_local,U1,second9/phase/13,sram-10,dram-10-0,16384,20877,21144,267,False,,,
4,16,clustered_local,U1,second11/phase/13,sram-12,dram-8-0,16384,20940,21207,267,False,,,
4,16,clustered_local,U1,second15/phase/7,dram-0-1,sram-0,65536,21122,22157,1035,True,,,
4,16,clustered_local,U1,second1/phase/16,dram-2-0,sram-2,16,21946,21958,12,False,,,
4,16,clustered_local,U1,second4/phase/16,dram-0-0,sram-5,16,21946,21958,12,False,,,
4,16,clustered_local,U1,second9/phase/16,dram-10-0,sram-10,16,21946,21958,12,False,,,
4,16,clustered_local,U1,second11/phase/16,dram-8-0,sram-12,16,22009,22021,12,False,,,
4,16,clustered_local,U1,second3/phase/13,sram-4,dram-0-0,16384,22925,23192,267,False,,,
4,16,clustered_local,U1,second6/phase/13,sram-7,dram-2-0,16384,22925,23192,267,False,,,
4,16,clustered_local,U1,second14/phase/13,sram-15,dram-10-0,16384,22925,23192,267,False,,,
4,16,clustered_local,U1,second12/phase/13,sram-13,dram-8-0,16384,22988,23255,267,False,,,
4,16,clustered_local,U1,second3/phase/16,dram-0-0,sram-4,16,23994,24006,12,False,,,
4,16,clustered_local,U1,second6/phase/16,dram-2-0,sram-7,16,23994,24006,12,False,,,
4,16,clustered_local,U1,second14/phase/16,dram-10-0,sram-15,16,23994,24006,12,False,,,
4,16,clustered_local,U1,second12/phase/16,dram-8-0,sram-13,16,24057,24069,12,False,,,
4,16,clustered_local,U1,second5/phase/13,sram-6,dram-2-0,16384,24973,25240,267,False,,,
4,16,clustered_local,U1,second0/phase/13,sram-1,dram-0-0,16384,24973,25240,267,False,,,
4,16,clustered_local,U1,second13/phase/13,sram-14,dram-10-0,16384,24973,25240,267,False,,,
4,16,clustered_local,U1,second7/phase/13,sram-8,dram-8-0,16384,25036,25303,267,False,,,
4,16,clustered_local,U1,second5/phase/16,dram-2-0,sram-6,16,26042,26054,12,False,,,
4,16,clustered_local,U1,second0/phase/16,dram-0-0,sram-1,16,26042,26054,12,False,,,
4,16,clustered_local,U1,second13/phase/16,dram-10-0,sram-14,16,26042,26054,12,False,,,
4,16,clustered_local,U1,second7/phase/16,dram-8-0,sram-8,16,26105,26117,12,False,,,
4,16,clustered_local,U1,second15/phase/13,sram-0,dram-0-0,16384,27021,27288,267,True,,,
4,16,clustered_local,U1,second15/phase/16,dram-0-0,sram-0,16,28090,28102,12,True,,,
4,16,clustered_local,S,first0/phase/0,sram-0,host-memory,16,0,32,32,False,0,0,1.0
4,16,clustered_local,S,first1/phase/0,sram-1,dram-0-0,16,0,34,34,True,0,0,2.0
4,16,clustered_local,S,first2/phase/0,sram-2,dram-2-0,16,0,13,13,False,0,0,1.0
4,16,clustered_local,S,first3/phase/0,sram-3,dram-2-0,16,0,34,34,False,0,0,2.0
4,16,clustered_local,S,first4/phase/0,sram-4,dram-0-0,16,0,36,36,False,0,0,2.0
4,16,clustered_local,S,first5/phase/0,sram-5,dram-0-0,16,0,55,55,False,0,0,3.0
4,16,clustered_local,S,first6/phase/0,sram-6,dram-2-0,16,0,36,36,False,0,0,2.0
4,16,clustered_local,S,first7/phase/0,sram-7,dram-2-0,16,0,55,55,False,0,0,3.0
4,16,clustered_local,S,first8/phase/0,sram-8,dram-8-0,16,0,13,13,False,0,0,1.0
4,16,clustered_local,S,first9/phase/0,sram-9,dram-8-0,16,0,34,34,False,0,0,2.0
4,16,clustered_local,S,first10/phase/0,sram-10,dram-10-0,16,0,13,13,False,0,0,1.0
4,16,clustered_local,S,first11/phase/0,sram-11,dram-10-0,16,0,34,34,False,0,0,2.0
4,16,clustered_local,S,first12/phase/0,sram-12,dram-8-0,16,0,36,36,False,0,0,2.0
4,16,clustered_local,S,first13/phase/0,sram-13,dram-8-0,16,0,55,55,False,0,0,3.0
4,16,clustered_local,S,first14/phase/0,sram-14,dram-10-0,16,0,36,36,False,0,0,2.0
4,16,clustered_local,S,first15/phase/0,sram-15,dram-10-0,16,0,55,55,False,0,0,3.0
4,16,clustered_local,S,first0/phase/4,host-memory,sram-0,16384,888,1430,542,False,0,451,1.0
4,16,clustered_local,S,first0/phase/6,sram-0,dram-0-0,16,1686,1699,13,False,0,0,1.0
4,16,clustered_local,S,first2/phase/4,dram-2-0,sram-2,65536,3119,5178,2059,False,0,1987,1.0
4,16,clustered_local,S,first8/phase/4,dram-8-0,sram-8,65536,3119,5178,2059,False,0,1987,1.0
4,16,clustered_local,S,first10/phase/4,dram-10-0,sram-10,65536,3119,5178,2059,False,0,1987,1.0
4,16,clustered_local,S,first1/phase/4,dram-0-0,sram-1,65536,3140,5220,2080,False,0,1987,2.0
4,16,clustered_local,S,first3/phase/4,dram-2-0,sram-3,65536,5167,7247,2080,False,0,1987,2.0
4,16,clustered_local,S,first9/phase/4,dram-8-0,sram-9,65536,5167,7247,2080,False,0,1987,2.0
4,16,clustered_local,S,first11/phase/4,dram-10-0,sram-11,65536,5167,7247,2080,False,0,1987,2.0
4,16,clustered_local,S,first4/phase/4,dram-0-0,sram-4,65536,5188,7268,2080,False,0,1987,2.0
4,16,clustered_local,S,first6/phase/4,dram-2-0,sram-6,65536,7215,9295,2080,False,0,1987,2.0
4,16,clustered_local,S,first12/phase/4,dram-8-0,sram-12,65536,7215,9295,2080,False,0,1987,2.0
4,16,clustered_local,S,first14/phase/4,dram-10-0,sram-14,65536,7215,9295,2080,False,0,1987,2.0
4,16,clustered_local,S,first5/phase/4,dram-0-0,sram-5,65536,7236,9337,2101,False,0,1987,3.0
4,16,clustered_local,S,first7/phase/4,dram-2-0,sram-7,65536,9263,11534,2271,False,0,2100,3.0
4,16,clustered_local,S,first13/phase/4,dram-8-0,sram-13,65536,9263,11534,2271,False,0,2100,3.0
4,16,clustered_local,S,first15/phase/4,dram-10-0,sram-15,65536,9263,11534,2271,False,0,2100,3.0
4,16,clustered_local,S,first0/phase/10,dram-0-0,sram-0,65536,9284,11343,2059,True,0,1987,1.0
4,16,clustered_local,S,second2/phase/1,sram-2,sram-3,16384,10042,10757,715,False,0,601,1.0
4,16,clustered_local,S,second8/phase/1,sram-8,sram-9,16384,10042,10757,715,False,0,601,1.0
4,16,clustered_local,S,second10/phase/1,sram-10,sram-11,16384,10042,10757,715,False,0,601,1.0
4,16,clustered_local,S,second1/phase/1,sram-1,sram-2,16384,10084,10624,540,False,0,451,1.0
4,16,clustered_local,S,second1/phase/3,sram-2,dram-2-1,16,10880,10894,14,False,0,0,1.0
4,16,clustered_local,S,second2/phase/3,sram-3,dram-2-1,16,11013,11048,35,False,0,0,2.0
4,16,clustered_local,S,second8/phase/3,sram-9,dram-8-1,16,11013,11048,35,False,0,0,2.0
4,16,clustered_local,S,second10/phase/3,sram-11,dram-10-1,16,11013,11048,35,False,0,0,2.0
4,16,clustered_local,S,second3/phase/1,sram-3,sram-4,16384,12111,12714,603,False,0,451,4.0
4,16,clustered_local,S,second9/phase/1,sram-9,sram-10,16384,12111,12650,539,False,0,451,1.0
4,16,clustered_local,S,second11/phase/1,sram-11,sram-12,16384,12111,12713,602,False,0,451,4.0
4,16,clustered_local,S,second4/phase/1,sram-4,sram-5,16384,12132,12671,539,False,0,451,1.0
4,16,clustered_local,S,second9/phase/3,sram-10,dram-10-1,16,12906,12919,13,False,0,0,1.0
4,16,clustered_local,S,second4/phase/3,sram-5,dram-0-1,16,12927,12982,55,False,0,0,3.0
4,16,clustered_local,S,second11/phase/3,sram-12,dram-8-1,16,12969,13003,34,False,0,0,2.0
4,16,clustered_local,S,second3/phase/3,sram-4,dram-0-1,16,12970,13004,34,False,0,0,2.0
4,16,clustered_local,S,second1/phase/7,dram-2-1,sram-2,65536,14000,16059,2059,False,0,1987,1.0
4,16,clustered_local,S,second8/phase/7,dram-8-1,sram-9,65536,14154,16234,2080,False,0,1987,2.0
4,16,clustered_local,S,second10/phase/7,dram-10-1,sram-11,65536,14154,16234,2080,False,0,1987,2.0
4,16,clustered_local,S,second6/phase/1,sram-6,sram-7,16384,14159,14698,539,False,0,451,1.0
4,16,clustered_local,S,second12/phase/1,sram-12,sram-13,16384,14159,14698,539,False,0,451,1.0
4,16,clustered_local,S,second14/phase/1,sram-14,sram-15,16384,14159,14698,539,False,0,451,1.0
4,16,clustered_local,S,second5/phase/1,sram-5,sram-6,16384,14201,14741,540,False,0,451,1.0
4,16,clustered_local,S,second6/phase/3,sram-7,dram-2-1,16,14954,15010,56,False,0,0,3.0
4,16,clustered_local,S,second12/phase/3,sram-13,dram-8-1,16,14954,15010,56,False,0,0,3.0
4,16,clustered_local,S,second14/phase/3,sram-15,dram-10-1,16,14954,15010,56,False,0,0,3.0
4,16,clustered_local,S,second5/phase/3,sram-6,dram-2-1,16,14997,15032,35,False,0,0,2.0
4,16,clustered_local,S,second2/phase/7,dram-2-1,sram-3,65536,16048,18128,2080,False,0,1987,2.0
4,16,clustered_local,S,second4/phase/7,dram-0-1,sram-5,65536,16088,18341,2253,False,0,2082,3.0
4,16,clustered_local,S,second9/phase/7,dram-10-1,sram-10,65536,16202,18261,2059,False,0,1987,1.0
4,16,clustered_local,S,second11/phase/7,dram-8-1,sram-12,65536,16202,18282,2080,False,0,1987,2.0
4,16,clustered_local,S,second0/phase/1,sram-0,sram-1,16384,16207,16906,699,True,0,607,1.0
4,16,clustered_local,S,second7/phase/1,sram-7,sram-8,16384,16398,17001,603,False,0,451,4.0
4,16,clustered_local,S,second13/phase/1,sram-13,sram-14,16384,16398,16937,539,False,0,451,1.0
4,16,clustered_local,S,second15/phase/1,sram-15,sram-0,16384,16398,17043,645,False,0,451,6.0
4,16,clustered_local,S,second0/phase/3,sram-1,dram-0-1,16,17162,17197,35,True,0,0,2.0
4,16,clustered_local,S,second13/phase/3,sram-14,dram-10-1,16,17193,17228,35,False,0,0,2.0
4,16,clustered_local,S,second7/phase/3,sram-8,dram-8-1,16,17257,17270,13,False,0,0,1.0
4,16,clustered_local,S,second15/phase/3,sram-0,dram-0-1,16,17299,17313,14,False,0,0,1.0
4,16,clustered_local,S,second6/phase/7,dram-2-1,sram-7,65536,18116,20217,2101,False,0,1987,3.0
4,16,clustered_local,S,second3/phase/7,dram-0-1,sram-4,65536,18136,20368,2232,False,36,2046,2.0
4,16,clustered_local,S,second12/phase/7,dram-8-1,sram-13,65536,18250,20351,2101,False,0,1987,3.0
4,16,clustered_local,S,second14/phase/7,dram-10-1,sram-15,65536,18250,20351,2101,False,0,1987,3.0
4,16,clustered_local,S,second5/phase/7,dram-2-1,sram-6,65536,20164,22244,2080,False,0,1987,2.0
4,16,clustered_local,S,second0/phase/7,dram-0-1,sram-1,65536,20303,22416,2113,False,0,1987,2.0
4,16,clustered_local,S,second13/phase/7,dram-10-1,sram-14,65536,20334,22414,2080,False,0,1987,2.0
4,16,clustered_local,S,second7/phase/7,dram-8-1,sram-8,65536,20376,22435,2059,False,0,1987,1.0
4,16,clustered_local,S,second1/phase/13,sram-2,dram-2-0,16384,20923,21446,523,False,0,451,1.0
4,16,clustered_local,S,second8/phase/13,sram-9,dram-8-0,16384,21098,21642,544,False,0,451,2.0
4,16,clustered_local,S,second10/phase/13,sram-11,dram-10-0,16384,21098,21642,544,False,0,451,2.0
4,16,clustered_local,S,second1/phase/16,dram-2-0,sram-2,16,22248,22261,13,False,0,0,1.0
4,16,clustered_local,S,second15/phase/7,dram-0-1,sram-0,65536,22351,24443,2092,True,0,1987,1.0
4,16,clustered_local,S,second8/phase/16,dram-8-0,sram-9,16,22444,22478,34,False,0,0,2.0
4,16,clustered_local,S,second10/phase/16,dram-10-0,sram-11,16,22444,22478,34,False,0,0,2.0
4,16,clustered_local,S,second2/phase/13,sram-3,dram-2-0,16384,22992,23536,544,False,0,451,2.0
4,16,clustered_local,S,second9/phase/13,sram-10,dram-10-0,16384,23125,23648,523,False,0,451,1.0
4,16,clustered_local,S,second11/phase/13,sram-12,dram-8-0,16384,23146,23690,544,False,0,451,2.0
4,16,clustered_local,S,second4/phase/13,sram-5,dram-0-0,16384,23205,23771,566,False,0,451,3.0
4,16,clustered_local,S,second2/phase/16,dram-2-0,sram-3,16,24338,24372,34,False,0,0,2.0
4,16,clustered_local,S,second9/phase/16,dram-10-0,sram-10,16,24450,24463,13,False,0,0,1.0
4,16,clustered_local,S,second11/phase/16,dram-8-0,sram-12,16,24492,24526,34,False,0,0,2.0
4,16,clustered_local,S,second4/phase/16,dram-0-0,sram-5,16,24573,24628,55,False,0,0,3.0
4,16,clustered_local,S,second6/phase/13,sram-7,dram-2-0,16384,25081,25646,565,False,0,451,3.0
4,16,clustered_local,S,second12/phase/13,sram-13,dram-8-0,16384,25215,25780,565,False,0,451,3.0
4,16,clustered_local,S,second14/phase/13,sram-15,dram-10-0,16384,25215,25780,565,False,0,451,3.0
4,16,clustered_local,S,second3/phase/13,sram-4,dram-0-0,16384,25232,25776,544,False,0,451,2.0
4,16,clustered_local,S,second6/phase/16,dram-2-0,sram-7,16,26448,26503,55,False,0,0,3.0
4,16,clustered_local,S,second3/phase/16,dram-0-0,sram-4,16,26578,26612,34,False,0,0,2.0
4,16,clustered_local,S,second12/phase/16,dram-8-0,sram-13,16,26582,26637,55,False,0,0,3.0
4,16,clustered_local,S,second14/phase/16,dram-10-0,sram-15,16,26582,26637,55,False,0,0,3.0
4,16,clustered_local,S,second5/phase/13,sram-6,dram-2-0,16384,27108,27652,544,False,0,451,2.0
4,16,clustered_local,S,second13/phase/13,sram-14,dram-10-0,16384,27278,27822,544,False,0,451,2.0
4,16,clustered_local,S,second0/phase/13,sram-1,dram-0-0,16384,27280,27824,544,False,0,451,2.0
4,16,clustered_local,S,second7/phase/13,sram-8,dram-8-0,16384,27299,27822,523,False,0,451,1.0
4,16,clustered_local,S,second5/phase/16,dram-2-0,sram-6,16,28454,28488,34,False,0,0,2.0
4,16,clustered_local,S,second7/phase/16,dram-8-0,sram-8,16,28624,28637,13,False,0,0,1.0
4,16,clustered_local,S,second13/phase/16,dram-10-0,sram-14,16,28624,28658,34,False,0,0,2.0
4,16,clustered_local,S,second0/phase/16,dram-0-0,sram-1,16,28626,28660,34,False,0,0,2.0
4,16,clustered_local,S,second15/phase/13,sram-0,dram-0-0,16384,29307,29830,523,True,0,451,1.0
4,16,clustered_local,S,second15/phase/16,dram-0-0,sram-0,16,30632,30645,13,True,0,0,1.0
4,16,remote_balanced,U0,first0/phase/0,sram-0,host-memory,16,0,32,32,True,,,
4,16,remote_balanced,U0,first1/phase/0,sram-1,dram-9-0,16,0,12,12,False,,,
4,16,remote_balanced,U0,first2/phase/0,sram-2,dram-10-0,16,0,12,12,False,,,
4,16,remote_balanced,U0,first3/phase/0,sram-3,dram-11-0,16,0,12,12,False,,,
4,16,remote_balanced,U0,first4/phase/0,sram-4,dram-12-0,16,0,12,12,False,,,
4,16,remote_balanced,U0,first5/phase/0,sram-5,dram-13-0,16,0,12,12,False,,,
4,16,remote_balanced,U0,first6/phase/0,sram-6,dram-14-0,16,0,12,12,False,,,
4,16,remote_balanced,U0,first7/phase/0,sram-7,dram-15-0,16,0,12,12,False,,,
4,16,remote_balanced,U0,first8/phase/0,sram-8,dram-0-0,16,0,12,12,False,,,
4,16,remote_balanced,U0,first9/phase/0,sram-9,dram-1-0,16,0,12,12,False,,,
4,16,remote_balanced,U0,first10/phase/0,sram-10,dram-2-0,16,0,12,12,False,,,
4,16,remote_balanced,U0,first11/phase/0,sram-11,dram-3-0,16,0,12,12,False,,,
4,16,remote_balanced,U0,first12/phase/0,sram-12,dram-4-0,16,0,12,12,False,,,
4,16,remote_balanced,U0,first13/phase/0,sram-13,dram-5-0,16,0,12,12,False,,,
4,16,remote_balanced,U0,first14/phase/0,sram-14,dram-6-0,16,0,12,12,False,,,
4,16,remote_balanced,U0,first15/phase/0,sram-15,dram-7-0,16,0,12,12,False,,,
4,16,remote_balanced,U0,first1/phase/4,dram-9-0,sram-1,65536,171,1206,1035,False,,,
4,16,remote_balanced,U0,first2/phase/4,dram-10-0,sram-2,65536,235,1270,1035,False,,,
4,16,remote_balanced,U0,first3/phase/4,dram-11-0,sram-3,65536,299,1334,1035,False,,,
4,16,remote_balanced,U0,first4/phase/4,dram-12-0,sram-4,65536,363,1398,1035,False,,,
4,16,remote_balanced,U0,first5/phase/4,dram-13-0,sram-5,65536,427,1462,1035,False,,,
4,16,remote_balanced,U0,first6/phase/4,dram-14-0,sram-6,65536,491,1526,1035,False,,,
4,16,remote_balanced,U0,first7/phase/4,dram-15-0,sram-7,65536,555,1590,1035,False,,,
4,16,remote_balanced,U0,first8/phase/4,dram-0-0,sram-8,65536,619,1654,1035,False,,,
4,16,remote_balanced,U0,first9/phase/4,dram-1-0,sram-9,65536,683,1718,1035,False,,,
4,16,remote_balanced,U0,first10/phase/4,dram-2-0,sram-10,65536,747,1782,1035,False,,,
4,16,remote_balanced,U0,first11/phase/4,dram-3-0,sram-11,65536,811,1846,1035,False,,,
4,16,remote_balanced,U0,first12/phase/4,dram-4-0,sram-12,65536,875,1910,1035,False,,,
4,16,remote_balanced,U0,first0/phase/4,host-memory,sram-0,16384,888,1430,542,True,,,
4,16,remote_balanced,U0,first13/phase/4,dram-5-0,sram-13,65536,939,1974,1035,False,,,
4,16,remote_balanced,U0,first14/phase/4,dram-6-0,sram-14,65536,1003,2038,1035,False,,,
4,16,remote_balanced,U0,first15/phase/4,dram-7-0,sram-15,65536,1067,2102,1035,False,,,
4,16,remote_balanced,U0,first0/phase/6,sram-0,dram-8-0,16,1686,1698,12,True,,,
4,16,remote_balanced,U0,first0/phase/10,dram-8-0,sram-0,65536,1857,2892,1035,True,,,
4,16,remote_balanced,U0,second1/phase/1,sram-1,sram-2,16384,6070,6609,539,False,,,
4,16,remote_balanced,U0,second2/phase/1,sram-2,sram-3,16384,6134,6674,540,False,,,
4,16,remote_balanced,U0,second3/phase/1,sram-3,sram-4,16384,6198,6800,602,False,,,
4,16,remote_balanced,U0,second4/phase/1,sram-4,sram-5,16384,6262,6801,539,False,,,
4,16,remote_balanced,U0,second5/phase/1,sram-5,sram-6,16384,6326,6866,540,False,,,
4,16,remote_balanced,U0,second6/phase/1,sram-6,sram-7,16384,6390,6929,539,False,,,
4,16,remote_balanced,U0,second7/phase/1,sram-7,sram-8,16384,6454,7058,604,False,,,
4,16,remote_balanced,U0,second8/phase/1,sram-8,sram-9,16384,6518,7058,540,False,,,
4,16,remote_balanced,U0,second9/phase/1,sram-9,sram-10,16384,6582,7121,539,False,,,
4,16,remote_balanced,U0,second10/phase/1,sram-10,sram-11,16384,6646,7186,540,False,,,
4,16,remote_balanced,U0,second11/phase/1,sram-11,sram-12,16384,6710,7330,620,False,,,
4,16,remote_balanced,U0,second12/phase/1,sram-12,sram-13,16384,6774,7313,539,False,,,
4,16,remote_balanced,U0,second13/phase/1,sram-13,sram-14,16384,6838,7378,540,False,,,
4,16,remote_balanced,U0,second1/phase/3,sram-2,dram-10-1,16,6865,6877,12,False,,,
4,16,remote_balanced,U0,second14/phase/1,sram-14,sram-15,16384,6902,7441,539,False,,,
4,16,remote_balanced,U0,second2/phase/3,sram-3,dram-11-1,16,6930,6942,12,False,,,
4,16,remote_balanced,U0,second15/phase/1,sram-15,sram-0,16384,6966,7611,645,False,,,
4,16,remote_balanced,U0,second1/phase/7,dram-10-1,sram-2,65536,7036,8071,1035,False,,,
4,16,remote_balanced,U0,second3/phase/3,sram-4,dram-12-1,16,7056,7068,12,False,,,
4,16,remote_balanced,U0,second4/phase/3,sram-5,dram-13-1,16,7057,7069,12,False,,,
4,16,remote_balanced,U0,second2/phase/7,dram-11-1,sram-3,65536,7101,8136,1035,False,,,
4,16,remote_balanced,U0,second5/phase/3,sram-6,dram-14-1,16,7122,7134,12,False,,,
4,16,remote_balanced,U0,second6/phase/3,sram-7,dram-15-1,16,7185,7197,12,False,,,
4,16,remote_balanced,U0,second3/phase/7,dram-12-1,sram-4,65536,7227,8262,1035,False,,,
4,16,remote_balanced,U0,second4/phase/7,dram-13-1,sram-5,65536,7291,8326,1035,False,,,
4,16,remote_balanced,U0,second7/phase/3,sram-8,dram-0-1,16,7314,7326,12,False,,,
4,16,remote_balanced,U0,second8/phase/3,sram-9,dram-1-1,16,7314,7326,12,False,,,
4,16,remote_balanced,U0,second5/phase/7,dram-14-1,sram-6,65536,7355,8390,1035,False,,,
4,16,remote_balanced,U0,second9/phase/3,sram-10,dram-2-1,16,7377,7389,12,False,,,
4,16,remote_balanced,U0,second6/phase/7,dram-15-1,sram-7,65536,7419,8454,1035,False,,,
4,16,remote_balanced,U0,second10/phase/3,sram-11,dram-3-1,16,7442,7454,12,False,,,
4,16,remote_balanced,U0,second7/phase/7,dram-0-1,sram-8,65536,7485,8520,1035,False,,,
4,16,remote_balanced,U0,second8/phase/7,dram-1-1,sram-9,65536,7549,8584,1035,False,,,
4,16,remote_balanced,U0,second12/phase/3,sram-13,dram-5-1,16,7569,7581,12,False,,,
4,16,remote_balanced,U0,second11/phase/3,sram-12,dram-4-1,16,7586,7598,12,False,,,
4,16,remote_balanced,U0,second9/phase/7,dram-2-1,sram-10,65536,7613,8648,1035,False,,,
4,16,remote_balanced,U0,second13/phase/3,sram-14,dram-6-1,16,7634,7646,12,False,,,
4,16,remote_balanced,U0,second10/phase/7,dram-3-1,sram-11,65536,7677,8712,1035,False,,,
4,16,remote_balanced,U0,second14/phase/3,sram-15,dram-7-1,16,7697,7709,12,False,,,
4,16,remote_balanced,U0,second12/phase/7,dram-5-1,sram-13,65536,7741,8776,1035,False,,,
4,16,remote_balanced,U0,second0/phase/1,sram-0,sram-1,16384,7756,8295,539,True,,,
4,16,remote_balanced,U0,second11/phase/7,dram-4-1,sram-12,65536,7805,8840,1035,False,,,
4,16,remote_balanced,U0,second13/phase/7,dram-6-1,sram-14,65536,7869,8904,1035,False,,,
4,16,remote_balanced,U0,second14/phase/7,dram-7-1,sram-15,65536,7933,8968,1035,False,,,
4,16,remote_balanced,U0,second15/phase/3,sram-0,dram-8-1,16,8012,8024,12,False,,,
4,16,remote_balanced,U0,second15/phase/7,dram-8-1,sram-0,65536,8183,9218,1035,False,,,
4,16,remote_balanced,U0,second0/phase/3,sram-1,dram-9-1,16,8551,8563,12,True,,,
4,16,remote_balanced,U0,second0/phase/7,dram-9-1,sram-1,65536,8722,9757,1035,True,,,
4,16,remote_balanced,U0,second1/phase/13,sram-2,dram-10-0,16384,12935,13202,267,False,,,
4,16,remote_balanced,U0,second2/phase/13,sram-3,dram-11-0,16384,13000,13267,267,False,,,
4,16,remote_balanced,U0,second3/phase/13,sram-4,dram-12-0,16384,13126,13393,267,False,,,
4,16,remote_balanced,U0,second4/phase/13,sram-5,dram-13-0,16384,13190,13457,267,False,,,
4,16,remote_balanced,U0,second5/phase/13,sram-6,dram-14-0,16384,13254,13521,267,False,,,
4,16,remote_balanced,U0,second1/phase/16,dram-10-0,sram-2,16,13265,13277,12,False,,,
4,16,remote_balanced,U0,second6/phase/13,sram-7,dram-15-0,16384,13318,13585,267,False,,,
4,16,remote_balanced,U0,second2/phase/16,dram-11-0,sram-3,16,13330,13342,12,False,,,
4,16,remote_balanced,U0,second7/phase/13,sram-8,dram-0-0,16384,13384,13651,267,False,,,
4,16,remote_balanced,U0,second8/phase/13,sram-9,dram-1-0,16384,13448,13715,267,False,,,
4,16,remote_balanced,U0,second3/phase/16,dram-12-0,sram-4,16,13456,13468,12,False,,,
4,16,remote_balanced,U0,second9/phase/13,sram-10,dram-2-0,16384,13512,13779,267,False,,,
4,16,remote_balanced,U0,second4/phase/16,dram-13-0,sram-5,16,13520,13532,12,False,,,
4,16,remote_balanced,U0,second10/phase/13,sram-11,dram-3-0,16384,13576,13843,267,False,,,
4,16,remote_balanced,U0,second5/phase/16,dram-14-0,sram-6,16,13584,13596,12,False,,,
4,16,remote_balanced,U0,second12/phase/13,sram-13,dram-5-0,16384,13640,13907,267,False,,,
4,16,remote_balanced,U0,second6/phase/16,dram-15-0,sram-7,16,13648,13660,12,False,,,
4,16,remote_balanced,U0,second11/phase/13,sram-12,dram-4-0,16384,13704,13971,267,False,,,
4,16,remote_balanced,U0,second7/phase/16,dram-0-0,sram-8,16,13714,13726,12,False,,,
4,16,remote_balanced,U0,second13/phase/13,sram-14,dram-6-0,16384,13768,14035,267,False,,,
4,16,remote_balanced,U0,second8/phase/16,dram-1-0,sram-9,16,13778,13790,12,False,,,
4,16,remote_balanced,U0,second14/phase/13,sram-15,dram-7-0,16384,13832,14099,267,False,,,
4,16,remote_balanced,U0,second9/phase/16,dram-2-0,sram-10,16,13842,13854,12,False,,,
4,16,remote_balanced,U0,second10/phase/16,dram-3-0,sram-11,16,13906,13918,12,False,,,
4,16,remote_balanced,U0,second12/phase/16,dram-5-0,sram-13,16,13970,13982,12,False,,,
4,16,remote_balanced,U0,second11/phase/16,dram-4-0,sram-12,16,14034,14046,12,False,,,
4,16,remote_balanced,U0,second15/phase/13,sram-0,dram-8-0,16384,14082,14349,267,False,,,
4,16,remote_balanced,U0,second13/phase/16,dram-6-0,sram-14,16,14098,14110,12,False,,,
4,16,remote_balanced,U0,second14/phase/16,dram-7-0,sram-15,16,14162,14174,12,False,,,
4,16,remote_balanced,U0,second15/phase/16,dram-8-0,sram-0,16,14412,14424,12,False,,,
4,16,remote_balanced,U0,second0/phase/13,sram-1,dram-9-0,16384,14621,14888,267,True,,,
4,16,remote_balanced,U0,second0/phase/16,dram-9-0,sram-1,16,14951,14963,12,True,,,
4,16,remote_balanced,U1,first0/phase/0,sram-0,host-memory,16,0,32,32,True,,,
4,16,remote_balanced,U1,first1/phase/0,sram-1,dram-9-0,16,0,12,12,False,,,
4,16,remote_balanced,U1,first2/phase/0,sram-2,dram-10-0,16,0,12,12,False,,,
4,16,remote_balanced,U1,first3/phase/0,sram-3,dram-11-0,16,0,12,12,False,,,
4,16,remote_balanced,U1,first4/phase/0,sram-4,dram-12-0,16,0,12,12,False,,,
4,16,remote_balanced,U1,first5/phase/0,sram-5,dram-13-0,16,0,12,12,False,,,
4,16,remote_balanced,U1,first6/phase/0,sram-6,dram-14-0,16,0,12,12,False,,,
4,16,remote_balanced,U1,first7/phase/0,sram-7,dram-15-0,16,0,12,12,False,,,
4,16,remote_balanced,U1,first8/phase/0,sram-8,dram-0-0,16,0,12,12,False,,,
4,16,remote_balanced,U1,first9/phase/0,sram-9,dram-1-0,16,0,12,12,False,,,
4,16,remote_balanced,U1,first10/phase/0,sram-10,dram-2-0,16,0,12,12,False,,,
4,16,remote_balanced,U1,first11/phase/0,sram-11,dram-3-0,16,0,12,12,False,,,
4,16,remote_balanced,U1,first12/phase/0,sram-12,dram-4-0,16,0,12,12,False,,,
4,16,remote_balanced,U1,first13/phase/0,sram-13,dram-5-0,16,0,12,12,False,,,
4,16,remote_balanced,U1,first14/phase/0,sram-14,dram-6-0,16,0,12,12,False,,,
4,16,remote_balanced,U1,first15/phase/0,sram-15,dram-7-0,16,0,12,12,False,,,
4,16,remote_balanced,U1,first0/phase/4,host-memory,sram-0,16384,888,1430,542,True,,,
4,16,remote_balanced,U1,first0/phase/6,sram-0,dram-8-0,16,1686,1698,12,True,,,
4,16,remote_balanced,U1,first1/phase/4,dram-9-0,sram-1,65536,3118,4153,1035,False,,,
4,16,remote_balanced,U1,first2/phase/4,dram-10-0,sram-2,65536,3118,4153,1035,False,,,
4,16,remote_balanced,U1,first3/phase/4,dram-11-0,sram-3,65536,3118,4153,1035,False,,,
4,16,remote_balanced,U1,first4/phase/4,dram-12-0,sram-4,65536,3118,4153,1035,False,,,
4,16,remote_balanced,U1,first5/phase/4,dram-13-0,sram-5,65536,3118,4153,1035,False,,,
4,16,remote_balanced,U1,first6/phase/4,dram-14-0,sram-6,65536,3118,4153,1035,False,,,
4,16,remote_balanced,U1,first7/phase/4,dram-15-0,sram-7,65536,3118,4153,1035,False,,,
4,16,remote_balanced,U1,first8/phase/4,dram-0-0,sram-8,65536,3118,4153,1035,False,,,
4,16,remote_balanced,U1,first9/phase/4,dram-1-0,sram-9,65536,3118,4153,1035,False,,,
4,16,remote_balanced,U1,first10/phase/4,dram-2-0,sram-10,65536,3118,4153,1035,False,,,
4,16,remote_balanced,U1,first11/phase/4,dram-3-0,sram-11,65536,3118,4153,1035,False,,,
4,16,remote_balanced,U1,first12/phase/4,dram-4-0,sram-12,65536,3118,4153,1035,False,,,
4,16,remote_balanced,U1,first13/phase/4,dram-5-0,sram-13,65536,3118,4153,1035,False,,,
4,16,remote_balanced,U1,first14/phase/4,dram-6-0,sram-14,65536,3118,4153,1035,False,,,
4,16,remote_balanced,U1,first15/phase/4,dram-7-0,sram-15,65536,3118,4153,1035,False,,,
4,16,remote_balanced,U1,first0/phase/10,dram-8-0,sram-0,65536,4804,5839,1035,True,,,
4,16,remote_balanced,U1,second1/phase/1,sram-1,sram-2,16384,9017,9557,540,False,,,
4,16,remote_balanced,U1,second2/phase/1,sram-2,sram-3,16384,9017,9557,540,False,,,
4,16,remote_balanced,U1,second3/phase/1,sram-3,sram-4,16384,9017,9623,606,False,,,
4,16,remote_balanced,U1,second4/phase/1,sram-4,sram-5,16384,9017,9557,540,False,,,
4,16,remote_balanced,U1,second5/phase/1,sram-5,sram-6,16384,9017,9557,540,False,,,
4,16,remote_balanced,U1,second6/phase/1,sram-6,sram-7,16384,9017,9557,540,False,,,
4,16,remote_balanced,U1,second7/phase/1,sram-7,sram-8,16384,9017,9623,606,False,,,
4,16,remote_balanced,U1,second8/phase/1,sram-8,sram-9,16384,9017,9557,540,False,,,
4,16,remote_balanced,U1,second9/phase/1,sram-9,sram-10,16384,9017,9557,540,False,,,
4,16,remote_balanced,U1,second10/phase/1,sram-10,sram-11,16384,9017,9557,540,False,,,
4,16,remote_balanced,U1,second11/phase/1,sram-11,sram-12,16384,9017,9637,620,False,,,
4,16,remote_balanced,U1,second12/phase/1,sram-12,sram-13,16384,9017,9557,540,False,,,
4,16,remote_balanced,U1,second13/phase/1,sram-13,sram-14,16384,9017,9557,540,False,,,
4,16,remote_balanced,U1,second14/phase/1,sram-14,sram-15,16384,9017,9557,540,False,,,
4,16,remote_balanced,U1,second15/phase/1,sram-15,sram-0,16384,9017,9680,663,False,,,
4,16,remote_balanced,U1,second1/phase/3,sram-2,dram-10-1,16,9813,9825,12,False,,,
4,16,remote_balanced,U1,second2/phase/3,sram-3,dram-11-1,16,9813,9825,12,False,,,
4,16,remote_balanced,U1,second4/phase/3,sram-5,dram-13-1,16,9813,9825,12,False,,,
4,16,remote_balanced,U1,second5/phase/3,sram-6,dram-14-1,16,9813,9825,12,False,,,
4,16,remote_balanced,U1,second6/phase/3,sram-7,dram-15-1,16,9813,9825,12,False,,,
4,16,remote_balanced,U1,second8/phase/3,sram-9,dram-1-1,16,9813,9825,12,False,,,
4,16,remote_balanced,U1,second9/phase/3,sram-10,dram-2-1,16,9813,9825,12,False,,,
4,16,remote_balanced,U1,second10/phase/3,sram-11,dram-3-1,16,9813,9825,12,False,,,
4,16,remote_balanced,U1,second12/phase/3,sram-13,dram-5-1,16,9813,9825,12,False,,,
4,16,remote_balanced,U1,second13/phase/3,sram-14,dram-6-1,16,9813,9825,12,False,,,
4,16,remote_balanced,U1,second14/phase/3,sram-15,dram-7-1,16,9813,9825,12,False,,,
4,16,remote_balanced,U1,second3/phase/3,sram-4,dram-12-1,16,9879,9891,12,False,,,
4,16,remote_balanced,U1,second7/phase/3,sram-8,dram-0-1,16,9879,9891,12,False,,,
4,16,remote_balanced,U1,second11/phase/3,sram-12,dram-4-1,16,9893,9905,12,False,,,
4,16,remote_balanced,U1,second15/phase/3,sram-0,dram-8-1,16,9936,9948,12,False,,,
4,16,remote_balanced,U1,second0/phase/1,sram-0,sram-1,16384,10703,11242,539,True,,,
4,16,remote_balanced,U1,second0/phase/3,sram-1,dram-9-1,16,11498,11510,12,True,,,
4,16,remote_balanced,U1,second1/phase/7,dram-10-1,sram-2,65536,12931,13966,1035,False,,,
4,16,remote_balanced,U1,second2/phase/7,dram-11-1,sram-3,65536,12931,13966,1035,False,,,
4,16,remote_balanced,U1,second4/phase/7,dram-13-1,sram-5,65536,12931,13966,1035,False,,,
4,16,remote_balanced,U1,second5/phase/7,dram-14-1,sram-6,65536,12931,13966,1035,False,,,
4,16,remote_balanced,U1,second6/phase/7,dram-15-1,sram-7,65536,12931,13966,1035,False,,,
4,16,remote_balanced,U1,second8/phase/7,dram-1-1,sram-9,65536,12931,13966,1035,False,,,
4,16,remote_balanced,U1,second9/phase/7,dram-2-1,sram-10,65536,12931,13966,1035,False,,,
4,16,remote_balanced,U1,second10/phase/7,dram-3-1,sram-11,65536,12931,13966,1035,False,,,
4,16,remote_balanced,U1,second12/phase/7,dram-5-1,sram-13,65536,12931,13966,1035,False,,,
4,16,remote_balanced,U1,second13/phase/7,dram-6-1,sram-14,65536,12931,13966,1035,False,,,
4,16,remote_balanced,U1,second14/phase/7,dram-7-1,sram-15,65536,12931,13966,1035,False,,,
4,16,remote_balanced,U1,second3/phase/7,dram-12-1,sram-4,65536,12997,14032,1035,False,,,
4,16,remote_balanced,U1,second7/phase/7,dram-0-1,sram-8,65536,12997,14032,1035,False,,,
4,16,remote_balanced,U1,second11/phase/7,dram-4-1,sram-12,65536,13011,14046,1035,False,,,
4,16,remote_balanced,U1,second15/phase/7,dram-8-1,sram-0,65536,13054,14089,1035,False,,,
4,16,remote_balanced,U1,second0/phase/7,dram-9-1,sram-1,65536,14616,15651,1035,True,,,
4,16,remote_balanced,U1,second1/phase/13,sram-2,dram-10-0,16384,18830,19097,267,False,,,
4,16,remote_balanced,U1,second2/phase/13,sram-3,dram-11-0,16384,18830,19097,267,False,,,
4,16,remote_balanced,U1,second4/phase/13,sram-5,dram-13-0,16384,18830,19097,267,False,,,
4,16,remote_balanced,U1,second5/phase/13,sram-6,dram-14-0,16384,18830,19097,267,False,,,
4,16,remote_balanced,U1,second6/phase/13,sram-7,dram-15-0,16384,18830,19097,267,False,,,
4,16,remote_balanced,U1,second8/phase/13,sram-9,dram-1-0,16384,18830,19097,267,False,,,
4,16,remote_balanced,U1,second9/phase/13,sram-10,dram-2-0,16384,18830,19097,267,False,,,
4,16,remote_balanced,U1,second10/phase/13,sram-11,dram-3-0,16384,18830,19097,267,False,,,
4,16,remote_balanced,U1,second12/phase/13,sram-13,dram-5-0,16384,18830,19097,267,False,,,
4,16,remote_balanced,U1,second13/phase/13,sram-14,dram-6-0,16384,18830,19097,267,False,,,
4,16,remote_balanced,U1,second14/phase/13,sram-15,dram-7-0,16384,18830,19097,267,False,,,
4,16,remote_balanced,U1,second3/phase/13,sram-4,dram-12-0,16384,18896,19163,267,False,,,
4,16,remote_balanced,U1,second7/phase/13,sram-8,dram-0-0,16384,18896,19163,267,False,,,
4,16,remote_balanced,U1,second11/phase/13,sram-12,dram-4-0,16384,18910,19177,267,False,,,
4,16,remote_balanced,U1,second15/phase/13,sram-0,dram-8-0,16384,18953,19220,267,False,,,
4,16,remote_balanced,U1,second1/phase/16,dram-10-0,sram-2,16,19899,19911,12,False,,,
4,16,remote_balanced,U1,second2/phase/16,dram-11-0,sram-3,16,19899,19911,12,False,,,
4,16,remote_balanced,U1,second4/phase/16,dram-13-0,sram-5,16,19899,19911,12,False,,,
4,16,remote_balanced,U1,second5/phase/16,dram-14-0,sram-6,16,19899,19911,12,False,,,
4,16,remote_balanced,U1,second6/phase/16,dram-15-0,sram-7,16,19899,19911,12,False,,,
4,16,remote_balanced,U1,second8/phase/16,dram-1-0,sram-9,16,19899,19911,12,False,,,
4,16,remote_balanced,U1,second9/phase/16,dram-2-0,sram-10,16,19899,19911,12,False,,,
4,16,remote_balanced,U1,second10/phase/16,dram-3-0,sram-11,16,19899,19911,12,False,,,
4,16,remote_balanced,U1,second12/phase/16,dram-5-0,sram-13,16,19899,19911,12,False,,,
4,16,remote_balanced,U1,second13/phase/16,dram-6-0,sram-14,16,19899,19911,12,False,,,
4,16,remote_balanced,U1,second14/phase/16,dram-7-0,sram-15,16,19899,19911,12,False,,,
4,16,remote_balanced,U1,second3/phase/16,dram-12-0,sram-4,16,19965,19977,12,False,,,
4,16,remote_balanced,U1,second7/phase/16,dram-0-0,sram-8,16,19965,19977,12,False,,,
4,16,remote_balanced,U1,second11/phase/16,dram-4-0,sram-12,16,19979,19991,12,False,,,
4,16,remote_balanced,U1,second15/phase/16,dram-8-0,sram-0,16,20022,20034,12,False,,,
4,16,remote_balanced,U1,second0/phase/13,sram-1,dram-9-0,16384,20515,20782,267,True,,,
4,16,remote_balanced,U1,second0/phase/16,dram-9-0,sram-1,16,21584,21596,12,True,,,
4,16,remote_balanced,S,first0/phase/0,sram-0,host-memory,16,0,32,32,False,0,0,1.0
4,16,remote_balanced,S,first1/phase/0,sram-1,dram-9-0,16,0,55,55,False,0,0,3.0
4,16,remote_balanced,S,first2/phase/0,sram-2,dram-10-0,16,0,55,55,False,0,0,3.0
4,16,remote_balanced,S,first3/phase/0,sram-3,dram-11-0,16,0,55,55,False,0,0,3.0
4,16,remote_balanced,S,first4/phase/0,sram-4,dram-12-0,16,0,55,55,False,0,0,3.0
4,16,remote_balanced,S,first5/phase/0,sram-5,dram-13-0,16,0,55,55,False,0,0,3.0
4,16,remote_balanced,S,first6/phase/0,sram-6,dram-14-0,16,0,55,55,False,0,0,3.0
4,16,remote_balanced,S,first7/phase/0,sram-7,dram-15-0,16,0,55,55,False,0,0,3.0
4,16,remote_balanced,S,first8/phase/0,sram-8,dram-0-0,16,0,55,55,False,0,0,3.0
4,16,remote_balanced,S,first9/phase/0,sram-9,dram-1-0,16,0,55,55,False,0,0,3.0
4,16,remote_balanced,S,first10/phase/0,sram-10,dram-2-0,16,0,55,55,False,0,0,3.0
4,16,remote_balanced,S,first11/phase/0,sram-11,dram-3-0,16,0,55,55,True,0,0,3.0
4,16,remote_balanced,S,first12/phase/0,sram-12,dram-4-0,16,0,55,55,False,0,0,3.0
4,16,remote_balanced,S,first13/phase/0,sram-13,dram-5-0,16,0,55,55,False,0,0,3.0
4,16,remote_balanced,S,first14/phase/0,sram-14,dram-6-0,16,0,55,55,False,0,0,3.0
4,16,remote_balanced,S,first15/phase/0,sram-15,dram-7-0,16,0,55,55,False,0,0,3.0
4,16,remote_balanced,S,first0/phase/4,host-memory,sram-0,16384,888,1430,542,False,0,451,1.0
4,16,remote_balanced,S,first0/phase/6,sram-0,dram-8-0,16,1686,1741,55,False,0,0,3.0
4,16,remote_balanced,S,first8/phase/4,dram-0-0,sram-8,65536,3161,7289,4128,False,0,3760,3.0
4,16,remote_balanced,S,first9/phase/4,dram-1-0,sram-9,65536,3161,7290,4129,False,0,3760,3.0
4,16,remote_balanced,S,first10/phase/4,dram-2-0,sram-10,65536,3161,7290,4129,False,0,3760,3.0
4,16,remote_balanced,S,first11/phase/4,dram-3-0,sram-11,65536,3161,7290,4129,True,0,3760,3.0
4,16,remote_balanced,S,first12/phase/4,dram-4-0,sram-12,65536,3161,7288,4127,False,0,3828,3.0
4,16,remote_balanced,S,first13/phase/4,dram-5-0,sram-13,65536,3161,7289,4128,False,0,3828,3.0
4,16,remote_balanced,S,first14/phase/4,dram-6-0,sram-14,65536,3161,7289,4128,False,0,3828,3.0
4,16,remote_balanced,S,first15/phase/4,dram-7-0,sram-15,65536,3161,7289,4128,False,0,3828,3.0
4,16,remote_balanced,S,first1/phase/4,dram-9-0,sram-1,65536,3161,7289,4128,False,0,3828,3.0
4,16,remote_balanced,S,first2/phase/4,dram-10-0,sram-2,65536,3161,7289,4128,False,0,3828,3.0
4,16,remote_balanced,S,first3/phase/4,dram-11-0,sram-3,65536,3161,7289,4128,False,0,3828,3.0
4,16,remote_balanced,S,first4/phase/4,dram-12-0,sram-4,65536,3161,5644,2483,False,0,2095,3.0
4,16,remote_balanced,S,first5/phase/4,dram-13-0,sram-5,65536,3161,7290,4129,False,0,3760,3.0
4,16,remote_balanced,S,first6/phase/4,dram-14-0,sram-6,65536,3161,7290,4129,False,0,3760,3.0
4,16,remote_balanced,S,first7/phase/4,dram-15-0,sram-7,65536,3161,7290,4129,False,0,3760,3.0
4,16,remote_balanced,S,first0/phase/10,dram-8-0,sram-0,65536,4847,7332,2485,False,0,2313,3.0
4,16,remote_balanced,S,second4/phase/1,sram-4,sram-5,16384,10508,11047,539,False,0,451,1.0
4,16,remote_balanced,S,second4/phase/3,sram-5,dram-13-1,16,11303,11358,55,False,0,0,3.0
4,16,remote_balanced,S,second12/phase/1,sram-12,sram-13,16384,12152,12691,539,False,0,451,1.0
4,16,remote_balanced,S,second1/phase/1,sram-1,sram-2,16384,12153,12693,540,False,0,451,1.0
4,16,remote_balanced,S,second2/phase/1,sram-2,sram-3,16384,12153,12693,540,False,0,451,1.0
4,16,remote_balanced,S,second3/phase/1,sram-3,sram-4,16384,12153,12757,604,False,0,451,4.0
4,16,remote_balanced,S,second8/phase/1,sram-8,sram-9,16384,12153,12692,539,False,0,451,1.0
4,16,remote_balanced,S,second13/phase/1,sram-13,sram-14,16384,12153,12693,540,False,0,451,1.0
4,16,remote_balanced,S,second14/phase/1,sram-14,sram-15,16384,12153,12693,540,False,0,451,1.0
4,16,remote_balanced,S,second15/phase/1,sram-15,sram-0,16384,12153,12814,661,False,0,465,6.0
4,16,remote_balanced,S,second5/phase/1,sram-5,sram-6,16384,12154,12694,540,False,0,451,1.0
4,16,remote_balanced,S,second6/phase/1,sram-6,sram-7,16384,12154,12694,540,False,0,451,1.0
4,16,remote_balanced,S,second7/phase/1,sram-7,sram-8,16384,12154,12759,605,False,0,451,4.0
4,16,remote_balanced,S,second9/phase/1,sram-9,sram-10,16384,12154,12694,540,False,0,451,1.0
4,16,remote_balanced,S,second10/phase/1,sram-10,sram-11,16384,12154,12694,540,False,0,451,1.0
4,16,remote_balanced,S,second11/phase/1,sram-11,sram-12,16384,12154,12772,618,True,0,451,4.0
4,16,remote_balanced,S,second0/phase/1,sram-0,sram-1,16384,12196,12735,539,False,0,451,1.0
4,16,remote_balanced,S,second12/phase/3,sram-13,dram-5-1,16,12947,13002,55,False,0,0,3.0
4,16,remote_balanced,S,second8/phase/3,sram-9,dram-1-1,16,12948,13003,55,False,0,0,3.0
4,16,remote_balanced,S,second1/phase/3,sram-2,dram-10-1,16,12949,13004,55,False,0,0,3.0
4,16,remote_balanced,S,second2/phase/3,sram-3,dram-11-1,16,12949,13004,55,False,0,0,3.0
4,16,remote_balanced,S,second13/phase/3,sram-14,dram-6-1,16,12949,13004,55,False,0,0,3.0
4,16,remote_balanced,S,second14/phase/3,sram-15,dram-7-1,16,12949,13004,55,False,0,0,3.0
4,16,remote_balanced,S,second5/phase/3,sram-6,dram-14-1,16,12950,13006,56,False,0,0,3.0
4,16,remote_balanced,S,second6/phase/3,sram-7,dram-15-1,16,12950,13006,56,False,0,0,3.0
4,16,remote_balanced,S,second9/phase/3,sram-10,dram-2-1,16,12950,13006,56,False,0,0,3.0
4,16,remote_balanced,S,second10/phase/3,sram-11,dram-3-1,16,12950,13006,56,False,0,0,3.0
4,16,remote_balanced,S,second0/phase/3,sram-1,dram-9-1,16,12991,13047,56,False,0,0,3.0
4,16,remote_balanced,S,second3/phase/3,sram-4,dram-12-1,16,13013,13068,55,False,0,0,3.0
4,16,remote_balanced,S,second7/phase/3,sram-8,dram-0-1,16,13015,13070,55,False,0,0,3.0
4,16,remote_balanced,S,second11/phase/3,sram-12,dram-4-1,16,13028,13083,55,True,0,0,3.0
4,16,remote_balanced,S,second15/phase/3,sram-0,dram-8-1,16,13070,13125,55,False,0,0,3.0
4,16,remote_balanced,S,second4/phase/7,dram-13-1,sram-5,65536,14464,16945,2481,False,0,2093,3.0
4,16,remote_balanced,S,second12/phase/7,dram-5-1,sram-13,65536,16108,20235,4127,False,0,3828,3.0
4,16,remote_balanced,S,second8/phase/7,dram-1-1,sram-9,65536,16109,20236,4127,False,0,3759,3.0
4,16,remote_balanced,S,second13/phase/7,dram-6-1,sram-14,65536,16110,20236,4126,False,0,3826,3.0
4,16,remote_balanced,S,second14/phase/7,dram-7-1,sram-15,65536,16110,20236,4126,False,0,3826,3.0
4,16,remote_balanced,S,second1/phase/7,dram-10-1,sram-2,65536,16110,20236,4126,False,0,3826,3.0
4,16,remote_balanced,S,second2/phase/7,dram-11-1,sram-3,65536,16110,20236,4126,False,0,3826,3.0
4,16,remote_balanced,S,second9/phase/7,dram-2-1,sram-10,65536,16112,20239,4127,False,0,3760,3.0
4,16,remote_balanced,S,second10/phase/7,dram-3-1,sram-11,65536,16112,20239,4127,False,0,3760,3.0
4,16,remote_balanced,S,second5/phase/7,dram-14-1,sram-6,65536,16112,20239,4127,False,0,3760,3.0
4,16,remote_balanced,S,second6/phase/7,dram-15-1,sram-7,65536,16112,20239,4127,False,0,3760,3.0
4,16,remote_balanced,S,second0/phase/7,dram-9-1,sram-1,65536,16153,18634,2481,False,0,2310,3.0
4,16,remote_balanced,S,second3/phase/7,dram-12-1,sram-4,65536,16174,20288,4114,False,0,3725,3.0
4,16,remote_balanced,S,second7/phase/7,dram-0-1,sram-8,65536,16176,20318,4142,False,0,3759,3.0
4,16,remote_balanced,S,second11/phase/7,dram-4-1,sram-12,65536,16189,20331,4142,True,0,3842,3.0
4,16,remote_balanced,S,second15/phase/7,dram-8-1,sram-0,65536,16231,20345,4114,False,0,3848,3.0
4,16,remote_balanced,S,second4/phase/13,sram-5,dram-13-0,16384,21809,22374,565,False,0,451,3.0
4,16,remote_balanced,S,second4/phase/16,dram-13-0,sram-5,16,23176,23231,55,False,0,0,3.0
4,16,remote_balanced,S,second0/phase/13,sram-1,dram-9-0,16384,23498,24063,565,False,0,451,3.0
4,16,remote_balanced,S,second0/phase/16,dram-9-0,sram-1,16,24865,24920,55,False,0,0,3.0
4,16,remote_balanced,S,second12/phase/13,sram-13,dram-5-0,16384,25099,26156,1057,False,0,808,3.0
4,16,remote_balanced,S,second1/phase/13,sram-2,dram-10-0,16384,25100,26160,1060,False,0,808,3.0
4,16,remote_balanced,S,second2/phase/13,sram-3,dram-11-0,16384,25100,26160,1060,False,0,808,3.0
4,16,remote_balanced,S,second8/phase/13,sram-9,dram-1-0,16384,25100,26157,1057,False,0,879,3.0
4,16,remote_balanced,S,second13/phase/13,sram-14,dram-6-0,16384,25100,26160,1060,False,0,808,3.0
4,16,remote_balanced,S,second14/phase/13,sram-15,dram-7-0,16384,25100,26160,1060,False,0,808,3.0
4,16,remote_balanced,S,second5/phase/13,sram-6,dram-14-0,16384,25103,26163,1060,False,0,881,3.0
4,16,remote_balanced,S,second6/phase/13,sram-7,dram-15-0,16384,25103,26163,1060,False,0,881,3.0
4,16,remote_balanced,S,second9/phase/13,sram-10,dram-2-0,16384,25103,26163,1060,False,0,881,3.0
4,16,remote_balanced,S,second10/phase/13,sram-11,dram-3-0,16384,25103,26163,1060,False,0,881,3.0
4,16,remote_balanced,S,second3/phase/13,sram-4,dram-12-0,16384,25152,26151,999,False,0,821,3.0
4,16,remote_balanced,S,second7/phase/13,sram-8,dram-0-0,16384,25182,26224,1042,False,0,863,3.0
4,16,remote_balanced,S,second11/phase/13,sram-12,dram-4-0,16384,25195,26239,1044,True,0,810,3.0
4,16,remote_balanced,S,second15/phase/13,sram-0,dram-8-0,16384,25209,26208,999,False,0,808,3.0
4,16,remote_balanced,S,second3/phase/16,dram-12-0,sram-4,16,26953,27008,55,False,0,0,3.0
4,16,remote_balanced,S,second12/phase/16,dram-5-0,sram-13,16,26958,27013,55,False,0,0,3.0
4,16,remote_balanced,S,second8/phase/16,dram-1-0,sram-9,16,26959,27014,55,False,0,0,3.0
4,16,remote_balanced,S,second13/phase/16,dram-6-0,sram-14,16,26962,27017,55,False,0,0,3.0
4,16,remote_balanced,S,second14/phase/16,dram-7-0,sram-15,16,26962,27017,55,False,0,0,3.0
4,16,remote_balanced,S,second1/phase/16,dram-10-0,sram-2,16,26962,27017,55,False,0,0,3.0
4,16,remote_balanced,S,second2/phase/16,dram-11-0,sram-3,16,26962,27017,55,False,0,0,3.0
4,16,remote_balanced,S,second9/phase/16,dram-2-0,sram-10,16,26965,27020,55,False,0,0,3.0
4,16,remote_balanced,S,second10/phase/16,dram-3-0,sram-11,16,26965,27020,55,False,0,0,3.0
4,16,remote_balanced,S,second5/phase/16,dram-14-0,sram-6,16,26965,27020,55,False,0,0,3.0
4,16,remote_balanced,S,second6/phase/16,dram-15-0,sram-7,16,26965,27020,55,False,0,0,3.0
4,16,remote_balanced,S,second15/phase/16,dram-8-0,sram-0,16,27010,27065,55,False,0,0,3.0
4,16,remote_balanced,S,second7/phase/16,dram-0-0,sram-8,16,27026,27081,55,False,0,0,3.0
4,16,remote_balanced,S,second11/phase/16,dram-4-0,sram-12,16,27041,27096,55,True,0,0,3.0
6,36,local,U0,first0/phase/0,sram-0,host-memory,16,0,32,32,True,,,
6,36,local,U0,first1/phase/0,sram-1,dram-1-0,16,0,12,12,False,,,
6,36,local,U0,first2/phase/0,sram-2,dram-2-0,16,0,12,12,False,,,
6,36,local,U0,first3/phase/0,sram-3,dram-3-0,16,0,12,12,False,,,
6,36,local,U0,first4/phase/0,sram-4,dram-4-0,16,0,12,12,False,,,
6,36,local,U0,first5/phase/0,sram-5,dram-5-0,16,0,12,12,False,,,
6,36,local,U0,first6/phase/0,sram-6,dram-6-0,16,0,12,12,False,,,
6,36,local,U0,first7/phase/0,sram-7,dram-7-0,16,0,12,12,False,,,
6,36,local,U0,first8/phase/0,sram-8,dram-8-0,16,0,12,12,False,,,
6,36,local,U0,first9/phase/0,sram-9,dram-9-0,16,0,12,12,False,,,
6,36,local,U0,first10/phase/0,sram-10,dram-10-0,16,0,12,12,False,,,
6,36,local,U0,first11/phase/0,sram-11,dram-11-0,16,0,12,12,False,,,
6,36,local,U0,first12/phase/0,sram-12,dram-12-0,16,0,12,12,False,,,
6,36,local,U0,first13/phase/0,sram-13,dram-13-0,16,0,12,12,False,,,
6,36,local,U0,first14/phase/0,sram-14,dram-14-0,16,0,12,12,False,,,
6,36,local,U0,first15/phase/0,sram-15,dram-15-0,16,0,12,12,False,,,
6,36,local,U0,first16/phase/0,sram-16,dram-16-0,16,0,12,12,False,,,
6,36,local,U0,first17/phase/0,sram-17,dram-17-0,16,0,12,12,False,,,
6,36,local,U0,first18/phase/0,sram-18,dram-18-0,16,0,12,12,False,,,
6,36,local,U0,first19/phase/0,sram-19,dram-19-0,16,0,12,12,False,,,
6,36,local,U0,first20/phase/0,sram-20,dram-20-0,16,0,12,12,False,,,
6,36,local,U0,first21/phase/0,sram-21,dram-21-0,16,0,12,12,False,,,
6,36,local,U0,first22/phase/0,sram-22,dram-22-0,16,0,12,12,False,,,
6,36,local,U0,first23/phase/0,sram-23,dram-23-0,16,0,12,12,False,,,
6,36,local,U0,first24/phase/0,sram-24,dram-24-0,16,0,12,12,False,,,
6,36,local,U0,first25/phase/0,sram-25,dram-25-0,16,0,12,12,False,,,
6,36,local,U0,first26/phase/0,sram-26,dram-26-0,16,0,12,12,False,,,
6,36,local,U0,first27/phase/0,sram-27,dram-27-0,16,0,12,12,False,,,
6,36,local,U0,first28/phase/0,sram-28,dram-28-0,16,0,12,12,False,,,
6,36,local,U0,first29/phase/0,sram-29,dram-29-0,16,0,12,12,False,,,
6,36,local,U0,first30/phase/0,sram-30,dram-30-0,16,0,12,12,False,,,
6,36,local,U0,first31/phase/0,sram-31,dram-31-0,16,0,12,12,False,,,
6,36,local,U0,first32/phase/0,sram-32,dram-32-0,16,0,12,12,False,,,
6,36,local,U0,first33/phase/0,sram-33,dram-33-0,16,0,12,12,False,,,
6,36,local,U0,first34/phase/0,sram-34,dram-34-0,16,0,12,12,False,,,
6,36,local,U0,first35/phase/0,sram-35,dram-35-0,16,0,12,12,False,,,
6,36,local,U0,first1/phase/4,dram-1-0,sram-1,65536,101,1136,1035,False,,,
6,36,local,U0,first2/phase/4,dram-2-0,sram-2,65536,130,1165,1035,False,,,
6,36,local,U0,first3/phase/4,dram-3-0,sram-3,65536,159,1194,1035,False,,,
6,36,local,U0,first4/phase/4,dram-4-0,sram-4,65536,188,1223,1035,False,,,
6,36,local,U0,first5/phase/4,dram-5-0,sram-5,65536,217,1252,1035,False,,,
6,36,local,U0,first6/phase/4,dram-6-0,sram-6,65536,246,1281,1035,False,,,
6,36,local,U0,first7/phase/4,dram-7-0,sram-7,65536,275,1310,1035,False,,,
6,36,local,U0,first8/phase/4,dram-8-0,sram-8,65536,304,1339,1035,False,,,
6,36,local,U0,first9/phase/4,dram-9-0,sram-9,65536,333,1368,1035,False,,,
6,36,local,U0,first10/phase/4,dram-10-0,sram-10,65536,362,1397,1035,False,,,
6,36,local,U0,first11/phase/4,dram-11-0,sram-11,65536,391,1426,1035,False,,,
6,36,local,U0,first12/phase/4,dram-12-0,sram-12,65536,420,1455,1035,False,,,
6,36,local,U0,first13/phase/4,dram-13-0,sram-13,65536,449,1484,1035,False,,,
6,36,local,U0,first14/phase/4,dram-14-0,sram-14,65536,478,1513,1035,False,,,
6,36,local,U0,first15/phase/4,dram-15-0,sram-15,65536,507,1542,1035,False,,,
6,36,local,U0,first16/phase/4,dram-16-0,sram-16,65536,536,1571,1035,False,,,
6,36,local,U0,first17/phase/4,dram-17-0,sram-17,65536,565,1600,1035,False,,,
6,36,local,U0,first18/phase/4,dram-18-0,sram-18,65536,594,1629,1035,False,,,
6,36,local,U0,first19/phase/4,dram-19-0,sram-19,65536,623,1658,1035,False,,,
6,36,local,U0,first20/phase/4,dram-20-0,sram-20,65536,652,1687,1035,False,,,
6,36,local,U0,first21/phase/4,dram-21-0,sram-21,65536,681,1716,1035,False,,,
6,36,local,U0,first22/phase/4,dram-22-0,sram-22,65536,710,1745,1035,False,,,
6,36,local,U0,first23/phase/4,dram-23-0,sram-23,65536,739,1774,1035,False,,,
6,36,local,U0,first24/phase/4,dram-24-0,sram-24,65536,768,1803,1035,False,,,
6,36,local,U0,first25/phase/4,dram-25-0,sram-25,65536,797,1832,1035,False,,,
6,36,local,U0,first26/phase/4,dram-26-0,sram-26,65536,826,1861,1035,False,,,
6,36,local,U0,first27/phase/4,dram-27-0,sram-27,65536,855,1890,1035,False,,,
6,36,local,U0,first28/phase/4,dram-28-0,sram-28,65536,884,1919,1035,False,,,
6,36,local,U0,first0/phase/4,host-memory,sram-0,16384,888,1430,542,True,,,
6,36,local,U0,first29/phase/4,dram-29-0,sram-29,65536,913,1948,1035,False,,,
6,36,local,U0,first30/phase/4,dram-30-0,sram-30,65536,942,1977,1035,False,,,
6,36,local,U0,first31/phase/4,dram-31-0,sram-31,65536,971,2006,1035,False,,,
6,36,local,U0,first32/phase/4,dram-32-0,sram-32,65536,1000,2035,1035,False,,,
6,36,local,U0,first33/phase/4,dram-33-0,sram-33,65536,1029,2064,1035,False,,,
6,36,local,U0,first34/phase/4,dram-34-0,sram-34,65536,1058,2093,1035,False,,,
6,36,local,U0,first35/phase/4,dram-35-0,sram-35,65536,1087,2122,1035,False,,,
6,36,local,U0,first0/phase/6,sram-0,dram-0-0,16,1686,1698,12,True,,,
6,36,local,U0,first0/phase/10,dram-0-0,sram-0,65536,1787,2822,1035,True,,,
6,36,local,U0,second1/phase/1,sram-1,sram-2,16384,6000,6539,539,False,,,
6,36,local,U0,second2/phase/1,sram-2,sram-3,16384,6029,6568,539,False,,,
6,36,local,U0,second3/phase/1,sram-3,sram-4,16384,6058,6597,539,False,,,
6,36,local,U0,second4/phase/1,sram-4,sram-5,16384,6087,6626,539,False,,,
6,36,local,U0,second5/phase/1,sram-5,sram-6,16384,6116,6761,645,False,,,
6,36,local,U0,second6/phase/1,sram-6,sram-7,16384,6145,6684,539,False,,,
6,36,local,U0,second7/phase/1,sram-7,sram-8,16384,6174,6713,539,False,,,
6,36,local,U0,second8/phase/1,sram-8,sram-9,16384,6203,6743,540,False,,,
6,36,local,U0,second9/phase/1,sram-9,sram-10,16384,6232,6772,540,False,,,
6,36,local,U0,second10/phase/1,sram-10,sram-11,16384,6261,6801,540,False,,,
6,36,local,U0,second11/phase/1,sram-11,sram-12,16384,6290,6935,645,False,,,
6,36,local,U0,second12/phase/1,sram-12,sram-13,16384,6319,6858,539,False,,,
6,36,local,U0,second13/phase/1,sram-13,sram-14,16384,6348,6887,539,False,,,
6,36,local,U0,second14/phase/1,sram-14,sram-15,16384,6377,6916,539,False,,,
6,36,local,U0,second15/phase/1,sram-15,sram-16,16384,6406,6945,539,False,,,
6,36,local,U0,second16/phase/1,sram-16,sram-17,16384,6435,6974,539,False,,,
6,36,local,U0,second17/phase/1,sram-17,sram-18,16384,6464,7109,645,False,,,
6,36,local,U0,second18/phase/1,sram-18,sram-19,16384,6493,7032,539,False,,,
6,36,local,U0,second19/phase/1,sram-19,sram-20,16384,6522,7061,539,False,,,
6,36,local,U0,second20/phase/1,sram-20,sram-21,16384,6551,7091,540,False,,,
6,36,local,U0,second21/phase/1,sram-21,sram-22,16384,6580,7120,540,False,,,
6,36,local,U0,second22/phase/1,sram-22,sram-23,16384,6609,7149,540,False,,,
6,36,local,U0,second23/phase/1,sram-23,sram-24,16384,6638,7283,645,False,,,
6,36,local,U0,second24/phase/1,sram-24,sram-25,16384,6667,7206,539,False,,,
6,36,local,U0,second25/phase/1,sram-25,sram-26,16384,6696,7235,539,False,,,
6,36,local,U0,second26/phase/1,sram-26,sram-27,16384,6725,7264,539,False,,,
6,36,local,U0,second27/phase/1,sram-27,sram-28,16384,6754,7293,539,False,,,
6,36,local,U0,second28/phase/1,sram-28,sram-29,16384,6783,7322,539,False,,,
6,36,local,U0,second1/phase/3,sram-2,dram-2-1,16,6795,6807,12,False,,,
6,36,local,U0,second29/phase/1,sram-29,sram-30,16384,6812,7475,663,False,,,
6,36,local,U0,second2/phase/3,sram-3,dram-3-1,16,6824,6836,12,False,,,
6,36,local,U0,second30/phase/1,sram-30,sram-31,16384,6841,7380,539,False,,,
6,36,local,U0,second3/phase/3,sram-4,dram-4-1,16,6853,6865,12,False,,,
6,36,local,U0,second31/phase/1,sram-31,sram-32,16384,6870,7409,539,False,,,
6,36,local,U0,second4/phase/3,sram-5,dram-5-1,16,6882,6894,12,False,,,
6,36,local,U0,second1/phase/7,dram-2-1,sram-2,65536,6896,7931,1035,False,,,
6,36,local,U0,second32/phase/1,sram-32,sram-33,16384,6899,7439,540,False,,,
6,36,local,U0,second2/phase/7,dram-3-1,sram-3,65536,6925,7960,1035,False,,,
6,36,local,U0,second33/phase/1,sram-33,sram-34,16384,6928,7468,540,False,,,
6,36,local,U0,second6/phase/3,sram-7,dram-7-1,16,6940,6952,12,False,,,
6,36,local,U0,second3/phase/7,dram-4-1,sram-4,65536,6954,7989,1035,False,,,
6,36,local,U0,second34/phase/1,sram-34,sram-35,16384,6957,7497,540,False,,,
6,36,local,U0,second7/phase/3,sram-8,dram-8-1,16,6969,6981,12,False,,,
6,36,local,U0,second4/phase/7,dram-5-1,sram-5,65536,6983,8018,1035,False,,,
6,36,local,U0,second35/phase/1,sram-35,sram-0,16384,6986,7715,729,False,,,
6,36,local,U0,second8/phase/3,sram-9,dram-9-1,16,6999,7011,12,False,,,
6,36,local,U0,second5/phase/3,sram-6,dram-6-1,16,7017,7029,12,False,,,
6,36,local,U0,second9/phase/3,sram-10,dram-10-1,16,7028,7040,12,False,,,
6,36,local,U0,second6/phase/7,dram-7-1,sram-7,65536,7041,8076,1035,False,,,
6,36,local,U0,second10/phase/3,sram-11,dram-11-1,16,7057,7069,12,False,,,
6,36,local,U0,second7/phase/7,dram-8-1,sram-8,65536,7070,8105,1035,False,,,
6,36,local,U0,second8/phase/7,dram-9-1,sram-9,65536,7100,8135,1035,False,,,
6,36,local,U0,second12/phase/3,sram-13,dram-13-1,16,7114,7126,12,False,,,
6,36,local,U0,second5/phase/7,dram-6-1,sram-6,65536,7129,8164,1035,False,,,
6,36,local,U0,second13/phase/3,sram-14,dram-14-1,16,7143,7155,12,False,,,
6,36,local,U0,second9/phase/7,dram-10-1,sram-10,65536,7158,8193,1035,False,,,
6,36,local,U0,second14/phase/3,sram-15,dram-15-1,16,7172,7184,12,False,,,
6,36,local,U0,second10/phase/7,dram-11-1,sram-11,65536,7187,8222,1035,False,,,
6,36,local,U0,second11/phase/3,sram-12,dram-12-1,16,7191,7203,12,False,,,
6,36,local,U0,second15/phase/3,sram-16,dram-16-1,16,7201,7213,12,False,,,
6,36,local,U0,second12/phase/7,dram-13-1,sram-13,65536,7216,8251,1035,False,,,
6,36,local,U0,second16/phase/3,sram-17,dram-17-1,16,7230,7242,12,False,,,
6,36,local,U0,second13/phase/7,dram-14-1,sram-14,65536,7245,8280,1035,False,,,
6,36,local,U0,second14/phase/7,dram-15-1,sram-15,65536,7274,8309,1035,False,,,
6,36,local,U0,second18/phase/3,sram-19,dram-19-1,16,7288,7300,12,False,,,
6,36,local,U0,second11/phase/7,dram-12-1,sram-12,65536,7303,8338,1035,False,,,
6,36,local,U0,second19/phase/3,sram-20,dram-20-1,16,7317,7329,12,False,,,
6,36,local,U0,second15/phase/7,dram-16-1,sram-16,65536,7332,8367,1035,False,,,
6,36,local,U0,second20/phase/3,sram-21,dram-21-1,16,7347,7359,12,False,,,
6,36,local,U0,second16/phase/7,dram-17-1,sram-17,65536,7361,8396,1035,False,,,
6,36,local,U0,second17/phase/3,sram-18,dram-18-1,16,7365,7377,12,False,,,
6,36,local,U0,second21/phase/3,sram-22,dram-22-1,16,7376,7388,12,False,,,
6,36,local,U0,second18/phase/7,dram-19-1,sram-19,65536,7390,8425,1035,False,,,
6,36,local,U0,second22/phase/3,sram-23,dram-23-1,16,7405,7417,12,False,,,
6,36,local,U0,second19/phase/7,dram-20-1,sram-20,65536,7419,8454,1035,False,,,
6,36,local,U0,second20/phase/7,dram-21-1,sram-21,65536,7448,8483,1035,False,,,
6,36,local,U0,second24/phase/3,sram-25,dram-25-1,16,7462,7474,12,False,,,
6,36,local,U0,second17/phase/7,dram-18-1,sram-18,65536,7477,8512,1035,False,,,
6,36,local,U0,second25/phase/3,sram-26,dram-26-1,16,7491,7503,12,False,,,
6,36,local,U0,second21/phase/7,dram-22-1,sram-22,65536,7506,8541,1035,False,,,
6,36,local,U0,second26/phase/3,sram-27,dram-27-1,16,7520,7532,12,False,,,
6,36,local,U0,second22/phase/7,dram-23-1,sram-23,65536,7535,8570,1035,False,,,
6,36,local,U0,second23/phase/3,sram-24,dram-24-1,16,7539,7551,12,False,,,
6,36,local,U0,second27/phase/3,sram-28,dram-28-1,16,7549,7561,12,False,,,
6,36,local,U0,second24/phase/7,dram-25-1,sram-25,65536,7564,8599,1035,False,,,
6,36,local,U0,second28/phase/3,sram-29,dram-29-1,16,7578,7590,12,False,,,
6,36,local,U0,second25/phase/7,dram-26-1,sram-26,65536,7593,8628,1035,False,,,
6,36,local,U0,second26/phase/7,dram-27-1,sram-27,65536,7622,8657,1035,False,,,
6,36,local,U0,second30/phase/3,sram-31,dram-31-1,16,7636,7648,12,False,,,
6,36,local,U0,second23/phase/7,dram-24-1,sram-24,65536,7651,8686,1035,False,,,
6,36,local,U0,second31/phase/3,sram-32,dram-32-1,16,7665,7677,12,False,,,
6,36,local,U0,second27/phase/7,dram-28-1,sram-28,65536,7680,8715,1035,False,,,
6,36,local,U0,second0/phase/1,sram-0,sram-1,16384,7686,8226,540,True,,,
6,36,local,U0,second32/phase/3,sram-33,dram-33-1,16,7695,7707,12,False,,,
6,36,local,U0,second28/phase/7,dram-29-1,sram-29,65536,7709,8744,1035,False,,,
6,36,local,U0,second33/phase/3,sram-34,dram-34-1,16,7724,7736,12,False,,,
6,36,local,U0,second29/phase/3,sram-30,dram-30-1,16,7731,7743,12,False,,,
6,36,local,U0,second30/phase/7,dram-31-1,sram-31,65536,7738,8773,1035,False,,,
6,36,local,U0,second34/phase/3,sram-35,dram-35-1,16,7753,7765,12,False,,,
6,36,local,U0,second31/phase/7,dram-32-1,sram-32,65536,7767,8802,1035,False,,,
6,36,local,U0,second32/phase/7,dram-33-1,sram-33,65536,7796,8831,1035,False,,,
6,36,local,U0,second33/phase/7,dram-34-1,sram-34,65536,7825,8860,1035,False,,,
6,36,local,U0,second29/phase/7,dram-30-1,sram-30,65536,7854,8889,1035,False,,,
6,36,local,U0,second34/phase/7,dram-35-1,sram-35,65536,7883,8918,1035,False,,,
6,36,local,U0,second35/phase/3,sram-0,dram-0-1,16,7971,7983,12,False,,,
6,36,local,U0,second35/phase/7,dram-0-1,sram-0,65536,8072,9107,1035,False,,,
6,36,local,U0,second0/phase/3,sram-1,dram-1-1,16,8482,8494,12,True,,,
6,36,local,U0,second0/phase/7,dram-1-1,sram-1,65536,8583,9618,1035,True,,,
6,36,local,U0,second1/phase/13,sram-2,dram-2-0,16384,12795,13062,267,False,,,
6,36,local,U0,second2/phase/13,sram-3,dram-3-0,16384,12824,13091,267,False,,,
6,36,local,U0,second3/phase/13,sram-4,dram-4-0,16384,12853,13120,267,False,,,
6,36,local,U0,second4/phase/13,sram-5,dram-5-0,16384,12882,13149,267,False,,,
6,36,local,U0,second6/phase/13,sram-7,dram-7-0,16384,12940,13207,267,False,,,
6,36,local,U0,second7/phase/13,sram-8,dram-8-0,16384,12969,13236,267,False,,,
6,36,local,U0,second8/phase/13,sram-9,dram-9-0,16384,12999,13266,267,False,,,
6,36,local,U0,second5/phase/13,sram-6,dram-6-0,16384,13028,13295,267,False,,,
6,36,local,U0,second9/phase/13,sram-10,dram-10-0,16384,13057,13324,267,False,,,
6,36,local,U0,second10/phase/13,sram-11,dram-11-0,16384,13086,13353,267,False,,,
6,36,local,U0,second1/phase/16,dram-2-0,sram-2,16,13109,13121,12,False,,,
6,36,local,U0,second12/phase/13,sram-13,dram-13-0,16384,13115,13382,267,False,,,
6,36,local,U0,second2/phase/16,dram-3-0,sram-3,16,13138,13150,12,False,,,
6,36,local,U0,second13/phase/13,sram-14,dram-14-0,16384,13144,13411,267,False,,,
6,36,local,U0,second3/phase/16,dram-4-0,sram-4,16,13167,13179,12,False,,,
6,36,local,U0,second14/phase/13,sram-15,dram-15-0,16384,13173,13440,267,False,,,
6,36,local,U0,second4/phase/16,dram-5-0,sram-5,16,13196,13208,12,False,,,
6,36,local,U0,second11/phase/13,sram-12,dram-12-0,16384,13202,13469,267,False,,,
6,36,local,U0,second15/phase/13,sram-16,dram-16-0,16384,13231,13498,267,False,,,
6,36,local,U0,second6/phase/16,dram-7-0,sram-7,16,13254,13266,12,False,,,
6,36,local,U0,second16/phase/13,sram-17,dram-17-0,16384,13260,13527,267,False,,,
6,36,local,U0,second7/phase/16,dram-8-0,sram-8,16,13283,13295,12,False,,,
6,36,local,U0,second18/phase/13,sram-19,dram-19-0,16384,13289,13556,267,False,,,
6,36,local,U0,second8/phase/16,dram-9-0,sram-9,16,13313,13325,12,False,,,
6,36,local,U0,second19/phase/13,sram-20,dram-20-0,16384,13318,13585,267,False,,,
6,36,local,U0,second5/phase/16,dram-6-0,sram-6,16,13342,13354,12,False,,,
6,36,local,U0,second20/phase/13,sram-21,dram-21-0,16384,13347,13614,267,False,,,
6,36,local,U0,second9/phase/16,dram-10-0,sram-10,16,13371,13383,12,False,,,
6,36,local,U0,second17/phase/13,sram-18,dram-18-0,16384,13376,13643,267,False,,,
6,36,local,U0,second10/phase/16,dram-11-0,sram-11,16,13400,13412,12,False,,,
6,36,local,U0,second21/phase/13,sram-22,dram-22-0,16384,13405,13672,267,False,,,
6,36,local,U0,second12/phase/16,dram-13-0,sram-13,16,13429,13441,12,False,,,
6,36,local,U0,second22/phase/13,sram-23,dram-23-0,16384,13434,13701,267,False,,,
6,36,local,U0,second13/phase/16,dram-14-0,sram-14,16,13458,13470,12,False,,,
6,36,local,U0,second24/phase/13,sram-25,dram-25-0,16384,13463,13730,267,False,,,
6,36,local,U0,second14/phase/16,dram-15-0,sram-15,16,13487,13499,12,False,,,
6,36,local,U0,second25/phase/13,sram-26,dram-26-0,16384,13492,13759,267,False,,,
6,36,local,U0,second11/phase/16,dram-12-0,sram-12,16,13516,13528,12,False,,,
6,36,local,U0,second26/phase/13,sram-27,dram-27-0,16384,13521,13788,267,False,,,
6,36,local,U0,second15/phase/16,dram-16-0,sram-16,16,13545,13557,12,False,,,
6,36,local,U0,second23/phase/13,sram-24,dram-24-0,16384,13550,13817,267,False,,,
6,36,local,U0,second16/phase/16,dram-17-0,sram-17,16,13574,13586,12,False,,,
6,36,local,U0,second27/phase/13,sram-28,dram-28-0,16384,13579,13846,267,False,,,
6,36,local,U0,second18/phase/16,dram-19-0,sram-19,16,13603,13615,12,False,,,
6,36,local,U0,second28/phase/13,sram-29,dram-29-0,16384,13608,13875,267,False,,,
6,36,local,U0,second19/phase/16,dram-20-0,sram-20,16,13632,13644,12,False,,,
6,36,local,U0,second30/phase/13,sram-31,dram-31-0,16384,13637,13904,267,False,,,
6,36,local,U0,second20/phase/16,dram-21-0,sram-21,16,13661,13673,12,False,,,
6,36,local,U0,second31/phase/13,sram-32,dram-32-0,16384,13666,13933,267,False,,,
6,36,local,U0,second17/phase/16,dram-18-0,sram-18,16,13690,13702,12,False,,,
6,36,local,U0,second32/phase/13,sram-33,dram-33-0,16384,13695,13962,267,False,,,
6,36,local,U0,second21/phase/16,dram-22-0,sram-22,16,13719,13731,12,False,,,
6,36,local,U0,second33/phase/13,sram-34,dram-34-0,16384,13724,13991,267,False,,,
6,36,local,U0,second22/phase/16,dram-23-0,sram-23,16,13748,13760,12,False,,,
6,36,local,U0,second29/phase/13,sram-30,dram-30-0,16384,13753,14020,267,False,,,
6,36,local,U0,second24/phase/16,dram-25-0,sram-25,16,13777,13789,12,False,,,
6,36,local,U0,second34/phase/13,sram-35,dram-35-0,16384,13782,14049,267,False,,,
6,36,local,U0,second25/phase/16,dram-26-0,sram-26,16,13806,13818,12,False,,,
6,36,local,U0,second26/phase/16,dram-27-0,sram-27,16,13835,13847,12,False,,,
6,36,local,U0,second23/phase/16,dram-24-0,sram-24,16,13864,13876,12,False,,,
6,36,local,U0,second27/phase/16,dram-28-0,sram-28,16,13893,13905,12,False,,,
6,36,local,U0,second28/phase/16,dram-29-0,sram-29,16,13922,13934,12,False,,,
6,36,local,U0,second30/phase/16,dram-31-0,sram-31,16,13951,13963,12,False,,,
6,36,local,U0,second35/phase/13,sram-0,dram-0-0,16384,13971,14238,267,False,,,
6,36,local,U0,second31/phase/16,dram-32-0,sram-32,16,13980,13992,12,False,,,
6,36,local,U0,second32/phase/16,dram-33-0,sram-33,16,14009,14021,12,False,,,
6,36,local,U0,second33/phase/16,dram-34-0,sram-34,16,14038,14050,12,False,,,
6,36,local,U0,second29/phase/16,dram-30-0,sram-30,16,14067,14079,12,False,,,
6,36,local,U0,second34/phase/16,dram-35-0,sram-35,16,14096,14108,12,False,,,
6,36,local,U0,second35/phase/16,dram-0-0,sram-0,16,14285,14297,12,False,,,
6,36,local,U0,second0/phase/13,sram-1,dram-1-0,16384,14482,14749,267,True,,,
6,36,local,U0,second0/phase/16,dram-1-0,sram-1,16,14796,14808,12,True,,,
6,36,local,U1,first0/phase/0,sram-0,host-memory,16,0,32,32,True,,,
6,36,local,U1,first1/phase/0,sram-1,dram-1-0,16,0,12,12,False,,,
6,36,local,U1,first2/phase/0,sram-2,dram-2-0,16,0,12,12,False,,,
6,36,local,U1,first3/phase/0,sram-3,dram-3-0,16,0,12,12,False,,,
6,36,local,U1,first4/phase/0,sram-4,dram-4-0,16,0,12,12,False,,,
6,36,local,U1,first5/phase/0,sram-5,dram-5-0,16,0,12,12,False,,,
6,36,local,U1,first6/phase/0,sram-6,dram-6-0,16,0,12,12,False,,,
6,36,local,U1,first7/phase/0,sram-7,dram-7-0,16,0,12,12,False,,,
6,36,local,U1,first8/phase/0,sram-8,dram-8-0,16,0,12,12,False,,,
6,36,local,U1,first9/phase/0,sram-9,dram-9-0,16,0,12,12,False,,,
6,36,local,U1,first10/phase/0,sram-10,dram-10-0,16,0,12,12,False,,,
6,36,local,U1,first11/phase/0,sram-11,dram-11-0,16,0,12,12,False,,,
6,36,local,U1,first12/phase/0,sram-12,dram-12-0,16,0,12,12,False,,,
6,36,local,U1,first13/phase/0,sram-13,dram-13-0,16,0,12,12,False,,,
6,36,local,U1,first14/phase/0,sram-14,dram-14-0,16,0,12,12,False,,,
6,36,local,U1,first15/phase/0,sram-15,dram-15-0,16,0,12,12,False,,,
6,36,local,U1,first16/phase/0,sram-16,dram-16-0,16,0,12,12,False,,,
6,36,local,U1,first17/phase/0,sram-17,dram-17-0,16,0,12,12,False,,,
6,36,local,U1,first18/phase/0,sram-18,dram-18-0,16,0,12,12,False,,,
6,36,local,U1,first19/phase/0,sram-19,dram-19-0,16,0,12,12,False,,,
6,36,local,U1,first20/phase/0,sram-20,dram-20-0,16,0,12,12,False,,,
6,36,local,U1,first21/phase/0,sram-21,dram-21-0,16,0,12,12,False,,,
6,36,local,U1,first22/phase/0,sram-22,dram-22-0,16,0,12,12,False,,,
6,36,local,U1,first23/phase/0,sram-23,dram-23-0,16,0,12,12,False,,,
6,36,local,U1,first24/phase/0,sram-24,dram-24-0,16,0,12,12,False,,,
6,36,local,U1,first25/phase/0,sram-25,dram-25-0,16,0,12,12,False,,,
6,36,local,U1,first26/phase/0,sram-26,dram-26-0,16,0,12,12,False,,,
6,36,local,U1,first27/phase/0,sram-27,dram-27-0,16,0,12,12,False,,,
6,36,local,U1,first28/phase/0,sram-28,dram-28-0,16,0,12,12,False,,,
6,36,local,U1,first29/phase/0,sram-29,dram-29-0,16,0,12,12,False,,,
6,36,local,U1,first30/phase/0,sram-30,dram-30-0,16,0,12,12,False,,,
6,36,local,U1,first31/phase/0,sram-31,dram-31-0,16,0,12,12,False,,,
6,36,local,U1,first32/phase/0,sram-32,dram-32-0,16,0,12,12,False,,,
6,36,local,U1,first33/phase/0,sram-33,dram-33-0,16,0,12,12,False,,,
6,36,local,U1,first34/phase/0,sram-34,dram-34-0,16,0,12,12,False,,,
6,36,local,U1,first35/phase/0,sram-35,dram-35-0,16,0,12,12,False,,,
6,36,local,U1,first0/phase/4,host-memory,sram-0,16384,888,1430,542,True,,,
6,36,local,U1,first0/phase/6,sram-0,dram-0-0,16,1686,1698,12,True,,,
6,36,local,U1,first1/phase/4,dram-1-0,sram-1,65536,3118,4153,1035,False,,,
6,36,local,U1,first2/phase/4,dram-2-0,sram-2,65536,3118,4153,1035,False,,,
6,36,local,U1,first3/phase/4,dram-3-0,sram-3,65536,3118,4153,1035,False,,,
6,36,local,U1,first4/phase/4,dram-4-0,sram-4,65536,3118,4153,1035,False,,,
6,36,local,U1,first5/phase/4,dram-5-0,sram-5,65536,3118,4153,1035,False,,,
6,36,local,U1,first6/phase/4,dram-6-0,sram-6,65536,3118,4153,1035,False,,,
6,36,local,U1,first7/phase/4,dram-7-0,sram-7,65536,3118,4153,1035,False,,,
6,36,local,U1,first8/phase/4,dram-8-0,sram-8,65536,3118,4153,1035,False,,,
6,36,local,U1,first9/phase/4,dram-9-0,sram-9,65536,3118,4153,1035,False,,,
6,36,local,U1,first10/phase/4,dram-10-0,sram-10,65536,3118,4153,1035,False,,,
6,36,local,U1,first11/phase/4,dram-11-0,sram-11,65536,3118,4153,1035,False,,,
6,36,local,U1,first12/phase/4,dram-12-0,sram-12,65536,3118,4153,1035,False,,,
6,36,local,U1,first13/phase/4,dram-13-0,sram-13,65536,3118,4153,1035,False,,,
6,36,local,U1,first14/phase/4,dram-14-0,sram-14,65536,3118,4153,1035,False,,,
6,36,local,U1,first15/phase/4,dram-15-0,sram-15,65536,3118,4153,1035,False,,,
6,36,local,U1,first16/phase/4,dram-16-0,sram-16,65536,3118,4153,1035,False,,,
6,36,local,U1,first17/phase/4,dram-17-0,sram-17,65536,3118,4153,1035,False,,,
6,36,local,U1,first18/phase/4,dram-18-0,sram-18,65536,3118,4153,1035,False,,,
6,36,local,U1,first19/phase/4,dram-19-0,sram-19,65536,3118,4153,1035,False,,,
6,36,local,U1,first20/phase/4,dram-20-0,sram-20,65536,3118,4153,1035,False,,,
6,36,local,U1,first21/phase/4,dram-21-0,sram-21,65536,3118,4153,1035,False,,,
6,36,local,U1,first22/phase/4,dram-22-0,sram-22,65536,3118,4153,1035,False,,,
6,36,local,U1,first23/phase/4,dram-23-0,sram-23,65536,3118,4153,1035,False,,,
6,36,local,U1,first24/phase/4,dram-24-0,sram-24,65536,3118,4153,1035,False,,,
6,36,local,U1,first25/phase/4,dram-25-0,sram-25,65536,3118,4153,1035,False,,,
6,36,local,U1,first26/phase/4,dram-26-0,sram-26,65536,3118,4153,1035,False,,,
6,36,local,U1,first27/phase/4,dram-27-0,sram-27,65536,3118,4153,1035,False,,,
6,36,local,U1,first28/phase/4,dram-28-0,sram-28,65536,3118,4153,1035,False,,,
6,36,local,U1,first29/phase/4,dram-29-0,sram-29,65536,3118,4153,1035,False,,,
6,36,local,U1,first30/phase/4,dram-30-0,sram-30,65536,3118,4153,1035,False,,,
6,36,local,U1,first31/phase/4,dram-31-0,sram-31,65536,3118,4153,1035,False,,,
6,36,local,U1,first32/phase/4,dram-32-0,sram-32,65536,3118,4153,1035,False,,,
6,36,local,U1,first33/phase/4,dram-33-0,sram-33,65536,3118,4153,1035,False,,,
6,36,local,U1,first34/phase/4,dram-34-0,sram-34,65536,3118,4153,1035,False,,,
6,36,local,U1,first35/phase/4,dram-35-0,sram-35,65536,3118,4153,1035,False,,,
6,36,local,U1,first0/phase/10,dram-0-0,sram-0,65536,4804,5839,1035,True,,,
6,36,local,U1,second1/phase/1,sram-1,sram-2,16384,9017,9557,540,False,,,
6,36,local,U1,second2/phase/1,sram-2,sram-3,16384,9017,9557,540,False,,,
6,36,local,U1,second3/phase/1,sram-3,sram-4,16384,9017,9557,540,False,,,
6,36,local,U1,second4/phase/1,sram-4,sram-5,16384,9017,9557,540,False,,,
6,36,local,U1,second5/phase/1,sram-5,sram-6,16384,9017,9667,650,False,,,
6,36,local,U1,second6/phase/1,sram-6,sram-7,16384,9017,9557,540,False,,,
6,36,local,U1,second7/phase/1,sram-7,sram-8,16384,9017,9557,540,False,,,
6,36,local,U1,second8/phase/1,sram-8,sram-9,16384,9017,9557,540,False,,,
6,36,local,U1,second9/phase/1,sram-9,sram-10,16384,9017,9557,540,False,,,
6,36,local,U1,second10/phase/1,sram-10,sram-11,16384,9017,9557,540,False,,,
6,36,local,U1,second11/phase/1,sram-11,sram-12,16384,9017,9667,650,False,,,
6,36,local,U1,second12/phase/1,sram-12,sram-13,16384,9017,9557,540,False,,,
6,36,local,U1,second13/phase/1,sram-13,sram-14,16384,9017,9557,540,False,,,
6,36,local,U1,second14/phase/1,sram-14,sram-15,16384,9017,9557,540,False,,,
6,36,local,U1,second15/phase/1,sram-15,sram-16,16384,9017,9557,540,False,,,
6,36,local,U1,second16/phase/1,sram-16,sram-17,16384,9017,9557,540,False,,,
6,36,local,U1,second17/phase/1,sram-17,sram-18,16384,9017,9667,650,False,,,
6,36,local,U1,second18/phase/1,sram-18,sram-19,16384,9017,9557,540,False,,,
6,36,local,U1,second19/phase/1,sram-19,sram-20,16384,9017,9557,540,False,,,
6,36,local,U1,second20/phase/1,sram-20,sram-21,16384,9017,9557,540,False,,,
6,36,local,U1,second21/phase/1,sram-21,sram-22,16384,9017,9557,540,False,,,
6,36,local,U1,second22/phase/1,sram-22,sram-23,16384,9017,9557,540,False,,,
6,36,local,U1,second23/phase/1,sram-23,sram-24,16384,9017,9667,650,False,,,
6,36,local,U1,second24/phase/1,sram-24,sram-25,16384,9017,9557,540,False,,,
6,36,local,U1,second25/phase/1,sram-25,sram-26,16384,9017,9557,540,False,,,
6,36,local,U1,second26/phase/1,sram-26,sram-27,16384,9017,9557,540,False,,,
6,36,local,U1,second27/phase/1,sram-27,sram-28,16384,9017,9557,540,False,,,
6,36,local,U1,second28/phase/1,sram-28,sram-29,16384,9017,9557,540,False,,,
6,36,local,U1,second29/phase/1,sram-29,sram-30,16384,9017,9681,664,False,,,
6,36,local,U1,second30/phase/1,sram-30,sram-31,16384,9017,9557,540,False,,,
6,36,local,U1,second31/phase/1,sram-31,sram-32,16384,9017,9557,540,False,,,
6,36,local,U1,second32/phase/1,sram-32,sram-33,16384,9017,9557,540,False,,,
6,36,local,U1,second33/phase/1,sram-33,sram-34,16384,9017,9557,540,False,,,
6,36,local,U1,second34/phase/1,sram-34,sram-35,16384,9017,9557,540,False,,,
6,36,local,U1,second35/phase/1,sram-35,sram-0,16384,9017,9768,751,False,,,
6,36,local,U1,second1/phase/3,sram-2,dram-2-1,16,9813,9825,12,False,,,
6,36,local,U1,second2/phase/3,sram-3,dram-3-1,16,9813,9825,12,False,,,
6,36,local,U1,second3/phase/3,sram-4,dram-4-1,16,9813,9825,12,False,,,
6,36,local,U1,second4/phase/3,sram-5,dram-5-1,16,9813,9825,12,False,,,
6,36,local,U1,second6/phase/3,sram-7,dram-7-1,16,9813,9825,12,False,,,
6,36,local,U1,second7/phase/3,sram-8,dram-8-1,16,9813,9825,12,False,,,
6,36,local,U1,second8/phase/3,sram-9,dram-9-1,16,9813,9825,12,False,,,
6,36,local,U1,second9/phase/3,sram-10,dram-10-1,16,9813,9825,12,False,,,
6,36,local,U1,second10/phase/3,sram-11,dram-11-1,16,9813,9825,12,False,,,
6,36,local,U1,second12/phase/3,sram-13,dram-13-1,16,9813,9825,12,False,,,
6,36,local,U1,second13/phase/3,sram-14,dram-14-1,16,9813,9825,12,False,,,
6,36,local,U1,second14/phase/3,sram-15,dram-15-1,16,9813,9825,12,False,,,
6,36,local,U1,second15/phase/3,sram-16,dram-16-1,16,9813,9825,12,False,,,
6,36,local,U1,second16/phase/3,sram-17,dram-17-1,16,9813,9825,12,False,,,
6,36,local,U1,second18/phase/3,sram-19,dram-19-1,16,9813,9825,12,False,,,
6,36,local,U1,second19/phase/3,sram-20,dram-20-1,16,9813,9825,12,False,,,
6,36,local,U1,second20/phase/3,sram-21,dram-21-1,16,9813,9825,12,False,,,
6,36,local,U1,second21/phase/3,sram-22,dram-22-1,16,9813,9825,12,False,,,
6,36,local,U1,second22/phase/3,sram-23,dram-23-1,16,9813,9825,12,False,,,
6,36,local,U1,second24/phase/3,sram-25,dram-25-1,16,9813,9825,12,False,,,
6,36,local,U1,second25/phase/3,sram-26,dram-26-1,16,9813,9825,12,False,,,
6,36,local,U1,second26/phase/3,sram-27,dram-27-1,16,9813,9825,12,False,,,
6,36,local,U1,second27/phase/3,sram-28,dram-28-1,16,9813,9825,12,False,,,
6,36,local,U1,second28/phase/3,sram-29,dram-29-1,16,9813,9825,12,False,,,
6,36,local,U1,second30/phase/3,sram-31,dram-31-1,16,9813,9825,12,False,,,
6,36,local,U1,second31/phase/3,sram-32,dram-32-1,16,9813,9825,12,False,,,
6,36,local,U1,second32/phase/3,sram-33,dram-33-1,16,9813,9825,12,False,,,
6,36,local,U1,second33/phase/3,sram-34,dram-34-1,16,9813,9825,12,False,,,
6,36,local,U1,second34/phase/3,sram-35,dram-35-1,16,9813,9825,12,False,,,
6,36,local,U1,second5/phase/3,sram-6,dram-6-1,16,9923,9935,12,False,,,
6,36,local,U1,second11/phase/3,sram-12,dram-12-1,16,9923,9935,12,False,,,
6,36,local,U1,second17/phase/3,sram-18,dram-18-1,16,9923,9935,12,False,,,
6,36,local,U1,second23/phase/3,sram-24,dram-24-1,16,9923,9935,12,False,,,
6,36,local,U1,second29/phase/3,sram-30,dram-30-1,16,9937,9949,12,False,,,
6,36,local,U1,second35/phase/3,sram-0,dram-0-1,16,10024,10036,12,False,,,
6,36,local,U1,second0/phase/1,sram-0,sram-1,16384,10703,11242,539,True,,,
6,36,local,U1,second0/phase/3,sram-1,dram-1-1,16,11498,11510,12,True,,,
6,36,local,U1,second1/phase/7,dram-2-1,sram-2,65536,12931,13966,1035,False,,,
6,36,local,U1,second2/phase/7,dram-3-1,sram-3,65536,12931,13966,1035,False,,,
6,36,local,U1,second3/phase/7,dram-4-1,sram-4,65536,12931,13966,1035,False,,,
6,36,local,U1,second4/phase/7,dram-5-1,sram-5,65536,12931,13966,1035,False,,,
6,36,local,U1,second6/phase/7,dram-7-1,sram-7,65536,12931,13966,1035,False,,,
6,36,local,U1,second7/phase/7,dram-8-1,sram-8,65536,12931,13966,1035,False,,,
6,36,local,U1,second8/phase/7,dram-9-1,sram-9,65536,12931,13966,1035,False,,,
6,36,local,U1,second9/phase/7,dram-10-1,sram-10,65536,12931,13966,1035,False,,,
6,36,local,U1,second10/phase/7,dram-11-1,sram-11,65536,12931,13966,1035,False,,,
6,36,local,U1,second12/phase/7,dram-13-1,sram-13,65536,12931,13966,1035,False,,,
6,36,local,U1,second13/phase/7,dram-14-1,sram-14,65536,12931,13966,1035,False,,,
6,36,local,U1,second14/phase/7,dram-15-1,sram-15,65536,12931,13966,1035,False,,,
6,36,local,U1,second15/phase/7,dram-16-1,sram-16,65536,12931,13966,1035,False,,,
6,36,local,U1,second16/phase/7,dram-17-1,sram-17,65536,12931,13966,1035,False,,,
6,36,local,U1,second18/phase/7,dram-19-1,sram-19,65536,12931,13966,1035,False,,,
6,36,local,U1,second19/phase/7,dram-20-1,sram-20,65536,12931,13966,1035,False,,,
6,36,local,U1,second20/phase/7,dram-21-1,sram-21,65536,12931,13966,1035,False,,,
6,36,local,U1,second21/phase/7,dram-22-1,sram-22,65536,12931,13966,1035,False,,,
6,36,local,U1,second22/phase/7,dram-23-1,sram-23,65536,12931,13966,1035,False,,,
6,36,local,U1,second24/phase/7,dram-25-1,sram-25,65536,12931,13966,1035,False,,,
6,36,local,U1,second25/phase/7,dram-26-1,sram-26,65536,12931,13966,1035,False,,,
6,36,local,U1,second26/phase/7,dram-27-1,sram-27,65536,12931,13966,1035,False,,,
6,36,local,U1,second27/phase/7,dram-28-1,sram-28,65536,12931,13966,1035,False,,,
6,36,local,U1,second28/phase/7,dram-29-1,sram-29,65536,12931,13966,1035,False,,,
6,36,local,U1,second30/phase/7,dram-31-1,sram-31,65536,12931,13966,1035,False,,,
6,36,local,U1,second31/phase/7,dram-32-1,sram-32,65536,12931,13966,1035,False,,,
6,36,local,U1,second32/phase/7,dram-33-1,sram-33,65536,12931,13966,1035,False,,,
6,36,local,U1,second33/phase/7,dram-34-1,sram-34,65536,12931,13966,1035,False,,,
6,36,local,U1,second34/phase/7,dram-35-1,sram-35,65536,12931,13966,1035,False,,,
6,36,local,U1,second5/phase/7,dram-6-1,sram-6,65536,13041,14076,1035,False,,,
6,36,local,U1,second11/phase/7,dram-12-1,sram-12,65536,13041,14076,1035,False,,,
6,36,local,U1,second17/phase/7,dram-18-1,sram-18,65536,13041,14076,1035,False,,,
6,36,local,U1,second23/phase/7,dram-24-1,sram-24,65536,13041,14076,1035,False,,,
6,36,local,U1,second29/phase/7,dram-30-1,sram-30,65536,13055,14090,1035,False,,,
6,36,local,U1,second35/phase/7,dram-0-1,sram-0,65536,13142,14177,1035,False,,,
6,36,local,U1,second0/phase/7,dram-1-1,sram-1,65536,14616,15651,1035,True,,,
6,36,local,U1,second1/phase/13,sram-2,dram-2-0,16384,18830,19097,267,False,,,
6,36,local,U1,second2/phase/13,sram-3,dram-3-0,16384,18830,19097,267,False,,,
6,36,local,U1,second3/phase/13,sram-4,dram-4-0,16384,18830,19097,267,False,,,
6,36,local,U1,second4/phase/13,sram-5,dram-5-0,16384,18830,19097,267,False,,,
6,36,local,U1,second6/phase/13,sram-7,dram-7-0,16384,18830,19097,267,False,,,
6,36,local,U1,second7/phase/13,sram-8,dram-8-0,16384,18830,19097,267,False,,,
6,36,local,U1,second8/phase/13,sram-9,dram-9-0,16384,18830,19097,267,False,,,
6,36,local,U1,second9/phase/13,sram-10,dram-10-0,16384,18830,19097,267,False,,,
6,36,local,U1,second10/phase/13,sram-11,dram-11-0,16384,18830,19097,267,False,,,
6,36,local,U1,second12/phase/13,sram-13,dram-13-0,16384,18830,19097,267,False,,,
6,36,local,U1,second13/phase/13,sram-14,dram-14-0,16384,18830,19097,267,False,,,
6,36,local,U1,second14/phase/13,sram-15,dram-15-0,16384,18830,19097,267,False,,,
6,36,local,U1,second15/phase/13,sram-16,dram-16-0,16384,18830,19097,267,False,,,
6,36,local,U1,second16/phase/13,sram-17,dram-17-0,16384,18830,19097,267,False,,,
6,36,local,U1,second18/phase/13,sram-19,dram-19-0,16384,18830,19097,267,False,,,
6,36,local,U1,second19/phase/13,sram-20,dram-20-0,16384,18830,19097,267,False,,,
6,36,local,U1,second20/phase/13,sram-21,dram-21-0,16384,18830,19097,267,False,,,
6,36,local,U1,second21/phase/13,sram-22,dram-22-0,16384,18830,19097,267,False,,,
6,36,local,U1,second22/phase/13,sram-23,dram-23-0,16384,18830,19097,267,False,,,
6,36,local,U1,second24/phase/13,sram-25,dram-25-0,16384,18830,19097,267,False,,,
6,36,local,U1,second25/phase/13,sram-26,dram-26-0,16384,18830,19097,267,False,,,
6,36,local,U1,second26/phase/13,sram-27,dram-27-0,16384,18830,19097,267,False,,,
6,36,local,U1,second27/phase/13,sram-28,dram-28-0,16384,18830,19097,267,False,,,
6,36,local,U1,second28/phase/13,sram-29,dram-29-0,16384,18830,19097,267,False,,,
6,36,local,U1,second30/phase/13,sram-31,dram-31-0,16384,18830,19097,267,False,,,
6,36,local,U1,second31/phase/13,sram-32,dram-32-0,16384,18830,19097,267,False,,,
6,36,local,U1,second32/phase/13,sram-33,dram-33-0,16384,18830,19097,267,False,,,
6,36,local,U1,second33/phase/13,sram-34,dram-34-0,16384,18830,19097,267,False,,,
6,36,local,U1,second34/phase/13,sram-35,dram-35-0,16384,18830,19097,267,False,,,
6,36,local,U1,second5/phase/13,sram-6,dram-6-0,16384,18940,19207,267,False,,,
6,36,local,U1,second11/phase/13,sram-12,dram-12-0,16384,18940,19207,267,False,,,
6,36,local,U1,second17/phase/13,sram-18,dram-18-0,16384,18940,19207,267,False,,,
6,36,local,U1,second23/phase/13,sram-24,dram-24-0,16384,18940,19207,267,False,,,
6,36,local,U1,second29/phase/13,sram-30,dram-30-0,16384,18954,19221,267,False,,,
6,36,local,U1,second35/phase/13,sram-0,dram-0-0,16384,19041,19308,267,False,,,
6,36,local,U1,second1/phase/16,dram-2-0,sram-2,16,19899,19911,12,False,,,
6,36,local,U1,second2/phase/16,dram-3-0,sram-3,16,19899,19911,12,False,,,
6,36,local,U1,second3/phase/16,dram-4-0,sram-4,16,19899,19911,12,False,,,
6,36,local,U1,second4/phase/16,dram-5-0,sram-5,16,19899,19911,12,False,,,
6,36,local,U1,second6/phase/16,dram-7-0,sram-7,16,19899,19911,12,False,,,
6,36,local,U1,second7/phase/16,dram-8-0,sram-8,16,19899,19911,12,False,,,
6,36,local,U1,second8/phase/16,dram-9-0,sram-9,16,19899,19911,12,False,,,
6,36,local,U1,second9/phase/16,dram-10-0,sram-10,16,19899,19911,12,False,,,
6,36,local,U1,second10/phase/16,dram-11-0,sram-11,16,19899,19911,12,False,,,
6,36,local,U1,second12/phase/16,dram-13-0,sram-13,16,19899,19911,12,False,,,
6,36,local,U1,second13/phase/16,dram-14-0,sram-14,16,19899,19911,12,False,,,
6,36,local,U1,second14/phase/16,dram-15-0,sram-15,16,19899,19911,12,False,,,
6,36,local,U1,second15/phase/16,dram-16-0,sram-16,16,19899,19911,12,False,,,
6,36,local,U1,second16/phase/16,dram-17-0,sram-17,16,19899,19911,12,False,,,
6,36,local,U1,second18/phase/16,dram-19-0,sram-19,16,19899,19911,12,False,,,
6,36,local,U1,second19/phase/16,dram-20-0,sram-20,16,19899,19911,12,False,,,
6,36,local,U1,second20/phase/16,dram-21-0,sram-21,16,19899,19911,12,False,,,
6,36,local,U1,second21/phase/16,dram-22-0,sram-22,16,19899,19911,12,False,,,
6,36,local,U1,second22/phase/16,dram-23-0,sram-23,16,19899,19911,12,False,,,
6,36,local,U1,second24/phase/16,dram-25-0,sram-25,16,19899,19911,12,False,,,
6,36,local,U1,second25/phase/16,dram-26-0,sram-26,16,19899,19911,12,False,,,
6,36,local,U1,second26/phase/16,dram-27-0,sram-27,16,19899,19911,12,False,,,
6,36,local,U1,second27/phase/16,dram-28-0,sram-28,16,19899,19911,12,False,,,
6,36,local,U1,second28/phase/16,dram-29-0,sram-29,16,19899,19911,12,False,,,
6,36,local,U1,second30/phase/16,dram-31-0,sram-31,16,19899,19911,12,False,,,
6,36,local,U1,second31/phase/16,dram-32-0,sram-32,16,19899,19911,12,False,,,
6,36,local,U1,second32/phase/16,dram-33-0,sram-33,16,19899,19911,12,False,,,
6,36,local,U1,second33/phase/16,dram-34-0,sram-34,16,19899,19911,12,False,,,
6,36,local,U1,second34/phase/16,dram-35-0,sram-35,16,19899,19911,12,False,,,
6,36,local,U1,second5/phase/16,dram-6-0,sram-6,16,20009,20021,12,False,,,
6,36,local,U1,second11/phase/16,dram-12-0,sram-12,16,20009,20021,12,False,,,
6,36,local,U1,second17/phase/16,dram-18-0,sram-18,16,20009,20021,12,False,,,
6,36,local,U1,second23/phase/16,dram-24-0,sram-24,16,20009,20021,12,False,,,
6,36,local,U1,second29/phase/16,dram-30-0,sram-30,16,20023,20035,12,False,,,
6,36,local,U1,second35/phase/16,dram-0-0,sram-0,16,20110,20122,12,False,,,
6,36,local,U1,second0/phase/13,sram-1,dram-1-0,16384,20515,20782,267,True,,,
6,36,local,U1,second0/phase/16,dram-1-0,sram-1,16,21584,21596,12,True,,,
6,36,local,S,first0/phase/0,sram-0,host-memory,16,0,32,32,True,0,0,1.0
6,36,local,S,first1/phase/0,sram-1,dram-1-0,16,0,13,13,False,0,0,1.0
6,36,local,S,first2/phase/0,sram-2,dram-2-0,16,0,13,13,False,0,0,1.0
6,36,local,S,first3/phase/0,sram-3,dram-3-0,16,0,13,13,False,0,0,1.0
6,36,local,S,first4/phase/0,sram-4,dram-4-0,16,0,13,13,False,0,0,1.0
6,36,local,S,first5/phase/0,sram-5,dram-5-0,16,0,13,13,False,0,0,1.0
6,36,local,S,first6/phase/0,sram-6,dram-6-0,16,0,13,13,False,0,0,1.0
6,36,local,S,first7/phase/0,sram-7,dram-7-0,16,0,13,13,False,0,0,1.0
6,36,local,S,first8/phase/0,sram-8,dram-8-0,16,0,13,13,False,0,0,1.0
6,36,local,S,first9/phase/0,sram-9,dram-9-0,16,0,13,13,False,0,0,1.0
6,36,local,S,first10/phase/0,sram-10,dram-10-0,16,0,13,13,False,0,0,1.0
6,36,local,S,first11/phase/0,sram-11,dram-11-0,16,0,13,13,False,0,0,1.0
6,36,local,S,first12/phase/0,sram-12,dram-12-0,16,0,13,13,False,0,0,1.0
6,36,local,S,first13/phase/0,sram-13,dram-13-0,16,0,13,13,False,0,0,1.0
6,36,local,S,first14/phase/0,sram-14,dram-14-0,16,0,13,13,False,0,0,1.0
6,36,local,S,first15/phase/0,sram-15,dram-15-0,16,0,13,13,False,0,0,1.0
6,36,local,S,first16/phase/0,sram-16,dram-16-0,16,0,13,13,False,0,0,1.0
6,36,local,S,first17/phase/0,sram-17,dram-17-0,16,0,13,13,False,0,0,1.0
6,36,local,S,first18/phase/0,sram-18,dram-18-0,16,0,13,13,False,0,0,1.0
6,36,local,S,first19/phase/0,sram-19,dram-19-0,16,0,13,13,False,0,0,1.0
6,36,local,S,first20/phase/0,sram-20,dram-20-0,16,0,13,13,False,0,0,1.0
6,36,local,S,first21/phase/0,sram-21,dram-21-0,16,0,13,13,False,0,0,1.0
6,36,local,S,first22/phase/0,sram-22,dram-22-0,16,0,13,13,False,0,0,1.0
6,36,local,S,first23/phase/0,sram-23,dram-23-0,16,0,13,13,False,0,0,1.0
6,36,local,S,first24/phase/0,sram-24,dram-24-0,16,0,13,13,False,0,0,1.0
6,36,local,S,first25/phase/0,sram-25,dram-25-0,16,0,13,13,False,0,0,1.0
6,36,local,S,first26/phase/0,sram-26,dram-26-0,16,0,13,13,False,0,0,1.0
6,36,local,S,first27/phase/0,sram-27,dram-27-0,16,0,13,13,False,0,0,1.0
6,36,local,S,first28/phase/0,sram-28,dram-28-0,16,0,13,13,False,0,0,1.0
6,36,local,S,first29/phase/0,sram-29,dram-29-0,16,0,13,13,False,0,0,1.0
6,36,local,S,first30/phase/0,sram-30,dram-30-0,16,0,13,13,False,0,0,1.0
6,36,local,S,first31/phase/0,sram-31,dram-31-0,16,0,13,13,False,0,0,1.0
6,36,local,S,first32/phase/0,sram-32,dram-32-0,16,0,13,13,False,0,0,1.0
6,36,local,S,first33/phase/0,sram-33,dram-33-0,16,0,13,13,False,0,0,1.0
6,36,local,S,first34/phase/0,sram-34,dram-34-0,16,0,13,13,False,0,0,1.0
6,36,local,S,first35/phase/0,sram-35,dram-35-0,16,0,13,13,False,0,0,1.0
6,36,local,S,first0/phase/4,host-memory,sram-0,16384,888,1430,542,True,0,451,1.0
6,36,local,S,first0/phase/6,sram-0,dram-0-0,16,1686,1699,13,True,0,0,1.0
6,36,local,S,first1/phase/4,dram-1-0,sram-1,65536,3119,5178,2059,False,0,1987,1.0
6,36,local,S,first2/phase/4,dram-2-0,sram-2,65536,3119,5178,2059,False,0,1987,1.0
6,36,local,S,first3/phase/4,dram-3-0,sram-3,65536,3119,5178,2059,False,0,1987,1.0
6,36,local,S,first4/phase/4,dram-4-0,sram-4,65536,3119,5178,2059,False,0,1987,1.0
6,36,local,S,first5/phase/4,dram-5-0,sram-5,65536,3119,5178,2059,False,0,1987,1.0
6,36,local,S,first6/phase/4,dram-6-0,sram-6,65536,3119,5178,2059,False,0,1987,1.0
6,36,local,S,first7/phase/4,dram-7-0,sram-7,65536,3119,5178,2059,False,0,1987,1.0
6,36,local,S,first8/phase/4,dram-8-0,sram-8,65536,3119,5178,2059,False,0,1987,1.0
6,36,local,S,first9/phase/4,dram-9-0,sram-9,65536,3119,5178,2059,False,0,1987,1.0
6,36,local,S,first10/phase/4,dram-10-0,sram-10,65536,3119,5178,2059,False,0,1987,1.0
6,36,local,S,first11/phase/4,dram-11-0,sram-11,65536,3119,5178,2059,False,0,1987,1.0
6,36,local,S,first12/phase/4,dram-12-0,sram-12,65536,3119,5178,2059,False,0,1987,1.0
6,36,local,S,first13/phase/4,dram-13-0,sram-13,65536,3119,5178,2059,False,0,1987,1.0
6,36,local,S,first14/phase/4,dram-14-0,sram-14,65536,3119,5178,2059,False,0,1987,1.0
6,36,local,S,first15/phase/4,dram-15-0,sram-15,65536,3119,5178,2059,False,0,1987,1.0
6,36,local,S,first16/phase/4,dram-16-0,sram-16,65536,3119,5178,2059,False,0,1987,1.0
6,36,local,S,first17/phase/4,dram-17-0,sram-17,65536,3119,5178,2059,False,0,1987,1.0
6,36,local,S,first18/phase/4,dram-18-0,sram-18,65536,3119,5178,2059,False,0,1987,1.0
6,36,local,S,first19/phase/4,dram-19-0,sram-19,65536,3119,5178,2059,False,0,1987,1.0
6,36,local,S,first20/phase/4,dram-20-0,sram-20,65536,3119,5178,2059,False,0,1987,1.0
6,36,local,S,first21/phase/4,dram-21-0,sram-21,65536,3119,5178,2059,False,0,1987,1.0
6,36,local,S,first22/phase/4,dram-22-0,sram-22,65536,3119,5178,2059,False,0,1987,1.0
6,36,local,S,first23/phase/4,dram-23-0,sram-23,65536,3119,5178,2059,False,0,1987,1.0
6,36,local,S,first24/phase/4,dram-24-0,sram-24,65536,3119,5178,2059,False,0,1987,1.0
6,36,local,S,first25/phase/4,dram-25-0,sram-25,65536,3119,5178,2059,False,0,1987,1.0
6,36,local,S,first26/phase/4,dram-26-0,sram-26,65536,3119,5178,2059,False,0,1987,1.0
6,36,local,S,first27/phase/4,dram-27-0,sram-27,65536,3119,5178,2059,False,0,1987,1.0
6,36,local,S,first28/phase/4,dram-28-0,sram-28,65536,3119,5178,2059,False,0,1987,1.0
6,36,local,S,first29/phase/4,dram-29-0,sram-29,65536,3119,5178,2059,False,0,1987,1.0
6,36,local,S,first30/phase/4,dram-30-0,sram-30,65536,3119,5178,2059,False,0,1987,1.0
6,36,local,S,first31/phase/4,dram-31-0,sram-31,65536,3119,5178,2059,False,0,1987,1.0
6,36,local,S,first32/phase/4,dram-32-0,sram-32,65536,3119,5178,2059,False,0,1987,1.0
6,36,local,S,first33/phase/4,dram-33-0,sram-33,65536,3119,5178,2059,False,0,1987,1.0
6,36,local,S,first34/phase/4,dram-34-0,sram-34,65536,3119,5178,2059,False,0,1987,1.0
6,36,local,S,first35/phase/4,dram-35-0,sram-35,65536,3119,5178,2059,False,0,1987,1.0
6,36,local,S,first0/phase/10,dram-0-0,sram-0,65536,4805,6864,2059,True,0,1987,1.0
6,36,local,S,second1/phase/1,sram-1,sram-2,16384,10042,10582,540,False,0,451,1.0
6,36,local,S,second2/phase/1,sram-2,sram-3,16384,10042,10582,540,False,0,451,1.0
6,36,local,S,second3/phase/1,sram-3,sram-4,16384,10042,10582,540,False,0,451,1.0
6,36,local,S,second4/phase/1,sram-4,sram-5,16384,10042,10582,540,False,0,451,1.0
6,36,local,S,second5/phase/1,sram-5,sram-6,16384,10042,10692,650,False,0,451,6.0
6,36,local,S,second6/phase/1,sram-6,sram-7,16384,10042,10582,540,False,0,451,1.0
6,36,local,S,second7/phase/1,sram-7,sram-8,16384,10042,10582,540,False,0,451,1.0
6,36,local,S,second8/phase/1,sram-8,sram-9,16384,10042,10582,540,False,0,451,1.0
6,36,local,S,second9/phase/1,sram-9,sram-10,16384,10042,10582,540,False,0,451,1.0
6,36,local,S,second10/phase/1,sram-10,sram-11,16384,10042,10582,540,False,0,451,1.0
6,36,local,S,second11/phase/1,sram-11,sram-12,16384,10042,10692,650,False,0,451,6.0
6,36,local,S,second12/phase/1,sram-12,sram-13,16384,10042,10582,540,False,0,451,1.0
6,36,local,S,second13/phase/1,sram-13,sram-14,16384,10042,10582,540,False,0,451,1.0
6,36,local,S,second14/phase/1,sram-14,sram-15,16384,10042,10582,540,False,0,451,1.0
6,36,local,S,second15/phase/1,sram-15,sram-16,16384,10042,10582,540,False,0,451,1.0
6,36,local,S,second16/phase/1,sram-16,sram-17,16384,10042,10582,540,False,0,451,1.0
6,36,local,S,second17/phase/1,sram-17,sram-18,16384,10042,10692,650,False,0,451,6.0
6,36,local,S,second18/phase/1,sram-18,sram-19,16384,10042,10582,540,False,0,451,1.0
6,36,local,S,second19/phase/1,sram-19,sram-20,16384,10042,10582,540,False,0,451,1.0
6,36,local,S,second20/phase/1,sram-20,sram-21,16384,10042,10582,540,False,0,451,1.0
6,36,local,S,second21/phase/1,sram-21,sram-22,16384,10042,10582,540,False,0,451,1.0
6,36,local,S,second22/phase/1,sram-22,sram-23,16384,10042,10582,540,False,0,451,1.0
6,36,local,S,second23/phase/1,sram-23,sram-24,16384,10042,10692,650,False,0,451,6.0
6,36,local,S,second24/phase/1,sram-24,sram-25,16384,10042,10582,540,False,0,451,1.0
6,36,local,S,second25/phase/1,sram-25,sram-26,16384,10042,10582,540,False,0,451,1.0
6,36,local,S,second26/phase/1,sram-26,sram-27,16384,10042,10582,540,False,0,451,1.0
6,36,local,S,second27/phase/1,sram-27,sram-28,16384,10042,10582,540,False,0,451,1.0
6,36,local,S,second28/phase/1,sram-28,sram-29,16384,10042,10582,540,False,0,451,1.0
6,36,local,S,second29/phase/1,sram-29,sram-30,16384,10042,10706,664,False,0,451,6.0
6,36,local,S,second30/phase/1,sram-30,sram-31,16384,10042,10582,540,False,0,451,1.0
6,36,local,S,second31/phase/1,sram-31,sram-32,16384,10042,10582,540,False,0,451,1.0
6,36,local,S,second32/phase/1,sram-32,sram-33,16384,10042,10582,540,False,0,451,1.0
6,36,local,S,second33/phase/1,sram-33,sram-34,16384,10042,10582,540,False,0,451,1.0
6,36,local,S,second34/phase/1,sram-34,sram-35,16384,10042,10582,540,False,0,451,1.0
6,36,local,S,second35/phase/1,sram-35,sram-0,16384,10042,10793,751,False,0,465,10.0
6,36,local,S,second1/phase/3,sram-2,dram-2-1,16,10838,10851,13,False,0,0,1.0
6,36,local,S,second2/phase/3,sram-3,dram-3-1,16,10838,10851,13,False,0,0,1.0
6,36,local,S,second3/phase/3,sram-4,dram-4-1,16,10838,10851,13,False,0,0,1.0
6,36,local,S,second4/phase/3,sram-5,dram-5-1,16,10838,10851,13,False,0,0,1.0
6,36,local,S,second6/phase/3,sram-7,dram-7-1,16,10838,10851,13,False,0,0,1.0
6,36,local,S,second7/phase/3,sram-8,dram-8-1,16,10838,10851,13,False,0,0,1.0
6,36,local,S,second8/phase/3,sram-9,dram-9-1,16,10838,10851,13,False,0,0,1.0
6,36,local,S,second9/phase/3,sram-10,dram-10-1,16,10838,10851,13,False,0,0,1.0
6,36,local,S,second10/phase/3,sram-11,dram-11-1,16,10838,10851,13,False,0,0,1.0
6,36,local,S,second12/phase/3,sram-13,dram-13-1,16,10838,10851,13,False,0,0,1.0
6,36,local,S,second13/phase/3,sram-14,dram-14-1,16,10838,10851,13,False,0,0,1.0
6,36,local,S,second14/phase/3,sram-15,dram-15-1,16,10838,10851,13,False,0,0,1.0
6,36,local,S,second15/phase/3,sram-16,dram-16-1,16,10838,10851,13,False,0,0,1.0
6,36,local,S,second16/phase/3,sram-17,dram-17-1,16,10838,10851,13,False,0,0,1.0
6,36,local,S,second18/phase/3,sram-19,dram-19-1,16,10838,10851,13,False,0,0,1.0
6,36,local,S,second19/phase/3,sram-20,dram-20-1,16,10838,10851,13,False,0,0,1.0
6,36,local,S,second20/phase/3,sram-21,dram-21-1,16,10838,10851,13,False,0,0,1.0
6,36,local,S,second21/phase/3,sram-22,dram-22-1,16,10838,10851,13,False,0,0,1.0
6,36,local,S,second22/phase/3,sram-23,dram-23-1,16,10838,10851,13,False,0,0,1.0
6,36,local,S,second24/phase/3,sram-25,dram-25-1,16,10838,10851,13,False,0,0,1.0
6,36,local,S,second25/phase/3,sram-26,dram-26-1,16,10838,10851,13,False,0,0,1.0
6,36,local,S,second26/phase/3,sram-27,dram-27-1,16,10838,10851,13,False,0,0,1.0
6,36,local,S,second27/phase/3,sram-28,dram-28-1,16,10838,10851,13,False,0,0,1.0
6,36,local,S,second28/phase/3,sram-29,dram-29-1,16,10838,10851,13,False,0,0,1.0
6,36,local,S,second30/phase/3,sram-31,dram-31-1,16,10838,10851,13,False,0,0,1.0
6,36,local,S,second31/phase/3,sram-32,dram-32-1,16,10838,10851,13,False,0,0,1.0
6,36,local,S,second32/phase/3,sram-33,dram-33-1,16,10838,10851,13,False,0,0,1.0
6,36,local,S,second33/phase/3,sram-34,dram-34-1,16,10838,10851,13,False,0,0,1.0
6,36,local,S,second34/phase/3,sram-35,dram-35-1,16,10838,10851,13,False,0,0,1.0
6,36,local,S,second5/phase/3,sram-6,dram-6-1,16,10948,10961,13,False,0,0,1.0
6,36,local,S,second11/phase/3,sram-12,dram-12-1,16,10948,10961,13,False,0,0,1.0
6,36,local,S,second17/phase/3,sram-18,dram-18-1,16,10948,10961,13,False,0,0,1.0
6,36,local,S,second23/phase/3,sram-24,dram-24-1,16,10948,10961,13,False,0,0,1.0
6,36,local,S,second29/phase/3,sram-30,dram-30-1,16,10962,10975,13,False,0,0,1.0
6,36,local,S,second35/phase/3,sram-0,dram-0-1,16,11049,11062,13,False,0,0,1.0
6,36,local,S,second0/phase/1,sram-0,sram-1,16384,11728,12267,539,True,0,451,1.0
6,36,local,S,second0/phase/3,sram-1,dram-1-1,16,12523,12536,13,True,0,0,1.0
6,36,local,S,second1/phase/7,dram-2-1,sram-2,65536,13957,16016,2059,False,0,1987,1.0
6,36,local,S,second2/phase/7,dram-3-1,sram-3,65536,13957,16016,2059,False,0,1987,1.0
6,36,local,S,second3/phase/7,dram-4-1,sram-4,65536,13957,16016,2059,False,0,1987,1.0
6,36,local,S,second4/phase/7,dram-5-1,sram-5,65536,13957,16016,2059,False,0,1987,1.0
6,36,local,S,second6/phase/7,dram-7-1,sram-7,65536,13957,16016,2059,False,0,1987,1.0
6,36,local,S,second7/phase/7,dram-8-1,sram-8,65536,13957,16016,2059,False,0,1987,1.0
6,36,local,S,second8/phase/7,dram-9-1,sram-9,65536,13957,16016,2059,False,0,1987,1.0
6,36,local,S,second9/phase/7,dram-10-1,sram-10,65536,13957,16016,2059,False,0,1987,1.0
6,36,local,S,second10/phase/7,dram-11-1,sram-11,65536,13957,16016,2059,False,0,1987,1.0
6,36,local,S,second12/phase/7,dram-13-1,sram-13,65536,13957,16016,2059,False,0,1987,1.0
6,36,local,S,second13/phase/7,dram-14-1,sram-14,65536,13957,16016,2059,False,0,1987,1.0
6,36,local,S,second14/phase/7,dram-15-1,sram-15,65536,13957,16016,2059,False,0,1987,1.0
6,36,local,S,second15/phase/7,dram-16-1,sram-16,65536,13957,16016,2059,False,0,1987,1.0
6,36,local,S,second16/phase/7,dram-17-1,sram-17,65536,13957,16016,2059,False,0,1987,1.0
6,36,local,S,second18/phase/7,dram-19-1,sram-19,65536,13957,16016,2059,False,0,1987,1.0
6,36,local,S,second19/phase/7,dram-20-1,sram-20,65536,13957,16016,2059,False,0,1987,1.0
6,36,local,S,second20/phase/7,dram-21-1,sram-21,65536,13957,16016,2059,False,0,1987,1.0
6,36,local,S,second21/phase/7,dram-22-1,sram-22,65536,13957,16016,2059,False,0,1987,1.0
6,36,local,S,second22/phase/7,dram-23-1,sram-23,65536,13957,16016,2059,False,0,1987,1.0
6,36,local,S,second24/phase/7,dram-25-1,sram-25,65536,13957,16016,2059,False,0,1987,1.0
6,36,local,S,second25/phase/7,dram-26-1,sram-26,65536,13957,16016,2059,False,0,1987,1.0
6,36,local,S,second26/phase/7,dram-27-1,sram-27,65536,13957,16016,2059,False,0,1987,1.0
6,36,local,S,second27/phase/7,dram-28-1,sram-28,65536,13957,16016,2059,False,0,1987,1.0
6,36,local,S,second28/phase/7,dram-29-1,sram-29,65536,13957,16016,2059,False,0,1987,1.0
6,36,local,S,second30/phase/7,dram-31-1,sram-31,65536,13957,16016,2059,False,0,1987,1.0
6,36,local,S,second31/phase/7,dram-32-1,sram-32,65536,13957,16016,2059,False,0,1987,1.0
6,36,local,S,second32/phase/7,dram-33-1,sram-33,65536,13957,16016,2059,False,0,1987,1.0
6,36,local,S,second33/phase/7,dram-34-1,sram-34,65536,13957,16016,2059,False,0,1987,1.0
6,36,local,S,second34/phase/7,dram-35-1,sram-35,65536,13957,16016,2059,False,0,1987,1.0
6,36,local,S,second5/phase/7,dram-6-1,sram-6,65536,14067,16126,2059,False,0,1987,1.0
6,36,local,S,second11/phase/7,dram-12-1,sram-12,65536,14067,16126,2059,False,0,1987,1.0
6,36,local,S,second17/phase/7,dram-18-1,sram-18,65536,14067,16126,2059,False,0,1987,1.0
6,36,local,S,second23/phase/7,dram-24-1,sram-24,65536,14067,16126,2059,False,0,1987,1.0
6,36,local,S,second29/phase/7,dram-30-1,sram-30,65536,14081,16140,2059,False,0,1987,1.0
6,36,local,S,second35/phase/7,dram-0-1,sram-0,65536,14168,16227,2059,False,0,1987,1.0
6,36,local,S,second0/phase/7,dram-1-1,sram-1,65536,15642,17701,2059,True,0,1987,1.0
6,36,local,S,second1/phase/13,sram-2,dram-2-0,16384,20880,21403,523,False,0,451,1.0
6,36,local,S,second2/phase/13,sram-3,dram-3-0,16384,20880,21403,523,False,0,451,1.0
6,36,local,S,second3/phase/13,sram-4,dram-4-0,16384,20880,21403,523,False,0,451,1.0
6,36,local,S,second4/phase/13,sram-5,dram-5-0,16384,20880,21403,523,False,0,451,1.0
6,36,local,S,second6/phase/13,sram-7,dram-7-0,16384,20880,21403,523,False,0,451,1.0
6,36,local,S,second7/phase/13,sram-8,dram-8-0,16384,20880,21403,523,False,0,451,1.0
6,36,local,S,second8/phase/13,sram-9,dram-9-0,16384,20880,21403,523,False,0,451,1.0
6,36,local,S,second9/phase/13,sram-10,dram-10-0,16384,20880,21403,523,False,0,451,1.0
6,36,local,S,second10/phase/13,sram-11,dram-11-0,16384,20880,21403,523,False,0,451,1.0
6,36,local,S,second12/phase/13,sram-13,dram-13-0,16384,20880,21403,523,False,0,451,1.0
6,36,local,S,second13/phase/13,sram-14,dram-14-0,16384,20880,21403,523,False,0,451,1.0
6,36,local,S,second14/phase/13,sram-15,dram-15-0,16384,20880,21403,523,False,0,451,1.0
6,36,local,S,second15/phase/13,sram-16,dram-16-0,16384,20880,21403,523,False,0,451,1.0
6,36,local,S,second16/phase/13,sram-17,dram-17-0,16384,20880,21403,523,False,0,451,1.0
6,36,local,S,second18/phase/13,sram-19,dram-19-0,16384,20880,21403,523,False,0,451,1.0
6,36,local,S,second19/phase/13,sram-20,dram-20-0,16384,20880,21403,523,False,0,451,1.0
6,36,local,S,second20/phase/13,sram-21,dram-21-0,16384,20880,21403,523,False,0,451,1.0
6,36,local,S,second21/phase/13,sram-22,dram-22-0,16384,20880,21403,523,False,0,451,1.0
6,36,local,S,second22/phase/13,sram-23,dram-23-0,16384,20880,21403,523,False,0,451,1.0
6,36,local,S,second24/phase/13,sram-25,dram-25-0,16384,20880,21403,523,False,0,451,1.0
6,36,local,S,second25/phase/13,sram-26,dram-26-0,16384,20880,21403,523,False,0,451,1.0
6,36,local,S,second26/phase/13,sram-27,dram-27-0,16384,20880,21403,523,False,0,451,1.0
6,36,local,S,second27/phase/13,sram-28,dram-28-0,16384,20880,21403,523,False,0,451,1.0
6,36,local,S,second28/phase/13,sram-29,dram-29-0,16384,20880,21403,523,False,0,451,1.0
6,36,local,S,second30/phase/13,sram-31,dram-31-0,16384,20880,21403,523,False,0,451,1.0
6,36,local,S,second31/phase/13,sram-32,dram-32-0,16384,20880,21403,523,False,0,451,1.0
6,36,local,S,second32/phase/13,sram-33,dram-33-0,16384,20880,21403,523,False,0,451,1.0
6,36,local,S,second33/phase/13,sram-34,dram-34-0,16384,20880,21403,523,False,0,451,1.0
6,36,local,S,second34/phase/13,sram-35,dram-35-0,16384,20880,21403,523,False,0,451,1.0
6,36,local,S,second5/phase/13,sram-6,dram-6-0,16384,20990,21513,523,False,0,451,1.0
6,36,local,S,second11/phase/13,sram-12,dram-12-0,16384,20990,21513,523,False,0,451,1.0
6,36,local,S,second17/phase/13,sram-18,dram-18-0,16384,20990,21513,523,False,0,451,1.0
6,36,local,S,second23/phase/13,sram-24,dram-24-0,16384,20990,21513,523,False,0,451,1.0
6,36,local,S,second29/phase/13,sram-30,dram-30-0,16384,21004,21527,523,False,0,451,1.0
6,36,local,S,second35/phase/13,sram-0,dram-0-0,16384,21091,21614,523,False,0,451,1.0
6,36,local,S,second1/phase/16,dram-2-0,sram-2,16,22205,22218,13,False,0,0,1.0
6,36,local,S,second2/phase/16,dram-3-0,sram-3,16,22205,22218,13,False,0,0,1.0
6,36,local,S,second3/phase/16,dram-4-0,sram-4,16,22205,22218,13,False,0,0,1.0
6,36,local,S,second4/phase/16,dram-5-0,sram-5,16,22205,22218,13,False,0,0,1.0
6,36,local,S,second6/phase/16,dram-7-0,sram-7,16,22205,22218,13,False,0,0,1.0
6,36,local,S,second7/phase/16,dram-8-0,sram-8,16,22205,22218,13,False,0,0,1.0
6,36,local,S,second8/phase/16,dram-9-0,sram-9,16,22205,22218,13,False,0,0,1.0
6,36,local,S,second9/phase/16,dram-10-0,sram-10,16,22205,22218,13,False,0,0,1.0
6,36,local,S,second10/phase/16,dram-11-0,sram-11,16,22205,22218,13,False,0,0,1.0
6,36,local,S,second12/phase/16,dram-13-0,sram-13,16,22205,22218,13,False,0,0,1.0
6,36,local,S,second13/phase/16,dram-14-0,sram-14,16,22205,22218,13,False,0,0,1.0
6,36,local,S,second14/phase/16,dram-15-0,sram-15,16,22205,22218,13,False,0,0,1.0
6,36,local,S,second15/phase/16,dram-16-0,sram-16,16,22205,22218,13,False,0,0,1.0
6,36,local,S,second16/phase/16,dram-17-0,sram-17,16,22205,22218,13,False,0,0,1.0
6,36,local,S,second18/phase/16,dram-19-0,sram-19,16,22205,22218,13,False,0,0,1.0
6,36,local,S,second19/phase/16,dram-20-0,sram-20,16,22205,22218,13,False,0,0,1.0
6,36,local,S,second20/phase/16,dram-21-0,sram-21,16,22205,22218,13,False,0,0,1.0
6,36,local,S,second21/phase/16,dram-22-0,sram-22,16,22205,22218,13,False,0,0,1.0
6,36,local,S,second22/phase/16,dram-23-0,sram-23,16,22205,22218,13,False,0,0,1.0
6,36,local,S,second24/phase/16,dram-25-0,sram-25,16,22205,22218,13,False,0,0,1.0
6,36,local,S,second25/phase/16,dram-26-0,sram-26,16,22205,22218,13,False,0,0,1.0
6,36,local,S,second26/phase/16,dram-27-0,sram-27,16,22205,22218,13,False,0,0,1.0
6,36,local,S,second27/phase/16,dram-28-0,sram-28,16,22205,22218,13,False,0,0,1.0
6,36,local,S,second28/phase/16,dram-29-0,sram-29,16,22205,22218,13,False,0,0,1.0
6,36,local,S,second30/phase/16,dram-31-0,sram-31,16,22205,22218,13,False,0,0,1.0
6,36,local,S,second31/phase/16,dram-32-0,sram-32,16,22205,22218,13,False,0,0,1.0
6,36,local,S,second32/phase/16,dram-33-0,sram-33,16,22205,22218,13,False,0,0,1.0
6,36,local,S,second33/phase/16,dram-34-0,sram-34,16,22205,22218,13,False,0,0,1.0
6,36,local,S,second34/phase/16,dram-35-0,sram-35,16,22205,22218,13,False,0,0,1.0
6,36,local,S,second5/phase/16,dram-6-0,sram-6,16,22315,22328,13,False,0,0,1.0
6,36,local,S,second11/phase/16,dram-12-0,sram-12,16,22315,22328,13,False,0,0,1.0
6,36,local,S,second17/phase/16,dram-18-0,sram-18,16,22315,22328,13,False,0,0,1.0
6,36,local,S,second23/phase/16,dram-24-0,sram-24,16,22315,22328,13,False,0,0,1.0
6,36,local,S,second29/phase/16,dram-30-0,sram-30,16,22329,22342,13,False,0,0,1.0
6,36,local,S,second35/phase/16,dram-0-0,sram-0,16,22416,22429,13,False,0,0,1.0
6,36,local,S,second0/phase/13,sram-1,dram-1-0,16384,22565,23088,523,True,0,451,1.0
6,36,local,S,second0/phase/16,dram-1-0,sram-1,16,23890,23903,13,True,0,0,1.0
6,36,clustered_local,U0,first0/phase/0,sram-0,host-memory,16,0,32,32,True,,,
6,36,clustered_local,U0,first1/phase/0,sram-1,dram-0-0,16,0,12,12,False,,,
6,36,clustered_local,U0,first2/phase/0,sram-2,dram-2-0,16,0,12,12,False,,,
6,36,clustered_local,U0,first3/phase/0,sram-3,dram-2-0,16,0,12,12,False,,,
6,36,clustered_local,U0,first4/phase/0,sram-4,dram-4-0,16,0,12,12,False,,,
6,36,clustered_local,U0,first5/phase/0,sram-5,dram-4-0,16,0,12,12,False,,,
6,36,clustered_local,U0,first6/phase/0,sram-6,dram-0-0,16,0,12,12,False,,,
6,36,clustered_local,U0,first7/phase/0,sram-7,dram-0-0,16,0,12,12,False,,,
6,36,clustered_local,U0,first8/phase/0,sram-8,dram-2-0,16,0,12,12,False,,,
6,36,clustered_local,U0,first9/phase/0,sram-9,dram-2-0,16,0,12,12,False,,,
6,36,clustered_local,U0,first10/phase/0,sram-10,dram-4-0,16,0,12,12,False,,,
6,36,clustered_local,U0,first11/phase/0,sram-11,dram-4-0,16,0,12,12,False,,,
6,36,clustered_local,U0,first12/phase/0,sram-12,dram-12-0,16,0,12,12,False,,,
6,36,clustered_local,U0,first13/phase/0,sram-13,dram-12-0,16,0,12,12,False,,,
6,36,clustered_local,U0,first14/phase/0,sram-14,dram-14-0,16,0,12,12,False,,,
6,36,clustered_local,U0,first15/phase/0,sram-15,dram-14-0,16,0,12,12,False,,,
6,36,clustered_local,U0,first16/phase/0,sram-16,dram-16-0,16,0,12,12,False,,,
6,36,clustered_local,U0,first17/phase/0,sram-17,dram-16-0,16,0,12,12,False,,,
6,36,clustered_local,U0,first18/phase/0,sram-18,dram-12-0,16,0,12,12,False,,,
6,36,clustered_local,U0,first19/phase/0,sram-19,dram-12-0,16,0,12,12,False,,,
6,36,clustered_local,U0,first20/phase/0,sram-20,dram-14-0,16,0,12,12,False,,,
6,36,clustered_local,U0,first21/phase/0,sram-21,dram-14-0,16,0,12,12,False,,,
6,36,clustered_local,U0,first22/phase/0,sram-22,dram-16-0,16,0,12,12,False,,,
6,36,clustered_local,U0,first23/phase/0,sram-23,dram-16-0,16,0,12,12,False,,,
6,36,clustered_local,U0,first24/phase/0,sram-24,dram-24-0,16,0,12,12,False,,,
6,36,clustered_local,U0,first25/phase/0,sram-25,dram-24-0,16,0,12,12,False,,,
6,36,clustered_local,U0,first26/phase/0,sram-26,dram-26-0,16,0,12,12,False,,,
6,36,clustered_local,U0,first27/phase/0,sram-27,dram-26-0,16,0,12,12,False,,,
6,36,clustered_local,U0,first28/phase/0,sram-28,dram-28-0,16,0,12,12,False,,,
6,36,clustered_local,U0,first29/phase/0,sram-29,dram-28-0,16,0,12,12,False,,,
6,36,clustered_local,U0,first30/phase/0,sram-30,dram-24-0,16,0,12,12,False,,,
6,36,clustered_local,U0,first31/phase/0,sram-31,dram-24-0,16,0,12,12,False,,,
6,36,clustered_local,U0,first32/phase/0,sram-32,dram-26-0,16,0,12,12,False,,,
6,36,clustered_local,U0,first33/phase/0,sram-33,dram-26-0,16,0,12,12,False,,,
6,36,clustered_local,U0,first34/phase/0,sram-34,dram-28-0,16,0,12,12,False,,,
6,36,clustered_local,U0,first35/phase/0,sram-35,dram-28-0,16,0,12,12,False,,,
6,36,clustered_local,U0,first1/phase/4,dram-0-0,sram-1,65536,101,1136,1035,False,,,
6,36,clustered_local,U0,first2/phase/4,dram-2-0,sram-2,65536,130,1165,1035,False,,,
6,36,clustered_local,U0,first3/phase/4,dram-2-0,sram-3,65536,159,1194,1035,False,,,
6,36,clustered_local,U0,first4/phase/4,dram-4-0,sram-4,65536,188,1223,1035,False,,,
6,36,clustered_local,U0,first5/phase/4,dram-4-0,sram-5,65536,217,1252,1035,False,,,
6,36,clustered_local,U0,first6/phase/4,dram-0-0,sram-6,65536,246,1281,1035,False,,,
6,36,clustered_local,U0,first7/phase/4,dram-0-0,sram-7,65536,275,1310,1035,False,,,
6,36,clustered_local,U0,first8/phase/4,dram-2-0,sram-8,65536,304,1339,1035,False,,,
6,36,clustered_local,U0,first9/phase/4,dram-2-0,sram-9,65536,333,1368,1035,False,,,
6,36,clustered_local,U0,first10/phase/4,dram-4-0,sram-10,65536,362,1397,1035,False,,,
6,36,clustered_local,U0,first11/phase/4,dram-4-0,sram-11,65536,391,1426,1035,False,,,
6,36,clustered_local,U0,first12/phase/4,dram-12-0,sram-12,65536,420,1455,1035,False,,,
6,36,clustered_local,U0,first13/phase/4,dram-12-0,sram-13,65536,449,1484,1035,False,,,
6,36,clustered_local,U0,first14/phase/4,dram-14-0,sram-14,65536,478,1513,1035,False,,,
6,36,clustered_local,U0,first15/phase/4,dram-14-0,sram-15,65536,507,1542,1035,False,,,
6,36,clustered_local,U0,first16/phase/4,dram-16-0,sram-16,65536,536,1571,1035,False,,,
6,36,clustered_local,U0,first17/phase/4,dram-16-0,sram-17,65536,565,1600,1035,False,,,
6,36,clustered_local,U0,first18/phase/4,dram-12-0,sram-18,65536,594,1629,1035,False,,,
6,36,clustered_local,U0,first19/phase/4,dram-12-0,sram-19,65536,623,1658,1035,False,,,
6,36,clustered_local,U0,first20/phase/4,dram-14-0,sram-20,65536,652,1687,1035,False,,,
6,36,clustered_local,U0,first21/phase/4,dram-14-0,sram-21,65536,681,1716,1035,False,,,
6,36,clustered_local,U0,first22/phase/4,dram-16-0,sram-22,65536,710,1745,1035,False,,,
6,36,clustered_local,U0,first23/phase/4,dram-16-0,sram-23,65536,739,1774,1035,False,,,
6,36,clustered_local,U0,first24/phase/4,dram-24-0,sram-24,65536,768,1803,1035,False,,,
6,36,clustered_local,U0,first25/phase/4,dram-24-0,sram-25,65536,797,1832,1035,False,,,
6,36,clustered_local,U0,first26/phase/4,dram-26-0,sram-26,65536,826,1861,1035,False,,,
6,36,clustered_local,U0,first27/phase/4,dram-26-0,sram-27,65536,855,1890,1035,False,,,
6,36,clustered_local,U0,first28/phase/4,dram-28-0,sram-28,65536,884,1919,1035,False,,,
6,36,clustered_local,U0,first0/phase/4,host-memory,sram-0,16384,888,1430,542,True,,,
6,36,clustered_local,U0,first29/phase/4,dram-28-0,sram-29,65536,913,1948,1035,False,,,
6,36,clustered_local,U0,first30/phase/4,dram-24-0,sram-30,65536,942,1977,1035,False,,,
6,36,clustered_local,U0,first31/phase/4,dram-24-0,sram-31,65536,971,2006,1035,False,,,
6,36,clustered_local,U0,first32/phase/4,dram-26-0,sram-32,65536,1000,2035,1035,False,,,
6,36,clustered_local,U0,first33/phase/4,dram-26-0,sram-33,65536,1029,2064,1035,False,,,
6,36,clustered_local,U0,first34/phase/4,dram-28-0,sram-34,65536,1058,2093,1035,False,,,
6,36,clustered_local,U0,first35/phase/4,dram-28-0,sram-35,65536,1087,2122,1035,False,,,
6,36,clustered_local,U0,first0/phase/6,sram-0,dram-0-0,16,1686,1698,12,True,,,
6,36,clustered_local,U0,first0/phase/10,dram-0-0,sram-0,65536,1787,2822,1035,True,,,
6,36,clustered_local,U0,second1/phase/1,sram-1,sram-2,16384,6000,6539,539,False,,,
6,36,clustered_local,U0,second2/phase/1,sram-2,sram-3,16384,6029,6568,539,False,,,
6,36,clustered_local,U0,second3/phase/1,sram-3,sram-4,16384,6058,6597,539,False,,,
6,36,clustered_local,U0,second4/phase/1,sram-4,sram-5,16384,6087,6626,539,False,,,
6,36,clustered_local,U0,second5/phase/1,sram-5,sram-6,16384,6116,6761,645,False,,,
6,36,clustered_local,U0,second6/phase/1,sram-6,sram-7,16384,6145,6684,539,False,,,
6,36,clustered_local,U0,second7/phase/1,sram-7,sram-8,16384,6174,6713,539,False,,,
6,36,clustered_local,U0,second8/phase/1,sram-8,sram-9,16384,6203,6743,540,False,,,
6,36,clustered_local,U0,second9/phase/1,sram-9,sram-10,16384,6232,6772,540,False,,,
6,36,clustered_local,U0,second10/phase/1,sram-10,sram-11,16384,6261,6801,540,False,,,
6,36,clustered_local,U0,second11/phase/1,sram-11,sram-12,16384,6290,6935,645,False,,,
6,36,clustered_local,U0,second12/phase/1,sram-12,sram-13,16384,6319,6858,539,False,,,
6,36,clustered_local,U0,second13/phase/1,sram-13,sram-14,16384,6348,6887,539,False,,,
6,36,clustered_local,U0,second14/phase/1,sram-14,sram-15,16384,6377,6916,539,False,,,
6,36,clustered_local,U0,second15/phase/1,sram-15,sram-16,16384,6406,6945,539,False,,,
6,36,clustered_local,U0,second16/phase/1,sram-16,sram-17,16384,6435,6974,539,False,,,
6,36,clustered_local,U0,second17/phase/1,sram-17,sram-18,16384,6464,7109,645,False,,,
6,36,clustered_local,U0,second18/phase/1,sram-18,sram-19,16384,6493,7032,539,False,,,
6,36,clustered_local,U0,second19/phase/1,sram-19,sram-20,16384,6522,7061,539,False,,,
6,36,clustered_local,U0,second20/phase/1,sram-20,sram-21,16384,6551,7091,540,False,,,
6,36,clustered_local,U0,second21/phase/1,sram-21,sram-22,16384,6580,7120,540,False,,,
6,36,clustered_local,U0,second22/phase/1,sram-22,sram-23,16384,6609,7149,540,False,,,
6,36,clustered_local,U0,second23/phase/1,sram-23,sram-24,16384,6638,7283,645,False,,,
6,36,clustered_local,U0,second24/phase/1,sram-24,sram-25,16384,6667,7206,539,False,,,
6,36,clustered_local,U0,second25/phase/1,sram-25,sram-26,16384,6696,7235,539,False,,,
6,36,clustered_local,U0,second26/phase/1,sram-26,sram-27,16384,6725,7264,539,False,,,
6,36,clustered_local,U0,second27/phase/1,sram-27,sram-28,16384,6754,7293,539,False,,,
6,36,clustered_local,U0,second28/phase/1,sram-28,sram-29,16384,6783,7322,539,False,,,
6,36,clustered_local,U0,second1/phase/3,sram-2,dram-2-1,16,6795,6807,12,False,,,
6,36,clustered_local,U0,second29/phase/1,sram-29,sram-30,16384,6812,7475,663,False,,,
6,36,clustered_local,U0,second2/phase/3,sram-3,dram-2-1,16,6824,6836,12,False,,,
6,36,clustered_local,U0,second30/phase/1,sram-30,sram-31,16384,6841,7380,539,False,,,
6,36,clustered_local,U0,second3/phase/3,sram-4,dram-4-1,16,6853,6865,12,False,,,
6,36,clustered_local,U0,second31/phase/1,sram-31,sram-32,16384,6870,7409,539,False,,,
6,36,clustered_local,U0,second4/phase/3,sram-5,dram-4-1,16,6882,6894,12,False,,,
6,36,clustered_local,U0,second1/phase/7,dram-2-1,sram-2,65536,6896,7931,1035,False,,,
6,36,clustered_local,U0,second32/phase/1,sram-32,sram-33,16384,6899,7439,540,False,,,
6,36,clustered_local,U0,second2/phase/7,dram-2-1,sram-3,65536,6925,7960,1035,False,,,
6,36,clustered_local,U0,second33/phase/1,sram-33,sram-34,16384,6928,7468,540,False,,,
6,36,clustered_local,U0,second6/phase/3,sram-7,dram-0-1,16,6940,6952,12,False,,,
6,36,clustered_local,U0,second3/phase/7,dram-4-1,sram-4,65536,6954,7989,1035,False,,,
6,36,clustered_local,U0,second34/phase/1,sram-34,sram-35,16384,6957,7497,540,False,,,
6,36,clustered_local,U0,second7/phase/3,sram-8,dram-2-1,16,6969,6981,12,False,,,
6,36,clustered_local,U0,second4/phase/7,dram-4-1,sram-5,65536,6983,8018,1035,False,,,
6,36,clustered_local,U0,second35/phase/1,sram-35,sram-0,16384,6986,7715,729,False,,,
6,36,clustered_local,U0,second8/phase/3,sram-9,dram-2-1,16,6999,7011,12,False,,,
6,36,clustered_local,U0,second5/phase/3,sram-6,dram-0-1,16,7017,7029,12,False,,,
6,36,clustered_local,U0,second9/phase/3,sram-10,dram-4-1,16,7028,7040,12,False,,,
6,36,clustered_local,U0,second6/phase/7,dram-0-1,sram-7,65536,7041,8076,1035,False,,,
6,36,clustered_local,U0,second10/phase/3,sram-11,dram-4-1,16,7057,7069,12,False,,,
6,36,clustered_local,U0,second7/phase/7,dram-2-1,sram-8,65536,7070,8105,1035,False,,,
6,36,clustered_local,U0,second8/phase/7,dram-2-1,sram-9,65536,7100,8135,1035,False,,,
6,36,clustered_local,U0,second12/phase/3,sram-13,dram-12-1,16,7114,7126,12,False,,,
6,36,clustered_local,U0,second5/phase/7,dram-0-1,sram-6,65536,7129,8164,1035,False,,,
6,36,clustered_local,U0,second13/phase/3,sram-14,dram-14-1,16,7143,7155,12,False,,,
6,36,clustered_local,U0,second9/phase/7,dram-4-1,sram-10,65536,7158,8193,1035,False,,,
6,36,clustered_local,U0,second14/phase/3,sram-15,dram-14-1,16,7172,7184,12,False,,,
6,36,clustered_local,U0,second10/phase/7,dram-4-1,sram-11,65536,7187,8222,1035,False,,,
6,36,clustered_local,U0,second11/phase/3,sram-12,dram-12-1,16,7191,7203,12,False,,,
6,36,clustered_local,U0,second15/phase/3,sram-16,dram-16-1,16,7201,7213,12,False,,,
6,36,clustered_local,U0,second12/phase/7,dram-12-1,sram-13,65536,7216,8251,1035,False,,,
6,36,clustered_local,U0,second16/phase/3,sram-17,dram-16-1,16,7230,7242,12,False,,,
6,36,clustered_local,U0,second13/phase/7,dram-14-1,sram-14,65536,7245,8280,1035,False,,,
6,36,clustered_local,U0,second14/phase/7,dram-14-1,sram-15,65536,7274,8309,1035,False,,,
6,36,clustered_local,U0,second18/phase/3,sram-19,dram-12-1,16,7288,7300,12,False,,,
6,36,clustered_local,U0,second11/phase/7,dram-12-1,sram-12,65536,7303,8338,1035,False,,,
6,36,clustered_local,U0,second19/phase/3,sram-20,dram-14-1,16,7317,7329,12,False,,,
6,36,clustered_local,U0,second15/phase/7,dram-16-1,sram-16,65536,7332,8367,1035,False,,,
6,36,clustered_local,U0,second20/phase/3,sram-21,dram-14-1,16,7347,7359,12,False,,,
6,36,clustered_local,U0,second16/phase/7,dram-16-1,sram-17,65536,7361,8396,1035,False,,,
6,36,clustered_local,U0,second17/phase/3,sram-18,dram-12-1,16,7365,7377,12,False,,,
6,36,clustered_local,U0,second21/phase/3,sram-22,dram-16-1,16,7376,7388,12,False,,,
6,36,clustered_local,U0,second18/phase/7,dram-12-1,sram-19,65536,7390,8425,1035,False,,,
6,36,clustered_local,U0,second22/phase/3,sram-23,dram-16-1,16,7405,7417,12,False,,,
6,36,clustered_local,U0,second19/phase/7,dram-14-1,sram-20,65536,7419,8454,1035,False,,,
6,36,clustered_local,U0,second20/phase/7,dram-14-1,sram-21,65536,7448,8483,1035,False,,,
6,36,clustered_local,U0,second24/phase/3,sram-25,dram-24-1,16,7462,7474,12,False,,,
6,36,clustered_local,U0,second17/phase/7,dram-12-1,sram-18,65536,7477,8512,1035,False,,,
6,36,clustered_local,U0,second25/phase/3,sram-26,dram-26-1,16,7491,7503,12,False,,,
6,36,clustered_local,U0,second21/phase/7,dram-16-1,sram-22,65536,7506,8541,1035,False,,,
6,36,clustered_local,U0,second26/phase/3,sram-27,dram-26-1,16,7520,7532,12,False,,,
6,36,clustered_local,U0,second22/phase/7,dram-16-1,sram-23,65536,7535,8570,1035,False,,,
6,36,clustered_local,U0,second23/phase/3,sram-24,dram-24-1,16,7539,7551,12,False,,,
6,36,clustered_local,U0,second27/phase/3,sram-28,dram-28-1,16,7549,7561,12,False,,,
6,36,clustered_local,U0,second24/phase/7,dram-24-1,sram-25,65536,7564,8599,1035,False,,,
6,36,clustered_local,U0,second28/phase/3,sram-29,dram-28-1,16,7578,7590,12,False,,,
6,36,clustered_local,U0,second25/phase/7,dram-26-1,sram-26,65536,7593,8628,1035,False,,,
6,36,clustered_local,U0,second26/phase/7,dram-26-1,sram-27,65536,7622,8657,1035,False,,,
6,36,clustered_local,U0,second30/phase/3,sram-31,dram-24-1,16,7636,7648,12,False,,,
6,36,clustered_local,U0,second23/phase/7,dram-24-1,sram-24,65536,7651,8686,1035,False,,,
6,36,clustered_local,U0,second31/phase/3,sram-32,dram-26-1,16,7665,7677,12,False,,,
6,36,clustered_local,U0,second27/phase/7,dram-28-1,sram-28,65536,7680,8715,1035,False,,,
6,36,clustered_local,U0,second0/phase/1,sram-0,sram-1,16384,7686,8226,540,True,,,
6,36,clustered_local,U0,second32/phase/3,sram-33,dram-26-1,16,7695,7707,12,False,,,
6,36,clustered_local,U0,second28/phase/7,dram-28-1,sram-29,65536,7709,8744,1035,False,,,
6,36,clustered_local,U0,second33/phase/3,sram-34,dram-28-1,16,7724,7736,12,False,,,
6,36,clustered_local,U0,second29/phase/3,sram-30,dram-24-1,16,7731,7743,12,False,,,
6,36,clustered_local,U0,second30/phase/7,dram-24-1,sram-31,65536,7738,8773,1035,False,,,
6,36,clustered_local,U0,second34/phase/3,sram-35,dram-28-1,16,7753,7765,12,False,,,
6,36,clustered_local,U0,second31/phase/7,dram-26-1,sram-32,65536,7767,8802,1035,False,,,
6,36,clustered_local,U0,second32/phase/7,dram-26-1,sram-33,65536,7796,8831,1035,False,,,
6,36,clustered_local,U0,second33/phase/7,dram-28-1,sram-34,65536,7825,8860,1035,False,,,
6,36,clustered_local,U0,second29/phase/7,dram-24-1,sram-30,65536,7854,8889,1035,False,,,
6,36,clustered_local,U0,second34/phase/7,dram-28-1,sram-35,65536,7883,8918,1035,False,,,
6,36,clustered_local,U0,second35/phase/3,sram-0,dram-0-1,16,7971,7983,12,False,,,
6,36,clustered_local,U0,second35/phase/7,dram-0-1,sram-0,65536,8072,9107,1035,False,,,
6,36,clustered_local,U0,second0/phase/3,sram-1,dram-0-1,16,8482,8494,12,True,,,
6,36,clustered_local,U0,second0/phase/7,dram-0-1,sram-1,65536,8583,9618,1035,True,,,
6,36,clustered_local,U0,second1/phase/13,sram-2,dram-2-0,16384,12795,13062,267,False,,,
6,36,clustered_local,U0,second2/phase/13,sram-3,dram-2-0,16384,12824,13091,267,False,,,
6,36,clustered_local,U0,second3/phase/13,sram-4,dram-4-0,16384,12853,13120,267,False,,,
6,36,clustered_local,U0,second4/phase/13,sram-5,dram-4-0,16384,12882,13149,267,False,,,
6,36,clustered_local,U0,second6/phase/13,sram-7,dram-0-0,16384,12940,13207,267,False,,,
6,36,clustered_local,U0,second7/phase/13,sram-8,dram-2-0,16384,12969,13236,267,False,,,
6,36,clustered_local,U0,second8/phase/13,sram-9,dram-2-0,16384,12999,13266,267,False,,,
6,36,clustered_local,U0,second5/phase/13,sram-6,dram-0-0,16384,13028,13295,267,False,,,
6,36,clustered_local,U0,second9/phase/13,sram-10,dram-4-0,16384,13057,13324,267,False,,,
6,36,clustered_local,U0,second10/phase/13,sram-11,dram-4-0,16384,13086,13353,267,False,,,
6,36,clustered_local,U0,second1/phase/16,dram-2-0,sram-2,16,13109,13121,12,False,,,
6,36,clustered_local,U0,second12/phase/13,sram-13,dram-12-0,16384,13115,13382,267,False,,,
6,36,clustered_local,U0,second2/phase/16,dram-2-0,sram-3,16,13138,13150,12,False,,,
6,36,clustered_local,U0,second13/phase/13,sram-14,dram-14-0,16384,13144,13411,267,False,,,
6,36,clustered_local,U0,second3/phase/16,dram-4-0,sram-4,16,13167,13179,12,False,,,
6,36,clustered_local,U0,second14/phase/13,sram-15,dram-14-0,16384,13173,13440,267,False,,,
6,36,clustered_local,U0,second4/phase/16,dram-4-0,sram-5,16,13196,13208,12,False,,,
6,36,clustered_local,U0,second11/phase/13,sram-12,dram-12-0,16384,13202,13469,267,False,,,
6,36,clustered_local,U0,second15/phase/13,sram-16,dram-16-0,16384,13231,13498,267,False,,,
6,36,clustered_local,U0,second6/phase/16,dram-0-0,sram-7,16,13254,13266,12,False,,,
6,36,clustered_local,U0,second16/phase/13,sram-17,dram-16-0,16384,13260,13527,267,False,,,
6,36,clustered_local,U0,second7/phase/16,dram-2-0,sram-8,16,13283,13295,12,False,,,
6,36,clustered_local,U0,second18/phase/13,sram-19,dram-12-0,16384,13289,13556,267,False,,,
6,36,clustered_local,U0,second8/phase/16,dram-2-0,sram-9,16,13313,13325,12,False,,,
6,36,clustered_local,U0,second19/phase/13,sram-20,dram-14-0,16384,13318,13585,267,False,,,
6,36,clustered_local,U0,second5/phase/16,dram-0-0,sram-6,16,13342,13354,12,False,,,
6,36,clustered_local,U0,second20/phase/13,sram-21,dram-14-0,16384,13347,13614,267,False,,,
6,36,clustered_local,U0,second9/phase/16,dram-4-0,sram-10,16,13371,13383,12,False,,,
6,36,clustered_local,U0,second17/phase/13,sram-18,dram-12-0,16384,13376,13643,267,False,,,
6,36,clustered_local,U0,second10/phase/16,dram-4-0,sram-11,16,13400,13412,12,False,,,
6,36,clustered_local,U0,second21/phase/13,sram-22,dram-16-0,16384,13405,13672,267,False,,,
6,36,clustered_local,U0,second12/phase/16,dram-12-0,sram-13,16,13429,13441,12,False,,,
6,36,clustered_local,U0,second22/phase/13,sram-23,dram-16-0,16384,13434,13701,267,False,,,
6,36,clustered_local,U0,second13/phase/16,dram-14-0,sram-14,16,13458,13470,12,False,,,
6,36,clustered_local,U0,second24/phase/13,sram-25,dram-24-0,16384,13463,13730,267,False,,,
6,36,clustered_local,U0,second14/phase/16,dram-14-0,sram-15,16,13487,13499,12,False,,,
6,36,clustered_local,U0,second25/phase/13,sram-26,dram-26-0,16384,13492,13759,267,False,,,
6,36,clustered_local,U0,second11/phase/16,dram-12-0,sram-12,16,13516,13528,12,False,,,
6,36,clustered_local,U0,second26/phase/13,sram-27,dram-26-0,16384,13521,13788,267,False,,,
6,36,clustered_local,U0,second15/phase/16,dram-16-0,sram-16,16,13545,13557,12,False,,,
6,36,clustered_local,U0,second23/phase/13,sram-24,dram-24-0,16384,13550,13817,267,False,,,
6,36,clustered_local,U0,second16/phase/16,dram-16-0,sram-17,16,13574,13586,12,False,,,
6,36,clustered_local,U0,second27/phase/13,sram-28,dram-28-0,16384,13579,13846,267,False,,,
6,36,clustered_local,U0,second18/phase/16,dram-12-0,sram-19,16,13603,13615,12,False,,,
6,36,clustered_local,U0,second28/phase/13,sram-29,dram-28-0,16384,13608,13875,267,False,,,
6,36,clustered_local,U0,second19/phase/16,dram-14-0,sram-20,16,13632,13644,12,False,,,
6,36,clustered_local,U0,second30/phase/13,sram-31,dram-24-0,16384,13637,13904,267,False,,,
6,36,clustered_local,U0,second20/phase/16,dram-14-0,sram-21,16,13661,13673,12,False,,,
6,36,clustered_local,U0,second31/phase/13,sram-32,dram-26-0,16384,13666,13933,267,False,,,
6,36,clustered_local,U0,second17/phase/16,dram-12-0,sram-18,16,13690,13702,12,False,,,
6,36,clustered_local,U0,second32/phase/13,sram-33,dram-26-0,16384,13695,13962,267,False,,,
6,36,clustered_local,U0,second21/phase/16,dram-16-0,sram-22,16,13719,13731,12,False,,,
6,36,clustered_local,U0,second33/phase/13,sram-34,dram-28-0,16384,13724,13991,267,False,,,
6,36,clustered_local,U0,second22/phase/16,dram-16-0,sram-23,16,13748,13760,12,False,,,
6,36,clustered_local,U0,second29/phase/13,sram-30,dram-24-0,16384,13753,14020,267,False,,,
6,36,clustered_local,U0,second24/phase/16,dram-24-0,sram-25,16,13777,13789,12,False,,,
6,36,clustered_local,U0,second34/phase/13,sram-35,dram-28-0,16384,13782,14049,267,False,,,
6,36,clustered_local,U0,second25/phase/16,dram-26-0,sram-26,16,13806,13818,12,False,,,
6,36,clustered_local,U0,second26/phase/16,dram-26-0,sram-27,16,13835,13847,12,False,,,
6,36,clustered_local,U0,second23/phase/16,dram-24-0,sram-24,16,13864,13876,12,False,,,
6,36,clustered_local,U0,second27/phase/16,dram-28-0,sram-28,16,13893,13905,12,False,,,
6,36,clustered_local,U0,second28/phase/16,dram-28-0,sram-29,16,13922,13934,12,False,,,
6,36,clustered_local,U0,second30/phase/16,dram-24-0,sram-31,16,13951,13963,12,False,,,
6,36,clustered_local,U0,second35/phase/13,sram-0,dram-0-0,16384,13971,14238,267,False,,,
6,36,clustered_local,U0,second31/phase/16,dram-26-0,sram-32,16,13980,13992,12,False,,,
6,36,clustered_local,U0,second32/phase/16,dram-26-0,sram-33,16,14009,14021,12,False,,,
6,36,clustered_local,U0,second33/phase/16,dram-28-0,sram-34,16,14038,14050,12,False,,,
6,36,clustered_local,U0,second29/phase/16,dram-24-0,sram-30,16,14067,14079,12,False,,,
6,36,clustered_local,U0,second34/phase/16,dram-28-0,sram-35,16,14096,14108,12,False,,,
6,36,clustered_local,U0,second35/phase/16,dram-0-0,sram-0,16,14285,14297,12,False,,,
6,36,clustered_local,U0,second0/phase/13,sram-1,dram-0-0,16384,14482,14749,267,True,,,
6,36,clustered_local,U0,second0/phase/16,dram-0-0,sram-1,16,14796,14808,12,True,,,
6,36,clustered_local,U1,first0/phase/0,sram-0,host-memory,16,0,32,32,False,,,
6,36,clustered_local,U1,first1/phase/0,sram-1,dram-0-0,16,0,12,12,True,,,
6,36,clustered_local,U1,first2/phase/0,sram-2,dram-2-0,16,0,12,12,False,,,
6,36,clustered_local,U1,first3/phase/0,sram-3,dram-2-0,16,0,12,12,False,,,
6,36,clustered_local,U1,first4/phase/0,sram-4,dram-4-0,16,0,12,12,False,,,
6,36,clustered_local,U1,first5/phase/0,sram-5,dram-4-0,16,0,12,12,False,,,
6,36,clustered_local,U1,first6/phase/0,sram-6,dram-0-0,16,0,12,12,False,,,
6,36,clustered_local,U1,first7/phase/0,sram-7,dram-0-0,16,0,12,12,False,,,
6,36,clustered_local,U1,first8/phase/0,sram-8,dram-2-0,16,0,12,12,False,,,
6,36,clustered_local,U1,first9/phase/0,sram-9,dram-2-0,16,0,12,12,False,,,
6,36,clustered_local,U1,first10/phase/0,sram-10,dram-4-0,16,0,12,12,False,,,
6,36,clustered_local,U1,first11/phase/0,sram-11,dram-4-0,16,0,12,12,False,,,
6,36,clustered_local,U1,first12/phase/0,sram-12,dram-12-0,16,0,12,12,False,,,
6,36,clustered_local,U1,first13/phase/0,sram-13,dram-12-0,16,0,12,12,False,,,
6,36,clustered_local,U1,first14/phase/0,sram-14,dram-14-0,16,0,12,12,False,,,
6,36,clustered_local,U1,first15/phase/0,sram-15,dram-14-0,16,0,12,12,False,,,
6,36,clustered_local,U1,first16/phase/0,sram-16,dram-16-0,16,0,12,12,False,,,
6,36,clustered_local,U1,first17/phase/0,sram-17,dram-16-0,16,0,12,12,False,,,
6,36,clustered_local,U1,first18/phase/0,sram-18,dram-12-0,16,0,12,12,False,,,
6,36,clustered_local,U1,first19/phase/0,sram-19,dram-12-0,16,0,12,12,False,,,
6,36,clustered_local,U1,first20/phase/0,sram-20,dram-14-0,16,0,12,12,False,,,
6,36,clustered_local,U1,first21/phase/0,sram-21,dram-14-0,16,0,12,12,False,,,
6,36,clustered_local,U1,first22/phase/0,sram-22,dram-16-0,16,0,12,12,False,,,
6,36,clustered_local,U1,first23/phase/0,sram-23,dram-16-0,16,0,12,12,False,,,
6,36,clustered_local,U1,first24/phase/0,sram-24,dram-24-0,16,0,12,12,False,,,
6,36,clustered_local,U1,first25/phase/0,sram-25,dram-24-0,16,0,12,12,False,,,
6,36,clustered_local,U1,first26/phase/0,sram-26,dram-26-0,16,0,12,12,False,,,
6,36,clustered_local,U1,first27/phase/0,sram-27,dram-26-0,16,0,12,12,False,,,
6,36,clustered_local,U1,first28/phase/0,sram-28,dram-28-0,16,0,12,12,False,,,
6,36,clustered_local,U1,first29/phase/0,sram-29,dram-28-0,16,0,12,12,False,,,
6,36,clustered_local,U1,first30/phase/0,sram-30,dram-24-0,16,0,12,12,False,,,
6,36,clustered_local,U1,first31/phase/0,sram-31,dram-24-0,16,0,12,12,False,,,
6,36,clustered_local,U1,first32/phase/0,sram-32,dram-26-0,16,0,12,12,False,,,
6,36,clustered_local,U1,first33/phase/0,sram-33,dram-26-0,16,0,12,12,False,,,
6,36,clustered_local,U1,first34/phase/0,sram-34,dram-28-0,16,0,12,12,False,,,
6,36,clustered_local,U1,first35/phase/0,sram-35,dram-28-0,16,0,12,12,False,,,
6,36,clustered_local,U1,first0/phase/4,host-memory,sram-0,16384,888,1430,542,False,,,
6,36,clustered_local,U1,first0/phase/6,sram-0,dram-0-0,16,1686,1698,12,False,,,
6,36,clustered_local,U1,first1/phase/4,dram-0-0,sram-1,65536,3118,4153,1035,False,,,
6,36,clustered_local,U1,first2/phase/4,dram-2-0,sram-2,65536,3118,4153,1035,False,,,
6,36,clustered_local,U1,first4/phase/4,dram-4-0,sram-4,65536,3118,4153,1035,False,,,
6,36,clustered_local,U1,first12/phase/4,dram-12-0,sram-12,65536,3118,4153,1035,False,,,
6,36,clustered_local,U1,first14/phase/4,dram-14-0,sram-14,65536,3118,4153,1035,False,,,
6,36,clustered_local,U1,first16/phase/4,dram-16-0,sram-16,65536,3118,4153,1035,False,,,
6,36,clustered_local,U1,first24/phase/4,dram-24-0,sram-24,65536,3118,4153,1035,False,,,
6,36,clustered_local,U1,first26/phase/4,dram-26-0,sram-26,65536,3118,4153,1035,False,,,
6,36,clustered_local,U1,first28/phase/4,dram-28-0,sram-28,65536,3118,4153,1035,False,,,
6,36,clustered_local,U1,first3/phase/4,dram-2-0,sram-3,65536,5166,6201,1035,False,,,
6,36,clustered_local,U1,first5/phase/4,dram-4-0,sram-5,65536,5166,6201,1035,False,,,
6,36,clustered_local,U1,first6/phase/4,dram-0-0,sram-6,65536,5166,6201,1035,False,,,
6,36,clustered_local,U1,first13/phase/4,dram-12-0,sram-13,65536,5166,6201,1035,False,,,
6,36,clustered_local,U1,first15/phase/4,dram-14-0,sram-15,65536,5166,6201,1035,False,,,
6,36,clustered_local,U1,first17/phase/4,dram-16-0,sram-17,65536,5166,6201,1035,False,,,
6,36,clustered_local,U1,first25/phase/4,dram-24-0,sram-25,65536,5166,6201,1035,False,,,
6,36,clustered_local,U1,first27/phase/4,dram-26-0,sram-27,65536,5166,6201,1035,False,,,
6,36,clustered_local,U1,first29/phase/4,dram-28-0,sram-29,65536,5166,6201,1035,False,,,
6,36,clustered_local,U1,first7/phase/4,dram-0-0,sram-7,65536,7214,8249,1035,False,,,
6,36,clustered_local,U1,first8/phase/4,dram-2-0,sram-8,65536,7214,8249,1035,False,,,
6,36,clustered_local,U1,first10/phase/4,dram-4-0,sram-10,65536,7214,8249,1035,False,,,
6,36,clustered_local,U1,first18/phase/4,dram-12-0,sram-18,65536,7214,8249,1035,False,,,
6,36,clustered_local,U1,first20/phase/4,dram-14-0,sram-20,65536,7214,8249,1035,False,,,
6,36,clustered_local,U1,first22/phase/4,dram-16-0,sram-22,65536,7214,8249,1035,False,,,
6,36,clustered_local,U1,first30/phase/4,dram-24-0,sram-30,65536,7214,8249,1035,False,,,
6,36,clustered_local,U1,first32/phase/4,dram-26-0,sram-32,65536,7214,8249,1035,False,,,
6,36,clustered_local,U1,first34/phase/4,dram-28-0,sram-34,65536,7214,8249,1035,False,,,
6,36,clustered_local,U1,second1/phase/1,sram-1,sram-2,16384,9017,9557,540,False,,,
6,36,clustered_local,U1,second2/phase/1,sram-2,sram-3,16384,9017,9556,539,False,,,
6,36,clustered_local,U1,second4/phase/1,sram-4,sram-5,16384,9017,9556,539,False,,,
6,36,clustered_local,U1,second12/phase/1,sram-12,sram-13,16384,9017,9556,539,False,,,
6,36,clustered_local,U1,second14/phase/1,sram-14,sram-15,16384,9017,9556,539,False,,,
6,36,clustered_local,U1,second16/phase/1,sram-16,sram-17,16384,9017,9556,539,False,,,
6,36,clustered_local,U1,second24/phase/1,sram-24,sram-25,16384,9017,9556,539,False,,,
6,36,clustered_local,U1,second26/phase/1,sram-26,sram-27,16384,9017,9556,539,False,,,
6,36,clustered_local,U1,second28/phase/1,sram-28,sram-29,16384,9017,9556,539,False,,,
6,36,clustered_local,U1,first9/phase/4,dram-2-0,sram-9,65536,9262,10297,1035,False,,,
6,36,clustered_local,U1,first11/phase/4,dram-4-0,sram-11,65536,9262,10297,1035,False,,,
6,36,clustered_local,U1,first19/phase/4,dram-12-0,sram-19,65536,9262,10297,1035,False,,,
6,36,clustered_local,U1,first21/phase/4,dram-14-0,sram-21,65536,9262,10297,1035,False,,,
6,36,clustered_local,U1,first23/phase/4,dram-16-0,sram-23,65536,9262,10297,1035,False,,,
6,36,clustered_local,U1,first31/phase/4,dram-24-0,sram-31,65536,9262,10297,1035,False,,,
6,36,clustered_local,U1,first33/phase/4,dram-26-0,sram-33,65536,9262,10297,1035,False,,,
6,36,clustered_local,U1,first35/phase/4,dram-28-0,sram-35,65536,9262,10297,1035,False,,,
6,36,clustered_local,U1,first0/phase/10,dram-0-0,sram-0,65536,9262,10297,1035,True,,,
6,36,clustered_local,U1,second2/phase/3,sram-3,dram-2-1,16,9812,9824,12,False,,,
6,36,clustered_local,U1,second4/phase/3,sram-5,dram-4-1,16,9812,9824,12,False,,,
6,36,clustered_local,U1,second12/phase/3,sram-13,dram-12-1,16,9812,9824,12,False,,,
6,36,clustered_local,U1,second14/phase/3,sram-15,dram-14-1,16,9812,9824,12,False,,,
6,36,clustered_local,U1,second16/phase/3,sram-17,dram-16-1,16,9812,9824,12,False,,,
6,36,clustered_local,U1,second24/phase/3,sram-25,dram-24-1,16,9812,9824,12,False,,,
6,36,clustered_local,U1,second26/phase/3,sram-27,dram-26-1,16,9812,9824,12,False,,,
6,36,clustered_local,U1,second28/phase/3,sram-29,dram-28-1,16,9812,9824,12,False,,,
6,36,clustered_local,U1,second1/phase/3,sram-2,dram-2-1,16,9813,9825,12,False,,,
6,36,clustered_local,U1,second3/phase/1,sram-3,sram-4,16384,11065,11604,539,False,,,
6,36,clustered_local,U1,second5/phase/1,sram-5,sram-6,16384,11065,11709,644,False,,,
6,36,clustered_local,U1,second6/phase/1,sram-6,sram-7,16384,11065,11604,539,False,,,
6,36,clustered_local,U1,second13/phase/1,sram-13,sram-14,16384,11065,11604,539,False,,,
6,36,clustered_local,U1,second15/phase/1,sram-15,sram-16,16384,11065,11604,539,False,,,
6,36,clustered_local,U1,second17/phase/1,sram-17,sram-18,16384,11065,11709,644,False,,,
6,36,clustered_local,U1,second25/phase/1,sram-25,sram-26,16384,11065,11604,539,False,,,
6,36,clustered_local,U1,second27/phase/1,sram-27,sram-28,16384,11065,11604,539,False,,,
6,36,clustered_local,U1,second29/phase/1,sram-29,sram-30,16384,11065,11709,644,False,,,
6,36,clustered_local,U1,second3/phase/3,sram-4,dram-4-1,16,11860,11872,12,False,,,
6,36,clustered_local,U1,second6/phase/3,sram-7,dram-0-1,16,11860,11872,12,False,,,
6,36,clustered_local,U1,second13/phase/3,sram-14,dram-14-1,16,11860,11872,12,False,,,
6,36,clustered_local,U1,second15/phase/3,sram-16,dram-16-1,16,11860,11872,12,False,,,
6,36,clustered_local,U1,second25/phase/3,sram-26,dram-26-1,16,11860,11872,12,False,,,
6,36,clustered_local,U1,second27/phase/3,sram-28,dram-28-1,16,11860,11872,12,False,,,
6,36,clustered_local,U1,second5/phase/3,sram-6,dram-0-1,16,11965,11977,12,False,,,
6,36,clustered_local,U1,second17/phase/3,sram-18,dram-12-1,16,11965,11977,12,False,,,
6,36,clustered_local,U1,second29/phase/3,sram-30,dram-24-1,16,11965,11977,12,False,,,
6,36,clustered_local,U1,second2/phase/7,dram-2-1,sram-3,65536,12930,13965,1035,False,,,
6,36,clustered_local,U1,second4/phase/7,dram-4-1,sram-5,65536,12930,13965,1035,False,,,
6,36,clustered_local,U1,second12/phase/7,dram-12-1,sram-13,65536,12930,13965,1035,False,,,
6,36,clustered_local,U1,second14/phase/7,dram-14-1,sram-15,65536,12930,13965,1035,False,,,
6,36,clustered_local,U1,second16/phase/7,dram-16-1,sram-17,65536,12930,13965,1035,False,,,
6,36,clustered_local,U1,second24/phase/7,dram-24-1,sram-25,65536,12930,13965,1035,False,,,
6,36,clustered_local,U1,second26/phase/7,dram-26-1,sram-27,65536,12930,13965,1035,False,,,
6,36,clustered_local,U1,second28/phase/7,dram-28-1,sram-29,65536,12930,13965,1035,False,,,
6,36,clustered_local,U1,second7/phase/1,sram-7,sram-8,16384,13113,13653,540,False,,,
6,36,clustered_local,U1,second8/phase/1,sram-8,sram-9,16384,13113,13652,539,False,,,
6,36,clustered_local,U1,second10/phase/1,sram-10,sram-11,16384,13113,13652,539,False,,,
6,36,clustered_local,U1,second18/phase/1,sram-18,sram-19,16384,13113,13652,539,False,,,
6,36,clustered_local,U1,second20/phase/1,sram-20,sram-21,16384,13113,13652,539,False,,,
6,36,clustered_local,U1,second22/phase/1,sram-22,sram-23,16384,13113,13652,539,False,,,
6,36,clustered_local,U1,second30/phase/1,sram-30,sram-31,16384,13113,13652,539,False,,,
6,36,clustered_local,U1,second32/phase/1,sram-32,sram-33,16384,13113,13652,539,False,,,
6,36,clustered_local,U1,second34/phase/1,sram-34,sram-35,16384,13113,13652,539,False,,,
6,36,clustered_local,U1,second8/phase/3,sram-9,dram-2-1,16,13908,13920,12,False,,,
6,36,clustered_local,U1,second10/phase/3,sram-11,dram-4-1,16,13908,13920,12,False,,,
6,36,clustered_local,U1,second18/phase/3,sram-19,dram-12-1,16,13908,13920,12,False,,,
6,36,clustered_local,U1,second20/phase/3,sram-21,dram-14-1,16,13908,13920,12,False,,,
6,36,clustered_local,U1,second22/phase/3,sram-23,dram-16-1,16,13908,13920,12,False,,,
6,36,clustered_local,U1,second30/phase/3,sram-31,dram-24-1,16,13908,13920,12,False,,,
6,36,clustered_local,U1,second32/phase/3,sram-33,dram-26-1,16,13908,13920,12,False,,,
6,36,clustered_local,U1,second34/phase/3,sram-35,dram-28-1,16,13908,13920,12,False,,,
6,36,clustered_local,U1,second7/phase/3,sram-8,dram-2-1,16,13909,13921,12,False,,,
6,36,clustered_local,U1,second1/phase/7,dram-2-1,sram-2,65536,14978,16013,1035,False,,,
6,36,clustered_local,U1,second3/phase/7,dram-4-1,sram-4,65536,14978,16013,1035,False,,,
6,36,clustered_local,U1,second6/phase/7,dram-0-1,sram-7,65536,14978,16013,1035,False,,,
6,36,clustered_local,U1,second13/phase/7,dram-14-1,sram-14,65536,14978,16013,1035,False,,,
6,36,clustered_local,U1,second15/phase/7,dram-16-1,sram-16,65536,14978,16013,1035,False,,,
6,36,clustered_local,U1,second25/phase/7,dram-26-1,sram-26,65536,14978,16013,1035,False,,,
6,36,clustered_local,U1,second27/phase/7,dram-28-1,sram-28,65536,14978,16013,1035,False,,,
6,36,clustered_local,U1,second17/phase/7,dram-12-1,sram-18,65536,15083,16118,1035,False,,,
6,36,clustered_local,U1,second29/phase/7,dram-24-1,sram-30,65536,15083,16118,1035,False,,,
6,36,clustered_local,U1,second9/phase/1,sram-9,sram-10,16384,15161,15700,539,False,,,
6,36,clustered_local,U1,second11/phase/1,sram-11,sram-12,16384,15161,15805,644,False,,,
6,36,clustered_local,U1,second19/phase/1,sram-19,sram-20,16384,15161,15700,539,False,,,
6,36,clustered_local,U1,second21/phase/1,sram-21,sram-22,16384,15161,15700,539,False,,,
6,36,clustered_local,U1,second23/phase/1,sram-23,sram-24,16384,15161,15805,644,False,,,
6,36,clustered_local,U1,second31/phase/1,sram-31,sram-32,16384,15161,15700,539,False,,,
6,36,clustered_local,U1,second33/phase/1,sram-33,sram-34,16384,15161,15700,539,False,,,
6,36,clustered_local,U1,second35/phase/1,sram-35,sram-0,16384,15161,15889,728,False,,,
6,36,clustered_local,U1,second0/phase/1,sram-0,sram-1,16384,15161,15700,539,True,,,
6,36,clustered_local,U1,second0/phase/3,sram-1,dram-0-1,16,15956,15968,12,True,,,
6,36,clustered_local,U1,second9/phase/3,sram-10,dram-4-1,16,15956,15968,12,False,,,
6,36,clustered_local,U1,second19/phase/3,sram-20,dram-14-1,16,15956,15968,12,False,,,
6,36,clustered_local,U1,second21/phase/3,sram-22,dram-16-1,16,15956,15968,12,False,,,
6,36,clustered_local,U1,second31/phase/3,sram-32,dram-26-1,16,15956,15968,12,False,,,
6,36,clustered_local,U1,second33/phase/3,sram-34,dram-28-1,16,15956,15968,12,False,,,
6,36,clustered_local,U1,second11/phase/3,sram-12,dram-12-1,16,16061,16073,12,False,,,
6,36,clustered_local,U1,second23/phase/3,sram-24,dram-24-1,16,16061,16073,12,False,,,
6,36,clustered_local,U1,second35/phase/3,sram-0,dram-0-1,16,16145,16157,12,False,,,
6,36,clustered_local,U1,second5/phase/7,dram-0-1,sram-6,65536,17026,18061,1035,False,,,
6,36,clustered_local,U1,second8/phase/7,dram-2-1,sram-9,65536,17026,18061,1035,False,,,
6,36,clustered_local,U1,second10/phase/7,dram-4-1,sram-11,65536,17026,18061,1035,False,,,
6,36,clustered_local,U1,second20/phase/7,dram-14-1,sram-21,65536,17026,18061,1035,False,,,
6,36,clustered_local,U1,second22/phase/7,dram-16-1,sram-23,65536,17026,18061,1035,False,,,
6,36,clustered_local,U1,second32/phase/7,dram-26-1,sram-33,65536,17026,18061,1035,False,,,
6,36,clustered_local,U1,second34/phase/7,dram-28-1,sram-35,65536,17026,18061,1035,False,,,
6,36,clustered_local,U1,second18/phase/7,dram-12-1,sram-19,65536,17131,18166,1035,False,,,
6,36,clustered_local,U1,second30/phase/7,dram-24-1,sram-31,65536,17131,18166,1035,False,,,
6,36,clustered_local,U1,second2/phase/13,sram-3,dram-2-0,16384,18829,19096,267,False,,,
6,36,clustered_local,U1,second4/phase/13,sram-5,dram-4-0,16384,18829,19096,267,False,,,
6,36,clustered_local,U1,second12/phase/13,sram-13,dram-12-0,16384,18829,19096,267,False,,,
6,36,clustered_local,U1,second14/phase/13,sram-15,dram-14-0,16384,18829,19096,267,False,,,
6,36,clustered_local,U1,second16/phase/13,sram-17,dram-16-0,16384,18829,19096,267,False,,,
6,36,clustered_local,U1,second24/phase/13,sram-25,dram-24-0,16384,18829,19096,267,False,,,
6,36,clustered_local,U1,second26/phase/13,sram-27,dram-26-0,16384,18829,19096,267,False,,,
6,36,clustered_local,U1,second28/phase/13,sram-29,dram-28-0,16384,18829,19096,267,False,,,
6,36,clustered_local,U1,second7/phase/7,dram-2-1,sram-8,65536,19074,20109,1035,False,,,
6,36,clustered_local,U1,second0/phase/7,dram-0-1,sram-1,65536,19074,20109,1035,False,,,
6,36,clustered_local,U1,second9/phase/7,dram-4-1,sram-10,65536,19074,20109,1035,False,,,
6,36,clustered_local,U1,second19/phase/7,dram-14-1,sram-20,65536,19074,20109,1035,False,,,
6,36,clustered_local,U1,second21/phase/7,dram-16-1,sram-22,65536,19074,20109,1035,False,,,
6,36,clustered_local,U1,second31/phase/7,dram-26-1,sram-32,65536,19074,20109,1035,False,,,
6,36,clustered_local,U1,second33/phase/7,dram-28-1,sram-34,65536,19074,20109,1035,False,,,
6,36,clustered_local,U1,second11/phase/7,dram-12-1,sram-12,65536,19179,20214,1035,False,,,
6,36,clustered_local,U1,second23/phase/7,dram-24-1,sram-24,65536,19179,20214,1035,False,,,
6,36,clustered_local,U1,second2/phase/16,dram-2-0,sram-3,16,19898,19910,12,False,,,
6,36,clustered_local,U1,second4/phase/16,dram-4-0,sram-5,16,19898,19910,12,False,,,
6,36,clustered_local,U1,second14/phase/16,dram-14-0,sram-15,16,19898,19910,12,False,,,
6,36,clustered_local,U1,second16/phase/16,dram-16-0,sram-17,16,19898,19910,12,False,,,
6,36,clustered_local,U1,second26/phase/16,dram-26-0,sram-27,16,19898,19910,12,False,,,
6,36,clustered_local,U1,second28/phase/16,dram-28-0,sram-29,16,19898,19910,12,False,,,
6,36,clustered_local,U1,second12/phase/16,dram-12-0,sram-13,16,19977,19989,12,False,,,
6,36,clustered_local,U1,second24/phase/16,dram-24-0,sram-25,16,19977,19989,12,False,,,
6,36,clustered_local,U1,second1/phase/13,sram-2,dram-2-0,16384,20877,21144,267,False,,,
6,36,clustered_local,U1,second3/phase/13,sram-4,dram-4-0,16384,20877,21144,267,False,,,
6,36,clustered_local,U1,second6/phase/13,sram-7,dram-0-0,16384,20877,21144,267,False,,,
6,36,clustered_local,U1,second13/phase/13,sram-14,dram-14-0,16384,20877,21144,267,False,,,
6,36,clustered_local,U1,second15/phase/13,sram-16,dram-16-0,16384,20877,21144,267,False,,,
6,36,clustered_local,U1,second25/phase/13,sram-26,dram-26-0,16384,20877,21144,267,False,,,
6,36,clustered_local,U1,second27/phase/13,sram-28,dram-28-0,16384,20877,21144,267,False,,,
6,36,clustered_local,U1,second17/phase/13,sram-18,dram-12-0,16384,20982,21249,267,False,,,
6,36,clustered_local,U1,second29/phase/13,sram-30,dram-24-0,16384,20982,21249,267,False,,,
6,36,clustered_local,U1,second35/phase/7,dram-0-1,sram-0,65536,21122,22157,1035,True,,,
6,36,clustered_local,U1,second1/phase/16,dram-2-0,sram-2,16,21946,21958,12,False,,,
6,36,clustered_local,U1,second3/phase/16,dram-4-0,sram-4,16,21946,21958,12,False,,,
6,36,clustered_local,U1,second6/phase/16,dram-0-0,sram-7,16,21946,21958,12,False,,,
6,36,clustered_local,U1,second13/phase/16,dram-14-0,sram-14,16,21946,21958,12,False,,,
6,36,clustered_local,U1,second15/phase/16,dram-16-0,sram-16,16,21946,21958,12,False,,,
6,36,clustered_local,U1,second25/phase/16,dram-26-0,sram-26,16,21946,21958,12,False,,,
6,36,clustered_local,U1,second27/phase/16,dram-28-0,sram-28,16,21946,21958,12,False,,,
6,36,clustered_local,U1,second17/phase/16,dram-12-0,sram-18,16,22051,22063,12,False,,,
6,36,clustered_local,U1,second29/phase/16,dram-24-0,sram-30,16,22051,22063,12,False,,,
6,36,clustered_local,U1,second5/phase/13,sram-6,dram-0-0,16384,22925,23192,267,False,,,
6,36,clustered_local,U1,second8/phase/13,sram-9,dram-2-0,16384,22925,23192,267,False,,,
6,36,clustered_local,U1,second10/phase/13,sram-11,dram-4-0,16384,22925,23192,267,False,,,
6,36,clustered_local,U1,second20/phase/13,sram-21,dram-14-0,16384,22925,23192,267,False,,,
6,36,clustered_local,U1,second22/phase/13,sram-23,dram-16-0,16384,22925,23192,267,False,,,
6,36,clustered_local,U1,second32/phase/13,sram-33,dram-26-0,16384,22925,23192,267,False,,,
6,36,clustered_local,U1,second34/phase/13,sram-35,dram-28-0,16384,22925,23192,267,False,,,
6,36,clustered_local,U1,second18/phase/13,sram-19,dram-12-0,16384,23030,23297,267,False,,,
6,36,clustered_local,U1,second30/phase/13,sram-31,dram-24-0,16384,23030,23297,267,False,,,
6,36,clustered_local,U1,second5/phase/16,dram-0-0,sram-6,16,23994,24006,12,False,,,
6,36,clustered_local,U1,second8/phase/16,dram-2-0,sram-9,16,23994,24006,12,False,,,
6,36,clustered_local,U1,second10/phase/16,dram-4-0,sram-11,16,23994,24006,12,False,,,
6,36,clustered_local,U1,second20/phase/16,dram-14-0,sram-21,16,23994,24006,12,False,,,
6,36,clustered_local,U1,second22/phase/16,dram-16-0,sram-23,16,23994,24006,12,False,,,
6,36,clustered_local,U1,second32/phase/16,dram-26-0,sram-33,16,23994,24006,12,False,,,
6,36,clustered_local,U1,second34/phase/16,dram-28-0,sram-35,16,23994,24006,12,False,,,
6,36,clustered_local,U1,second18/phase/16,dram-12-0,sram-19,16,24099,24111,12,False,,,
6,36,clustered_local,U1,second30/phase/16,dram-24-0,sram-31,16,24099,24111,12,False,,,
6,36,clustered_local,U1,second7/phase/13,sram-8,dram-2-0,16384,24973,25240,267,False,,,
6,36,clustered_local,U1,second0/phase/13,sram-1,dram-0-0,16384,24973,25240,267,False,,,
6,36,clustered_local,U1,second9/phase/13,sram-10,dram-4-0,16384,24973,25240,267,False,,,
6,36,clustered_local,U1,second19/phase/13,sram-20,dram-14-0,16384,24973,25240,267,False,,,
6,36,clustered_local,U1,second21/phase/13,sram-22,dram-16-0,16384,24973,25240,267,False,,,
6,36,clustered_local,U1,second31/phase/13,sram-32,dram-26-0,16384,24973,25240,267,False,,,
6,36,clustered_local,U1,second33/phase/13,sram-34,dram-28-0,16384,24973,25240,267,False,,,
6,36,clustered_local,U1,second11/phase/13,sram-12,dram-12-0,16384,25078,25345,267,False,,,
6,36,clustered_local,U1,second23/phase/13,sram-24,dram-24-0,16384,25078,25345,267,False,,,
6,36,clustered_local,U1,second7/phase/16,dram-2-0,sram-8,16,26042,26054,12,False,,,
6,36,clustered_local,U1,second0/phase/16,dram-0-0,sram-1,16,26042,26054,12,False,,,
6,36,clustered_local,U1,second9/phase/16,dram-4-0,sram-10,16,26042,26054,12,False,,,
6,36,clustered_local,U1,second19/phase/16,dram-14-0,sram-20,16,26042,26054,12,False,,,
6,36,clustered_local,U1,second21/phase/16,dram-16-0,sram-22,16,26042,26054,12,False,,,
6,36,clustered_local,U1,second31/phase/16,dram-26-0,sram-32,16,26042,26054,12,False,,,
6,36,clustered_local,U1,second33/phase/16,dram-28-0,sram-34,16,26042,26054,12,False,,,
6,36,clustered_local,U1,second11/phase/16,dram-12-0,sram-12,16,26147,26159,12,False,,,
6,36,clustered_local,U1,second23/phase/16,dram-24-0,sram-24,16,26147,26159,12,False,,,
6,36,clustered_local,U1,second35/phase/13,sram-0,dram-0-0,16384,27021,27288,267,True,,,
6,36,clustered_local,U1,second35/phase/16,dram-0-0,sram-0,16,28090,28102,12,True,,,
6,36,clustered_local,S,first0/phase/0,sram-0,host-memory,16,0,32,32,False,0,0,1.0
6,36,clustered_local,S,first1/phase/0,sram-1,dram-0-0,16,0,34,34,True,0,0,2.0
6,36,clustered_local,S,first2/phase/0,sram-2,dram-2-0,16,0,13,13,False,0,0,1.0
6,36,clustered_local,S,first3/phase/0,sram-3,dram-2-0,16,0,34,34,False,0,0,2.0
6,36,clustered_local,S,first4/phase/0,sram-4,dram-4-0,16,0,13,13,False,0,0,1.0
6,36,clustered_local,S,first5/phase/0,sram-5,dram-4-0,16,0,34,34,False,0,0,2.0
6,36,clustered_local,S,first6/phase/0,sram-6,dram-0-0,16,0,36,36,False,0,0,2.0
6,36,clustered_local,S,first7/phase/0,sram-7,dram-0-0,16,0,55,55,False,0,0,3.0
6,36,clustered_local,S,first8/phase/0,sram-8,dram-2-0,16,0,36,36,False,0,0,2.0
6,36,clustered_local,S,first9/phase/0,sram-9,dram-2-0,16,0,55,55,False,0,0,3.0
6,36,clustered_local,S,first10/phase/0,sram-10,dram-4-0,16,0,36,36,False,0,0,2.0
6,36,clustered_local,S,first11/phase/0,sram-11,dram-4-0,16,0,55,55,False,0,0,3.0
6,36,clustered_local,S,first12/phase/0,sram-12,dram-12-0,16,0,13,13,False,0,0,1.0
6,36,clustered_local,S,first13/phase/0,sram-13,dram-12-0,16,0,34,34,False,0,0,2.0
6,36,clustered_local,S,first14/phase/0,sram-14,dram-14-0,16,0,13,13,False,0,0,1.0
6,36,clustered_local,S,first15/phase/0,sram-15,dram-14-0,16,0,34,34,False,0,0,2.0
6,36,clustered_local,S,first16/phase/0,sram-16,dram-16-0,16,0,13,13,False,0,0,1.0
6,36,clustered_local,S,first17/phase/0,sram-17,dram-16-0,16,0,34,34,False,0,0,2.0
6,36,clustered_local,S,first18/phase/0,sram-18,dram-12-0,16,0,36,36,False,0,0,2.0
6,36,clustered_local,S,first19/phase/0,sram-19,dram-12-0,16,0,55,55,False,0,0,3.0
6,36,clustered_local,S,first20/phase/0,sram-20,dram-14-0,16,0,36,36,False,0,0,2.0
6,36,clustered_local,S,first21/phase/0,sram-21,dram-14-0,16,0,55,55,False,0,0,3.0
6,36,clustered_local,S,first22/phase/0,sram-22,dram-16-0,16,0,36,36,False,0,0,2.0
6,36,clustered_local,S,first23/phase/0,sram-23,dram-16-0,16,0,55,55,False,0,0,3.0
6,36,clustered_local,S,first24/phase/0,sram-24,dram-24-0,16,0,13,13,False,0,0,1.0
6,36,clustered_local,S,first25/phase/0,sram-25,dram-24-0,16,0,34,34,False,0,0,2.0
6,36,clustered_local,S,first26/phase/0,sram-26,dram-26-0,16,0,13,13,False,0,0,1.0
6,36,clustered_local,S,first27/phase/0,sram-27,dram-26-0,16,0,34,34,False,0,0,2.0
6,36,clustered_local,S,first28/phase/0,sram-28,dram-28-0,16,0,13,13,False,0,0,1.0
6,36,clustered_local,S,first29/phase/0,sram-29,dram-28-0,16,0,34,34,False,0,0,2.0
6,36,clustered_local,S,first30/phase/0,sram-30,dram-24-0,16,0,36,36,False,0,0,2.0
6,36,clustered_local,S,first31/phase/0,sram-31,dram-24-0,16,0,55,55,False,0,0,3.0
6,36,clustered_local,S,first32/phase/0,sram-32,dram-26-0,16,0,36,36,False,0,0,2.0
6,36,clustered_local,S,first33/phase/0,sram-33,dram-26-0,16,0,55,55,False,0,0,3.0
6,36,clustered_local,S,first34/phase/0,sram-34,dram-28-0,16,0,36,36,False,0,0,2.0
6,36,clustered_local,S,first35/phase/0,sram-35,dram-28-0,16,0,55,55,False,0,0,3.0
6,36,clustered_local,S,first0/phase/4,host-memory,sram-0,16384,888,1430,542,False,0,451,1.0
6,36,clustered_local,S,first0/phase/6,sram-0,dram-0-0,16,1686,1699,13,False,0,0,1.0
6,36,clustered_local,S,first2/phase/4,dram-2-0,sram-2,65536,3119,5178,2059,False,0,1987,1.0
6,36,clustered_local,S,first4/phase/4,dram-4-0,sram-4,65536,3119,5178,2059,False,0,1987,1.0
6,36,clustered_local,S,first12/phase/4,dram-12-0,sram-12,65536,3119,5178,2059,False,0,1987,1.0
6,36,clustered_local,S,first14/phase/4,dram-14-0,sram-14,65536,3119,5178,2059,False,0,1987,1.0
6,36,clustered_local,S,first16/phase/4,dram-16-0,sram-16,65536,3119,5178,2059,False,0,1987,1.0
6,36,clustered_local,S,first24/phase/4,dram-24-0,sram-24,65536,3119,5178,2059,False,0,1987,1.0
6,36,clustered_local,S,first26/phase/4,dram-26-0,sram-26,65536,3119,5178,2059,False,0,1987,1.0
6,36,clustered_local,S,first28/phase/4,dram-28-0,sram-28,65536,3119,5178,2059,False,0,1987,1.0
6,36,clustered_local,S,first1/phase/4,dram-0-0,sram-1,65536,3140,5220,2080,False,0,1987,2.0
6,36,clustered_local,S,first3/phase/4,dram-2-0,sram-3,65536,5167,7247,2080,False,0,1987,2.0
6,36,clustered_local,S,first5/phase/4,dram-4-0,sram-5,65536,5167,7247,2080,False,0,1987,2.0
6,36,clustered_local,S,first13/phase/4,dram-12-0,sram-13,65536,5167,7247,2080,False,0,1987,2.0
6,36,clustered_local,S,first15/phase/4,dram-14-0,sram-15,65536,5167,7247,2080,False,0,1987,2.0
6,36,clustered_local,S,first17/phase/4,dram-16-0,sram-17,65536,5167,7247,2080,False,0,1987,2.0
6,36,clustered_local,S,first25/phase/4,dram-24-0,sram-25,65536,5167,7247,2080,False,0,1987,2.0
6,36,clustered_local,S,first27/phase/4,dram-26-0,sram-27,65536,5167,7247,2080,False,0,1987,2.0
6,36,clustered_local,S,first29/phase/4,dram-28-0,sram-29,65536,5167,7247,2080,False,0,1987,2.0
6,36,clustered_local,S,first6/phase/4,dram-0-0,sram-6,65536,5188,7268,2080,False,0,1987,2.0
6,36,clustered_local,S,first8/phase/4,dram-2-0,sram-8,65536,7215,9295,2080,False,0,1987,2.0
6,36,clustered_local,S,first10/phase/4,dram-4-0,sram-10,65536,7215,9295,2080,False,0,1987,2.0
6,36,clustered_local,S,first18/phase/4,dram-12-0,sram-18,65536,7215,9295,2080,False,0,1987,2.0
6,36,clustered_local,S,first20/phase/4,dram-14-0,sram-20,65536,7215,9295,2080,False,0,1987,2.0
6,36,clustered_local,S,first22/phase/4,dram-16-0,sram-22,65536,7215,9295,2080,False,0,1987,2.0
6,36,clustered_local,S,first30/phase/4,dram-24-0,sram-30,65536,7215,9295,2080,False,0,1987,2.0
6,36,clustered_local,S,first32/phase/4,dram-26-0,sram-32,65536,7215,9295,2080,False,0,1987,2.0
6,36,clustered_local,S,first34/phase/4,dram-28-0,sram-34,65536,7215,9295,2080,False,0,1987,2.0
6,36,clustered_local,S,first7/phase/4,dram-0-0,sram-7,65536,7236,9337,2101,False,0,1987,3.0
6,36,clustered_local,S,first9/phase/4,dram-2-0,sram-9,65536,9263,11534,2271,False,0,2100,3.0
6,36,clustered_local,S,first11/phase/4,dram-4-0,sram-11,65536,9263,11534,2271,False,0,2100,3.0
6,36,clustered_local,S,first19/phase/4,dram-12-0,sram-19,65536,9263,11534,2271,False,0,2100,3.0
6,36,clustered_local,S,first21/phase/4,dram-14-0,sram-21,65536,9263,11534,2271,False,0,2100,3.0
6,36,clustered_local,S,first23/phase/4,dram-16-0,sram-23,65536,9263,11534,2271,False,0,2100,3.0
6,36,clustered_local,S,first31/phase/4,dram-24-0,sram-31,65536,9263,11534,2271,False,0,2100,3.0
6,36,clustered_local,S,first33/phase/4,dram-26-0,sram-33,65536,9263,11534,2271,False,0,2100,3.0
6,36,clustered_local,S,first35/phase/4,dram-28-0,sram-35,65536,9263,11534,2271,False,0,2100,3.0
6,36,clustered_local,S,first0/phase/10,dram-0-0,sram-0,65536,9284,11343,2059,True,0,1987,1.0
6,36,clustered_local,S,second2/phase/1,sram-2,sram-3,16384,10042,10757,715,False,0,601,1.0
6,36,clustered_local,S,second4/phase/1,sram-4,sram-5,16384,10042,10757,715,False,0,601,1.0
6,36,clustered_local,S,second12/phase/1,sram-12,sram-13,16384,10042,10757,715,False,0,601,1.0
6,36,clustered_local,S,second14/phase/1,sram-14,sram-15,16384,10042,10757,715,False,0,601,1.0
6,36,clustered_local,S,second16/phase/1,sram-16,sram-17,16384,10042,10757,715,False,0,601,1.0
6,36,clustered_local,S,second24/phase/1,sram-24,sram-25,16384,10042,10757,715,False,0,601,1.0
6,36,clustered_local,S,second26/phase/1,sram-26,sram-27,16384,10042,10757,715,False,0,601,1.0
6,36,clustered_local,S,second28/phase/1,sram-28,sram-29,16384,10042,10757,715,False,0,601,1.0
6,36,clustered_local,S,second1/phase/1,sram-1,sram-2,16384,10084,10624,540,False,0,451,1.0
6,36,clustered_local,S,second1/phase/3,sram-2,dram-2-1,16,10880,10894,14,False,0,0,1.0
6,36,clustered_local,S,second2/phase/3,sram-3,dram-2-1,16,11013,11048,35,False,0,0,2.0
6,36,clustered_local,S,second4/phase/3,sram-5,dram-4-1,16,11013,11048,35,False,0,0,2.0
6,36,clustered_local,S,second12/phase/3,sram-13,dram-12-1,16,11013,11048,35,False,0,0,2.0
6,36,clustered_local,S,second14/phase/3,sram-15,dram-14-1,16,11013,11048,35,False,0,0,2.0
6,36,clustered_local,S,second16/phase/3,sram-17,dram-16-1,16,11013,11048,35,False,0,0,2.0
6,36,clustered_local,S,second24/phase/3,sram-25,dram-24-1,16,11013,11048,35,False,0,0,2.0
6,36,clustered_local,S,second26/phase/3,sram-27,dram-26-1,16,11013,11048,35,False,0,0,2.0
6,36,clustered_local,S,second28/phase/3,sram-29,dram-28-1,16,11013,11048,35,False,0,0,2.0
6,36,clustered_local,S,second3/phase/1,sram-3,sram-4,16384,12111,12650,539,False,0,451,1.0
6,36,clustered_local,S,second5/phase/1,sram-5,sram-6,16384,12111,12756,645,False,0,451,6.0
6,36,clustered_local,S,second13/phase/1,sram-13,sram-14,16384,12111,12650,539,False,0,451,1.0
6,36,clustered_local,S,second15/phase/1,sram-15,sram-16,16384,12111,12650,539,False,0,451,1.0
6,36,clustered_local,S,second17/phase/1,sram-17,sram-18,16384,12111,12755,644,False,0,451,6.0
6,36,clustered_local,S,second25/phase/1,sram-25,sram-26,16384,12111,12650,539,False,0,451,1.0
6,36,clustered_local,S,second27/phase/1,sram-27,sram-28,16384,12111,12650,539,False,0,451,1.0
6,36,clustered_local,S,second29/phase/1,sram-29,sram-30,16384,12111,12755,644,False,0,451,6.0
6,36,clustered_local,S,second6/phase/1,sram-6,sram-7,16384,12132,12671,539,False,0,451,1.0
6,36,clustered_local,S,second3/phase/3,sram-4,dram-4-1,16,12906,12919,13,False,0,0,1.0
6,36,clustered_local,S,second13/phase/3,sram-14,dram-14-1,16,12906,12919,13,False,0,0,1.0
6,36,clustered_local,S,second15/phase/3,sram-16,dram-16-1,16,12906,12919,13,False,0,0,1.0
6,36,clustered_local,S,second25/phase/3,sram-26,dram-26-1,16,12906,12919,13,False,0,0,1.0
6,36,clustered_local,S,second27/phase/3,sram-28,dram-28-1,16,12906,12919,13,False,0,0,1.0
6,36,clustered_local,S,second6/phase/3,sram-7,dram-0-1,16,12927,12982,55,False,0,0,3.0
6,36,clustered_local,S,second17/phase/3,sram-18,dram-12-1,16,13011,13045,34,False,0,0,2.0
6,36,clustered_local,S,second29/phase/3,sram-30,dram-24-1,16,13011,13045,34,False,0,0,2.0
6,36,clustered_local,S,second5/phase/3,sram-6,dram-0-1,16,13012,13046,34,False,0,0,2.0
6,36,clustered_local,S,second1/phase/7,dram-2-1,sram-2,65536,14000,16059,2059,False,0,1987,1.0
6,36,clustered_local,S,second4/phase/7,dram-4-1,sram-5,65536,14154,16234,2080,False,0,1987,2.0
6,36,clustered_local,S,second12/phase/7,dram-12-1,sram-13,65536,14154,16234,2080,False,0,1987,2.0
6,36,clustered_local,S,second14/phase/7,dram-14-1,sram-15,65536,14154,16234,2080,False,0,1987,2.0
6,36,clustered_local,S,second16/phase/7,dram-16-1,sram-17,65536,14154,16234,2080,False,0,1987,2.0
6,36,clustered_local,S,second24/phase/7,dram-24-1,sram-25,65536,14154,16234,2080,False,0,1987,2.0
6,36,clustered_local,S,second26/phase/7,dram-26-1,sram-27,65536,14154,16234,2080,False,0,1987,2.0
6,36,clustered_local,S,second28/phase/7,dram-28-1,sram-29,65536,14154,16234,2080,False,0,1987,2.0
6,36,clustered_local,S,second8/phase/1,sram-8,sram-9,16384,14159,14698,539,False,0,451,1.0
6,36,clustered_local,S,second10/phase/1,sram-10,sram-11,16384,14159,14698,539,False,0,451,1.0
6,36,clustered_local,S,second18/phase/1,sram-18,sram-19,16384,14159,14698,539,False,0,451,1.0
6,36,clustered_local,S,second20/phase/1,sram-20,sram-21,16384,14159,14698,539,False,0,451,1.0
6,36,clustered_local,S,second22/phase/1,sram-22,sram-23,16384,14159,14698,539,False,0,451,1.0
6,36,clustered_local,S,second30/phase/1,sram-30,sram-31,16384,14159,14698,539,False,0,451,1.0
6,36,clustered_local,S,second32/phase/1,sram-32,sram-33,16384,14159,14698,539,False,0,451,1.0
6,36,clustered_local,S,second34/phase/1,sram-34,sram-35,16384,14159,14698,539,False,0,451,1.0
6,36,clustered_local,S,second7/phase/1,sram-7,sram-8,16384,14201,14741,540,False,0,451,1.0
6,36,clustered_local,S,second8/phase/3,sram-9,dram-2-1,16,14954,15010,56,False,0,0,3.0
6,36,clustered_local,S,second10/phase/3,sram-11,dram-4-1,16,14954,15010,56,False,0,0,3.0
6,36,clustered_local,S,second18/phase/3,sram-19,dram-12-1,16,14954,15010,56,False,0,0,3.0
6,36,clustered_local,S,second20/phase/3,sram-21,dram-14-1,16,14954,15010,56,False,0,0,3.0
6,36,clustered_local,S,second22/phase/3,sram-23,dram-16-1,16,14954,15010,56,False,0,0,3.0
6,36,clustered_local,S,second30/phase/3,sram-31,dram-24-1,16,14954,15010,56,False,0,0,3.0
6,36,clustered_local,S,second32/phase/3,sram-33,dram-26-1,16,14954,15010,56,False,0,0,3.0
6,36,clustered_local,S,second34/phase/3,sram-35,dram-28-1,16,14954,15010,56,False,0,0,3.0
6,36,clustered_local,S,second7/phase/3,sram-8,dram-2-1,16,14997,15032,35,False,0,0,2.0
6,36,clustered_local,S,second2/phase/7,dram-2-1,sram-3,65536,16048,18128,2080,False,0,1987,2.0
6,36,clustered_local,S,second6/phase/7,dram-0-1,sram-7,65536,16088,18341,2253,False,0,2082,3.0
6,36,clustered_local,S,second3/phase/7,dram-4-1,sram-4,65536,16202,18261,2059,False,0,1987,1.0
6,36,clustered_local,S,second13/phase/7,dram-14-1,sram-14,65536,16202,18261,2059,False,0,1987,1.0
6,36,clustered_local,S,second15/phase/7,dram-16-1,sram-16,65536,16202,18261,2059,False,0,1987,1.0
6,36,clustered_local,S,second25/phase/7,dram-26-1,sram-26,65536,16202,18261,2059,False,0,1987,1.0
6,36,clustered_local,S,second27/phase/7,dram-28-1,sram-28,65536,16202,18261,2059,False,0,1987,1.0
6,36,clustered_local,S,second17/phase/7,dram-12-1,sram-18,65536,16202,18282,2080,False,0,1987,2.0
6,36,clustered_local,S,second29/phase/7,dram-24-1,sram-30,65536,16202,18282,2080,False,0,1987,2.0
6,36,clustered_local,S,second0/phase/1,sram-0,sram-1,16384,16207,16906,699,True,0,607,1.0
6,36,clustered_local,S,second9/phase/1,sram-9,sram-10,16384,16398,16937,539,False,0,451,1.0
6,36,clustered_local,S,second11/phase/1,sram-11,sram-12,16384,16398,17043,645,False,0,451,6.0
6,36,clustered_local,S,second19/phase/1,sram-19,sram-20,16384,16398,16937,539,False,0,451,1.0
6,36,clustered_local,S,second21/phase/1,sram-21,sram-22,16384,16398,16937,539,False,0,451,1.0
6,36,clustered_local,S,second23/phase/1,sram-23,sram-24,16384,16398,17043,645,False,0,451,6.0
6,36,clustered_local,S,second31/phase/1,sram-31,sram-32,16384,16398,16937,539,False,0,451,1.0
6,36,clustered_local,S,second33/phase/1,sram-33,sram-34,16384,16398,16937,539,False,0,451,1.0
6,36,clustered_local,S,second35/phase/1,sram-35,sram-0,16384,16398,17131,733,False,0,451,10.0
6,36,clustered_local,S,second0/phase/3,sram-1,dram-0-1,16,17162,17197,35,True,0,0,2.0
6,36,clustered_local,S,second9/phase/3,sram-10,dram-4-1,16,17193,17228,35,False,0,0,2.0
6,36,clustered_local,S,second19/phase/3,sram-20,dram-14-1,16,17193,17228,35,False,0,0,2.0
6,36,clustered_local,S,second21/phase/3,sram-22,dram-16-1,16,17193,17228,35,False,0,0,2.0
6,36,clustered_local,S,second31/phase/3,sram-32,dram-26-1,16,17193,17228,35,False,0,0,2.0
6,36,clustered_local,S,second33/phase/3,sram-34,dram-28-1,16,17193,17228,35,False,0,0,2.0
6,36,clustered_local,S,second11/phase/3,sram-12,dram-12-1,16,17299,17312,13,False,0,0,1.0
6,36,clustered_local,S,second23/phase/3,sram-24,dram-24-1,16,17299,17312,13,False,0,0,1.0
6,36,clustered_local,S,second35/phase/3,sram-0,dram-0-1,16,17387,17401,14,False,0,0,1.0
6,36,clustered_local,S,second8/phase/7,dram-2-1,sram-9,65536,18116,20217,2101,False,0,1987,3.0
6,36,clustered_local,S,second5/phase/7,dram-0-1,sram-6,65536,18136,20368,2232,False,36,2046,2.0
6,36,clustered_local,S,second10/phase/7,dram-4-1,sram-11,65536,18250,20351,2101,False,0,1987,3.0
6,36,clustered_local,S,second18/phase/7,dram-12-1,sram-19,65536,18250,20351,2101,False,0,1987,3.0
6,36,clustered_local,S,second20/phase/7,dram-14-1,sram-21,65536,18250,20351,2101,False,0,1987,3.0
6,36,clustered_local,S,second22/phase/7,dram-16-1,sram-23,65536,18250,20351,2101,False,0,1987,3.0
6,36,clustered_local,S,second30/phase/7,dram-24-1,sram-31,65536,18250,20351,2101,False,0,1987,3.0
6,36,clustered_local,S,second32/phase/7,dram-26-1,sram-33,65536,18250,20351,2101,False,0,1987,3.0
6,36,clustered_local,S,second34/phase/7,dram-28-1,sram-35,65536,18250,20351,2101,False,0,1987,3.0
6,36,clustered_local,S,second7/phase/7,dram-2-1,sram-8,65536,20164,22244,2080,False,0,1987,2.0
6,36,clustered_local,S,second0/phase/7,dram-0-1,sram-1,65536,20303,22416,2113,False,0,1987,2.0
6,36,clustered_local,S,second9/phase/7,dram-4-1,sram-10,65536,20334,22414,2080,False,0,1987,2.0
6,36,clustered_local,S,second19/phase/7,dram-14-1,sram-20,65536,20334,22414,2080,False,0,1987,2.0
6,36,clustered_local,S,second21/phase/7,dram-16-1,sram-22,65536,20334,22414,2080,False,0,1987,2.0
6,36,clustered_local,S,second31/phase/7,dram-26-1,sram-32,65536,20334,22414,2080,False,0,1987,2.0
6,36,clustered_local,S,second33/phase/7,dram-28-1,sram-34,65536,20334,22414,2080,False,0,1987,2.0
6,36,clustered_local,S,second11/phase/7,dram-12-1,sram-12,65536,20418,22479,2061,False,0,1987,1.0
6,36,clustered_local,S,second23/phase/7,dram-24-1,sram-24,65536,20418,22479,2061,False,0,1987,1.0
6,36,clustered_local,S,second1/phase/13,sram-2,dram-2-0,16384,20923,21446,523,False,0,451,1.0
6,36,clustered_local,S,second4/phase/13,sram-5,dram-4-0,16384,21098,21642,544,False,0,451,2.0
6,36,clustered_local,S,second12/phase/13,sram-13,dram-12-0,16384,21098,21642,544,False,0,451,2.0
6,36,clustered_local,S,second14/phase/13,sram-15,dram-14-0,16384,21098,21642,544,False,0,451,2.0
6,36,clustered_local,S,second16/phase/13,sram-17,dram-16-0,16384,21098,21642,544,False,0,451,2.0
6,36,clustered_local,S,second24/phase/13,sram-25,dram-24-0,16384,21098,21642,544,False,0,451,2.0
6,36,clustered_local,S,second26/phase/13,sram-27,dram-26-0,16384,21098,21642,544,False,0,451,2.0
6,36,clustered_local,S,second28/phase/13,sram-29,dram-28-0,16384,21098,21642,544,False,0,451,2.0
6,36,clustered_local,S,second1/phase/16,dram-2-0,sram-2,16,22248,22261,13,False,0,0,1.0
6,36,clustered_local,S,second35/phase/7,dram-0-1,sram-0,65536,22351,24443,2092,True,0,1987,1.0
6,36,clustered_local,S,second4/phase/16,dram-4-0,sram-5,16,22444,22478,34,False,0,0,2.0
6,36,clustered_local,S,second12/phase/16,dram-12-0,sram-13,16,22444,22478,34,False,0,0,2.0
6,36,clustered_local,S,second14/phase/16,dram-14-0,sram-15,16,22444,22478,34,False,0,0,2.0
6,36,clustered_local,S,second16/phase/16,dram-16-0,sram-17,16,22444,22478,34,False,0,0,2.0
6,36,clustered_local,S,second24/phase/16,dram-24-0,sram-25,16,22444,22478,34,False,0,0,2.0
6,36,clustered_local,S,second26/phase/16,dram-26-0,sram-27,16,22444,22478,34,False,0,0,2.0
6,36,clustered_local,S,second28/phase/16,dram-28-0,sram-29,16,22444,22478,34,False,0,0,2.0
6,36,clustered_local,S,second2/phase/13,sram-3,dram-2-0,16384,22992,23536,544,False,0,451,2.0
6,36,clustered_local,S,second3/phase/13,sram-4,dram-4-0,16384,23125,23648,523,False,0,451,1.0
6,36,clustered_local,S,second13/phase/13,sram-14,dram-14-0,16384,23125,23648,523,False,0,451,1.0
6,36,clustered_local,S,second15/phase/13,sram-16,dram-16-0,16384,23125,23648,523,False,0,451,1.0
6,36,clustered_local,S,second25/phase/13,sram-26,dram-26-0,16384,23125,23648,523,False,0,451,1.0
6,36,clustered_local,S,second27/phase/13,sram-28,dram-28-0,16384,23125,23648,523,False,0,451,1.0
6,36,clustered_local,S,second17/phase/13,sram-18,dram-12-0,16384,23146,23690,544,False,0,451,2.0
6,36,clustered_local,S,second29/phase/13,sram-30,dram-24-0,16384,23146,23690,544,False,0,451,2.0
6,36,clustered_local,S,second6/phase/13,sram-7,dram-0-0,16384,23205,23771,566,False,0,451,3.0
6,36,clustered_local,S,second2/phase/16,dram-2-0,sram-3,16,24338,24372,34,False,0,0,2.0
6,36,clustered_local,S,second3/phase/16,dram-4-0,sram-4,16,24450,24463,13,False,0,0,1.0
6,36,clustered_local,S,second13/phase/16,dram-14-0,sram-14,16,24450,24463,13,False,0,0,1.0
6,36,clustered_local,S,second15/phase/16,dram-16-0,sram-16,16,24450,24463,13,False,0,0,1.0
6,36,clustered_local,S,second25/phase/16,dram-26-0,sram-26,16,24450,24463,13,False,0,0,1.0
6,36,clustered_local,S,second27/phase/16,dram-28-0,sram-28,16,24450,24463,13,False,0,0,1.0
6,36,clustered_local,S,second17/phase/16,dram-12-0,sram-18,16,24492,24526,34,False,0,0,2.0
6,36,clustered_local,S,second29/phase/16,dram-24-0,sram-30,16,24492,24526,34,False,0,0,2.0
6,36,clustered_local,S,second6/phase/16,dram-0-0,sram-7,16,24573,24628,55,False,0,0,3.0
6,36,clustered_local,S,second8/phase/13,sram-9,dram-2-0,16384,25081,25646,565,False,0,451,3.0
6,36,clustered_local,S,second10/phase/13,sram-11,dram-4-0,16384,25215,25780,565,False,0,451,3.0
6,36,clustered_local,S,second18/phase/13,sram-19,dram-12-0,16384,25215,25780,565,False,0,451,3.0
6,36,clustered_local,S,second20/phase/13,sram-21,dram-14-0,16384,25215,25780,565,False,0,451,3.0
6,36,clustered_local,S,second22/phase/13,sram-23,dram-16-0,16384,25215,25780,565,False,0,451,3.0
6,36,clustered_local,S,second30/phase/13,sram-31,dram-24-0,16384,25215,25780,565,False,0,451,3.0
6,36,clustered_local,S,second32/phase/13,sram-33,dram-26-0,16384,25215,25780,565,False,0,451,3.0
6,36,clustered_local,S,second34/phase/13,sram-35,dram-28-0,16384,25215,25780,565,False,0,451,3.0
6,36,clustered_local,S,second5/phase/13,sram-6,dram-0-0,16384,25232,25776,544,False,0,451,2.0
6,36,clustered_local,S,second8/phase/16,dram-2-0,sram-9,16,26448,26503,55,False,0,0,3.0
6,36,clustered_local,S,second5/phase/16,dram-0-0,sram-6,16,26578,26612,34,False,0,0,2.0
6,36,clustered_local,S,second10/phase/16,dram-4-0,sram-11,16,26582,26637,55,False,0,0,3.0
6,36,clustered_local,S,second18/phase/16,dram-12-0,sram-19,16,26582,26637,55,False,0,0,3.0
6,36,clustered_local,S,second20/phase/16,dram-14-0,sram-21,16,26582,26637,55,False,0,0,3.0
6,36,clustered_local,S,second22/phase/16,dram-16-0,sram-23,16,26582,26637,55,False,0,0,3.0
6,36,clustered_local,S,second30/phase/16,dram-24-0,sram-31,16,26582,26637,55,False,0,0,3.0
6,36,clustered_local,S,second32/phase/16,dram-26-0,sram-33,16,26582,26637,55,False,0,0,3.0
6,36,clustered_local,S,second34/phase/16,dram-28-0,sram-35,16,26582,26637,55,False,0,0,3.0
6,36,clustered_local,S,second7/phase/13,sram-8,dram-2-0,16384,27108,27652,544,False,0,451,2.0
6,36,clustered_local,S,second9/phase/13,sram-10,dram-4-0,16384,27278,27822,544,False,0,451,2.0
6,36,clustered_local,S,second19/phase/13,sram-20,dram-14-0,16384,27278,27822,544,False,0,451,2.0
6,36,clustered_local,S,second21/phase/13,sram-22,dram-16-0,16384,27278,27822,544,False,0,451,2.0
6,36,clustered_local,S,second31/phase/13,sram-32,dram-26-0,16384,27278,27822,544,False,0,451,2.0
6,36,clustered_local,S,second33/phase/13,sram-34,dram-28-0,16384,27278,27822,544,False,0,451,2.0
6,36,clustered_local,S,second0/phase/13,sram-1,dram-0-0,16384,27280,27824,544,False,0,451,2.0
6,36,clustered_local,S,second11/phase/13,sram-12,dram-12-0,16384,27343,27866,523,False,0,451,1.0
6,36,clustered_local,S,second23/phase/13,sram-24,dram-24-0,16384,27343,27866,523,False,0,451,1.0
6,36,clustered_local,S,second7/phase/16,dram-2-0,sram-8,16,28454,28488,34,False,0,0,2.0
6,36,clustered_local,S,second9/phase/16,dram-4-0,sram-10,16,28624,28658,34,False,0,0,2.0
6,36,clustered_local,S,second19/phase/16,dram-14-0,sram-20,16,28624,28658,34,False,0,0,2.0
6,36,clustered_local,S,second21/phase/16,dram-16-0,sram-22,16,28624,28658,34,False,0,0,2.0
6,36,clustered_local,S,second31/phase/16,dram-26-0,sram-32,16,28624,28658,34,False,0,0,2.0
6,36,clustered_local,S,second33/phase/16,dram-28-0,sram-34,16,28624,28658,34,False,0,0,2.0
6,36,clustered_local,S,second0/phase/16,dram-0-0,sram-1,16,28626,28660,34,False,0,0,2.0
6,36,clustered_local,S,second11/phase/16,dram-12-0,sram-12,16,28668,28681,13,False,0,0,1.0
6,36,clustered_local,S,second23/phase/16,dram-24-0,sram-24,16,28668,28681,13,False,0,0,1.0
6,36,clustered_local,S,second35/phase/13,sram-0,dram-0-0,16384,29307,29830,523,True,0,451,1.0
6,36,clustered_local,S,second35/phase/16,dram-0-0,sram-0,16,30632,30645,13,True,0,0,1.0
6,36,remote_balanced,U0,first0/phase/0,sram-0,host-memory,16,0,32,32,True,,,
6,36,remote_balanced,U0,first1/phase/0,sram-1,dram-19-0,16,0,12,12,False,,,
6,36,remote_balanced,U0,first2/phase/0,sram-2,dram-20-0,16,0,12,12,False,,,
6,36,remote_balanced,U0,first3/phase/0,sram-3,dram-21-0,16,0,12,12,False,,,
6,36,remote_balanced,U0,first4/phase/0,sram-4,dram-22-0,16,0,12,12,False,,,
6,36,remote_balanced,U0,first5/phase/0,sram-5,dram-23-0,16,0,12,12,False,,,
6,36,remote_balanced,U0,first6/phase/0,sram-6,dram-24-0,16,0,12,12,False,,,
6,36,remote_balanced,U0,first7/phase/0,sram-7,dram-25-0,16,0,12,12,False,,,
6,36,remote_balanced,U0,first8/phase/0,sram-8,dram-26-0,16,0,12,12,False,,,
6,36,remote_balanced,U0,first9/phase/0,sram-9,dram-27-0,16,0,12,12,False,,,
6,36,remote_balanced,U0,first10/phase/0,sram-10,dram-28-0,16,0,12,12,False,,,
6,36,remote_balanced,U0,first11/phase/0,sram-11,dram-29-0,16,0,12,12,False,,,
6,36,remote_balanced,U0,first12/phase/0,sram-12,dram-30-0,16,0,12,12,False,,,
6,36,remote_balanced,U0,first13/phase/0,sram-13,dram-31-0,16,0,12,12,False,,,
6,36,remote_balanced,U0,first14/phase/0,sram-14,dram-32-0,16,0,12,12,False,,,
6,36,remote_balanced,U0,first15/phase/0,sram-15,dram-33-0,16,0,12,12,False,,,
6,36,remote_balanced,U0,first16/phase/0,sram-16,dram-34-0,16,0,12,12,False,,,
6,36,remote_balanced,U0,first17/phase/0,sram-17,dram-35-0,16,0,12,12,False,,,
6,36,remote_balanced,U0,first18/phase/0,sram-18,dram-0-0,16,0,12,12,False,,,
6,36,remote_balanced,U0,first19/phase/0,sram-19,dram-1-0,16,0,12,12,False,,,
6,36,remote_balanced,U0,first20/phase/0,sram-20,dram-2-0,16,0,12,12,False,,,
6,36,remote_balanced,U0,first21/phase/0,sram-21,dram-3-0,16,0,12,12,False,,,
6,36,remote_balanced,U0,first22/phase/0,sram-22,dram-4-0,16,0,12,12,False,,,
6,36,remote_balanced,U0,first23/phase/0,sram-23,dram-5-0,16,0,12,12,False,,,
6,36,remote_balanced,U0,first24/phase/0,sram-24,dram-6-0,16,0,12,12,False,,,
6,36,remote_balanced,U0,first25/phase/0,sram-25,dram-7-0,16,0,12,12,False,,,
6,36,remote_balanced,U0,first26/phase/0,sram-26,dram-8-0,16,0,12,12,False,,,
6,36,remote_balanced,U0,first27/phase/0,sram-27,dram-9-0,16,0,12,12,False,,,
6,36,remote_balanced,U0,first28/phase/0,sram-28,dram-10-0,16,0,12,12,False,,,
6,36,remote_balanced,U0,first29/phase/0,sram-29,dram-11-0,16,0,12,12,False,,,
6,36,remote_balanced,U0,first30/phase/0,sram-30,dram-12-0,16,0,12,12,False,,,
6,36,remote_balanced,U0,first31/phase/0,sram-31,dram-13-0,16,0,12,12,False,,,
6,36,remote_balanced,U0,first32/phase/0,sram-32,dram-14-0,16,0,12,12,False,,,
6,36,remote_balanced,U0,first33/phase/0,sram-33,dram-15-0,16,0,12,12,False,,,
6,36,remote_balanced,U0,first34/phase/0,sram-34,dram-16-0,16,0,12,12,False,,,
6,36,remote_balanced,U0,first35/phase/0,sram-35,dram-17-0,16,0,12,12,False,,,
6,36,remote_balanced,U0,first1/phase/4,dram-19-0,sram-1,65536,101,1136,1035,False,,,
6,36,remote_balanced,U0,first2/phase/4,dram-20-0,sram-2,65536,130,1165,1035,False,,,
6,36,remote_balanced,U0,first3/phase/4,dram-21-0,sram-3,65536,159,1194,1035,False,,,
6,36,remote_balanced,U0,first4/phase/4,dram-22-0,sram-4,65536,188,1223,1035,False,,,
6,36,remote_balanced,U0,first5/phase/4,dram-23-0,sram-5,65536,217,1252,1035,False,,,
6,36,remote_balanced,U0,first6/phase/4,dram-24-0,sram-6,65536,246,1281,1035,False,,,
6,36,remote_balanced,U0,first7/phase/4,dram-25-0,sram-7,65536,275,1310,1035,False,,,
6,36,remote_balanced,U0,first8/phase/4,dram-26-0,sram-8,65536,304,1339,1035,False,,,
6,36,remote_balanced,U0,first9/phase/4,dram-27-0,sram-9,65536,333,1368,1035,False,,,
6,36,remote_balanced,U0,first10/phase/4,dram-28-0,sram-10,65536,362,1397,1035,False,,,
6,36,remote_balanced,U0,first11/phase/4,dram-29-0,sram-11,65536,391,1426,1035,False,,,
6,36,remote_balanced,U0,first12/phase/4,dram-30-0,sram-12,65536,420,1455,1035,False,,,
6,36,remote_balanced,U0,first13/phase/4,dram-31-0,sram-13,65536,449,1484,1035,False,,,
6,36,remote_balanced,U0,first14/phase/4,dram-32-0,sram-14,65536,478,1513,1035,False,,,
6,36,remote_balanced,U0,first15/phase/4,dram-33-0,sram-15,65536,507,1542,1035,False,,,
6,36,remote_balanced,U0,first16/phase/4,dram-34-0,sram-16,65536,536,1571,1035,False,,,
6,36,remote_balanced,U0,first17/phase/4,dram-35-0,sram-17,65536,565,1600,1035,False,,,
6,36,remote_balanced,U0,first18/phase/4,dram-0-0,sram-18,65536,594,1629,1035,False,,,
6,36,remote_balanced,U0,first19/phase/4,dram-1-0,sram-19,65536,623,1658,1035,False,,,
6,36,remote_balanced,U0,first20/phase/4,dram-2-0,sram-20,65536,652,1687,1035,False,,,
6,36,remote_balanced,U0,first21/phase/4,dram-3-0,sram-21,65536,681,1716,1035,False,,,
6,36,remote_balanced,U0,first22/phase/4,dram-4-0,sram-22,65536,710,1745,1035,False,,,
6,36,remote_balanced,U0,first23/phase/4,dram-5-0,sram-23,65536,739,1774,1035,False,,,
6,36,remote_balanced,U0,first24/phase/4,dram-6-0,sram-24,65536,768,1803,1035,False,,,
6,36,remote_balanced,U0,first25/phase/4,dram-7-0,sram-25,65536,797,1832,1035,False,,,
6,36,remote_balanced,U0,first26/phase/4,dram-8-0,sram-26,65536,826,1861,1035,False,,,
6,36,remote_balanced,U0,first27/phase/4,dram-9-0,sram-27,65536,855,1890,1035,False,,,
6,36,remote_balanced,U0,first28/phase/4,dram-10-0,sram-28,65536,884,1919,1035,False,,,
6,36,remote_balanced,U0,first0/phase/4,host-memory,sram-0,16384,888,1430,542,True,,,
6,36,remote_balanced,U0,first29/phase/4,dram-11-0,sram-29,65536,913,1948,1035,False,,,
6,36,remote_balanced,U0,first30/phase/4,dram-12-0,sram-30,65536,942,1977,1035,False,,,
6,36,remote_balanced,U0,first31/phase/4,dram-13-0,sram-31,65536,971,2006,1035,False,,,
6,36,remote_balanced,U0,first32/phase/4,dram-14-0,sram-32,65536,1000,2035,1035,False,,,
6,36,remote_balanced,U0,first33/phase/4,dram-15-0,sram-33,65536,1029,2064,1035,False,,,
6,36,remote_balanced,U0,first34/phase/4,dram-16-0,sram-34,65536,1058,2093,1035,False,,,
6,36,remote_balanced,U0,first35/phase/4,dram-17-0,sram-35,65536,1087,2122,1035,False,,,
6,36,remote_balanced,U0,first0/phase/6,sram-0,dram-18-0,16,1686,1698,12,True,,,
6,36,remote_balanced,U0,first0/phase/10,dram-18-0,sram-0,65536,1787,2822,1035,True,,,
6,36,remote_balanced,U0,second1/phase/1,sram-1,sram-2,16384,6000,6539,539,False,,,
6,36,remote_balanced,U0,second2/phase/1,sram-2,sram-3,16384,6029,6568,539,False,,,
6,36,remote_balanced,U0,second3/phase/1,sram-3,sram-4,16384,6058,6597,539,False,,,
6,36,remote_balanced,U0,second4/phase/1,sram-4,sram-5,16384,6087,6626,539,False,,,
6,36,remote_balanced,U0,second5/phase/1,sram-5,sram-6,16384,6116,6761,645,False,,,
6,36,remote_balanced,U0,second6/phase/1,sram-6,sram-7,16384,6145,6684,539,False,,,
6,36,remote_balanced,U0,second7/phase/1,sram-7,sram-8,16384,6174,6713,539,False,,,
6,36,remote_balanced,U0,second8/phase/1,sram-8,sram-9,16384,6203,6743,540,False,,,
6,36,remote_balanced,U0,second9/phase/1,sram-9,sram-10,16384,6232,6772,540,False,,,
6,36,remote_balanced,U0,second10/phase/1,sram-10,sram-11,16384,6261,6801,540,False,,,
6,36,remote_balanced,U0,second11/phase/1,sram-11,sram-12,16384,6290,6935,645,False,,,
6,36,remote_balanced,U0,second12/phase/1,sram-12,sram-13,16384,6319,6858,539,False,,,
6,36,remote_balanced,U0,second13/phase/1,sram-13,sram-14,16384,6348,6887,539,False,,,
6,36,remote_balanced,U0,second14/phase/1,sram-14,sram-15,16384,6377,6916,539,False,,,
6,36,remote_balanced,U0,second15/phase/1,sram-15,sram-16,16384,6406,6945,539,False,,,
6,36,remote_balanced,U0,second16/phase/1,sram-16,sram-17,16384,6435,6974,539,False,,,
6,36,remote_balanced,U0,second17/phase/1,sram-17,sram-18,16384,6464,7109,645,False,,,
6,36,remote_balanced,U0,second18/phase/1,sram-18,sram-19,16384,6493,7032,539,False,,,
6,36,remote_balanced,U0,second19/phase/1,sram-19,sram-20,16384,6522,7061,539,False,,,
6,36,remote_balanced,U0,second20/phase/1,sram-20,sram-21,16384,6551,7091,540,False,,,
6,36,remote_balanced,U0,second21/phase/1,sram-21,sram-22,16384,6580,7120,540,False,,,
6,36,remote_balanced,U0,second22/phase/1,sram-22,sram-23,16384,6609,7149,540,False,,,
6,36,remote_balanced,U0,second23/phase/1,sram-23,sram-24,16384,6638,7283,645,False,,,
6,36,remote_balanced,U0,second24/phase/1,sram-24,sram-25,16384,6667,7206,539,False,,,
6,36,remote_balanced,U0,second25/phase/1,sram-25,sram-26,16384,6696,7235,539,False,,,
6,36,remote_balanced,U0,second26/phase/1,sram-26,sram-27,16384,6725,7264,539,False,,,
6,36,remote_balanced,U0,second27/phase/1,sram-27,sram-28,16384,6754,7293,539,False,,,
6,36,remote_balanced,U0,second28/phase/1,sram-28,sram-29,16384,6783,7322,539,False,,,
6,36,remote_balanced,U0,second1/phase/3,sram-2,dram-20-1,16,6795,6807,12,False,,,
6,36,remote_balanced,U0,second29/phase/1,sram-29,sram-30,16384,6812,7475,663,False,,,
6,36,remote_balanced,U0,second2/phase/3,sram-3,dram-21-1,16,6824,6836,12,False,,,
6,36,remote_balanced,U0,second30/phase/1,sram-30,sram-31,16384,6841,7380,539,False,,,
6,36,remote_balanced,U0,second3/phase/3,sram-4,dram-22-1,16,6853,6865,12,False,,,
6,36,remote_balanced,U0,second31/phase/1,sram-31,sram-32,16384,6870,7409,539,False,,,
6,36,remote_balanced,U0,second4/phase/3,sram-5,dram-23-1,16,6882,6894,12,False,,,
6,36,remote_balanced,U0,second1/phase/7,dram-20-1,sram-2,65536,6896,7931,1035,False,,,
6,36,remote_balanced,U0,second32/phase/1,sram-32,sram-33,16384,6899,7439,540,False,,,
6,36,remote_balanced,U0,second2/phase/7,dram-21-1,sram-3,65536,6925,7960,1035,False,,,
6,36,remote_balanced,U0,second33/phase/1,sram-33,sram-34,16384,6928,7468,540,False,,,
6,36,remote_balanced,U0,second6/phase/3,sram-7,dram-25-1,16,6940,6952,12,False,,,
6,36,remote_balanced,U0,second3/phase/7,dram-22-1,sram-4,65536,6954,7989,1035,False,,,
6,36,remote_balanced,U0,second34/phase/1,sram-34,sram-35,16384,6957,7497,540,False,,,
6,36,remote_balanced,U0,second7/phase/3,sram-8,dram-26-1,16,6969,6981,12,False,,,
6,36,remote_balanced,U0,second4/phase/7,dram-23-1,sram-5,65536,6983,8018,1035,False,,,
6,36,remote_balanced,U0,second35/phase/1,sram-35,sram-0,16384,6986,7715,729,False,,,
6,36,remote_balanced,U0,second8/phase/3,sram-9,dram-27-1,16,6999,7011,12,False,,,
6,36,remote_balanced,U0,second5/phase/3,sram-6,dram-24-1,16,7017,7029,12,False,,,
6,36,remote_balanced,U0,second9/phase/3,sram-10,dram-28-1,16,7028,7040,12,False,,,
6,36,remote_balanced,U0,second6/phase/7,dram-25-1,sram-7,65536,7041,8076,1035,False,,,
6,36,remote_balanced,U0,second10/phase/3,sram-11,dram-29-1,16,7057,7069,12,False,,,
6,36,remote_balanced,U0,second7/phase/7,dram-26-1,sram-8,65536,7070,8105,1035,False,,,
6,36,remote_balanced,U0,second8/phase/7,dram-27-1,sram-9,65536,7100,8135,1035,False,,,
6,36,remote_balanced,U0,second12/phase/3,sram-13,dram-31-1,16,7114,7126,12,False,,,
6,36,remote_balanced,U0,second5/phase/7,dram-24-1,sram-6,65536,7129,8164,1035,False,,,
6,36,remote_balanced,U0,second13/phase/3,sram-14,dram-32-1,16,7143,7155,12,False,,,
6,36,remote_balanced,U0,second9/phase/7,dram-28-1,sram-10,65536,7158,8193,1035,False,,,
6,36,remote_balanced,U0,second14/phase/3,sram-15,dram-33-1,16,7172,7184,12,False,,,
6,36,remote_balanced,U0,second10/phase/7,dram-29-1,sram-11,65536,7187,8222,1035,False,,,
6,36,remote_balanced,U0,second11/phase/3,sram-12,dram-30-1,16,7191,7203,12,False,,,
6,36,remote_balanced,U0,second15/phase/3,sram-16,dram-34-1,16,7201,7213,12,False,,,
6,36,remote_balanced,U0,second12/phase/7,dram-31-1,sram-13,65536,7216,8251,1035,False,,,
6,36,remote_balanced,U0,second16/phase/3,sram-17,dram-35-1,16,7230,7242,12,False,,,
6,36,remote_balanced,U0,second13/phase/7,dram-32-1,sram-14,65536,7245,8280,1035,False,,,
6,36,remote_balanced,U0,second14/phase/7,dram-33-1,sram-15,65536,7274,8309,1035,False,,,
6,36,remote_balanced,U0,second18/phase/3,sram-19,dram-1-1,16,7288,7300,12,False,,,
6,36,remote_balanced,U0,second11/phase/7,dram-30-1,sram-12,65536,7303,8338,1035,False,,,
6,36,remote_balanced,U0,second19/phase/3,sram-20,dram-2-1,16,7317,7329,12,False,,,
6,36,remote_balanced,U0,second15/phase/7,dram-34-1,sram-16,65536,7332,8367,1035,False,,,
6,36,remote_balanced,U0,second20/phase/3,sram-21,dram-3-1,16,7347,7359,12,False,,,
6,36,remote_balanced,U0,second16/phase/7,dram-35-1,sram-17,65536,7361,8396,1035,False,,,
6,36,remote_balanced,U0,second17/phase/3,sram-18,dram-0-1,16,7365,7377,12,False,,,
6,36,remote_balanced,U0,second21/phase/3,sram-22,dram-4-1,16,7376,7388,12,False,,,
6,36,remote_balanced,U0,second18/phase/7,dram-1-1,sram-19,65536,7390,8425,1035,False,,,
6,36,remote_balanced,U0,second22/phase/3,sram-23,dram-5-1,16,7405,7417,12,False,,,
6,36,remote_balanced,U0,second19/phase/7,dram-2-1,sram-20,65536,7419,8454,1035,False,,,
6,36,remote_balanced,U0,second20/phase/7,dram-3-1,sram-21,65536,7448,8483,1035,False,,,
6,36,remote_balanced,U0,second24/phase/3,sram-25,dram-7-1,16,7462,7474,12,False,,,
6,36,remote_balanced,U0,second17/phase/7,dram-0-1,sram-18,65536,7477,8512,1035,False,,,
6,36,remote_balanced,U0,second25/phase/3,sram-26,dram-8-1,16,7491,7503,12,False,,,
6,36,remote_balanced,U0,second21/phase/7,dram-4-1,sram-22,65536,7506,8541,1035,False,,,
6,36,remote_balanced,U0,second26/phase/3,sram-27,dram-9-1,16,7520,7532,12,False,,,
6,36,remote_balanced,U0,second22/phase/7,dram-5-1,sram-23,65536,7535,8570,1035,False,,,
6,36,remote_balanced,U0,second23/phase/3,sram-24,dram-6-1,16,7539,7551,12,False,,,
6,36,remote_balanced,U0,second27/phase/3,sram-28,dram-10-1,16,7549,7561,12,False,,,
6,36,remote_balanced,U0,second24/phase/7,dram-7-1,sram-25,65536,7564,8599,1035,False,,,
6,36,remote_balanced,U0,second28/phase/3,sram-29,dram-11-1,16,7578,7590,12,False,,,
6,36,remote_balanced,U0,second25/phase/7,dram-8-1,sram-26,65536,7593,8628,1035,False,,,
6,36,remote_balanced,U0,second26/phase/7,dram-9-1,sram-27,65536,7622,8657,1035,False,,,
6,36,remote_balanced,U0,second30/phase/3,sram-31,dram-13-1,16,7636,7648,12,False,,,
6,36,remote_balanced,U0,second23/phase/7,dram-6-1,sram-24,65536,7651,8686,1035,False,,,
6,36,remote_balanced,U0,second31/phase/3,sram-32,dram-14-1,16,7665,7677,12,False,,,
6,36,remote_balanced,U0,second27/phase/7,dram-10-1,sram-28,65536,7680,8715,1035,False,,,
6,36,remote_balanced,U0,second0/phase/1,sram-0,sram-1,16384,7686,8226,540,True,,,
6,36,remote_balanced,U0,second32/phase/3,sram-33,dram-15-1,16,7695,7707,12,False,,,
6,36,remote_balanced,U0,second28/phase/7,dram-11-1,sram-29,65536,7709,8744,1035,False,,,
6,36,remote_balanced,U0,second33/phase/3,sram-34,dram-16-1,16,7724,7736,12,False,,,
6,36,remote_balanced,U0,second29/phase/3,sram-30,dram-12-1,16,7731,7743,12,False,,,
6,36,remote_balanced,U0,second30/phase/7,dram-13-1,sram-31,65536,7738,8773,1035,False,,,
6,36,remote_balanced,U0,second34/phase/3,sram-35,dram-17-1,16,7753,7765,12,False,,,
6,36,remote_balanced,U0,second31/phase/7,dram-14-1,sram-32,65536,7767,8802,1035,False,,,
6,36,remote_balanced,U0,second32/phase/7,dram-15-1,sram-33,65536,7796,8831,1035,False,,,
6,36,remote_balanced,U0,second33/phase/7,dram-16-1,sram-34,65536,7825,8860,1035,False,,,
6,36,remote_balanced,U0,second29/phase/7,dram-12-1,sram-30,65536,7854,8889,1035,False,,,
6,36,remote_balanced,U0,second34/phase/7,dram-17-1,sram-35,65536,7883,8918,1035,False,,,
6,36,remote_balanced,U0,second35/phase/3,sram-0,dram-18-1,16,7971,7983,12,False,,,
6,36,remote_balanced,U0,second35/phase/7,dram-18-1,sram-0,65536,8072,9107,1035,False,,,
6,36,remote_balanced,U0,second0/phase/3,sram-1,dram-19-1,16,8482,8494,12,True,,,
6,36,remote_balanced,U0,second0/phase/7,dram-19-1,sram-1,65536,8583,9618,1035,True,,,
6,36,remote_balanced,U0,second1/phase/13,sram-2,dram-20-0,16384,12795,13062,267,False,,,
6,36,remote_balanced,U0,second2/phase/13,sram-3,dram-21-0,16384,12824,13091,267,False,,,
6,36,remote_balanced,U0,second3/phase/13,sram-4,dram-22-0,16384,12853,13120,267,False,,,
6,36,remote_balanced,U0,second4/phase/13,sram-5,dram-23-0,16384,12882,13149,267,False,,,
6,36,remote_balanced,U0,second6/phase/13,sram-7,dram-25-0,16384,12940,13207,267,False,,,
6,36,remote_balanced,U0,second7/phase/13,sram-8,dram-26-0,16384,12969,13236,267,False,,,
6,36,remote_balanced,U0,second8/phase/13,sram-9,dram-27-0,16384,12999,13266,267,False,,,
6,36,remote_balanced,U0,second5/phase/13,sram-6,dram-24-0,16384,13028,13295,267,False,,,
6,36,remote_balanced,U0,second9/phase/13,sram-10,dram-28-0,16384,13057,13324,267,False,,,
6,36,remote_balanced,U0,second10/phase/13,sram-11,dram-29-0,16384,13086,13353,267,False,,,
6,36,remote_balanced,U0,second1/phase/16,dram-20-0,sram-2,16,13109,13121,12,False,,,
6,36,remote_balanced,U0,second12/phase/13,sram-13,dram-31-0,16384,13115,13382,267,False,,,
6,36,remote_balanced,U0,second2/phase/16,dram-21-0,sram-3,16,13138,13150,12,False,,,
6,36,remote_balanced,U0,second13/phase/13,sram-14,dram-32-0,16384,13144,13411,267,False,,,
6,36,remote_balanced,U0,second3/phase/16,dram-22-0,sram-4,16,13167,13179,12,False,,,
6,36,remote_balanced,U0,second14/phase/13,sram-15,dram-33-0,16384,13173,13440,267,False,,,
6,36,remote_balanced,U0,second4/phase/16,dram-23-0,sram-5,16,13196,13208,12,False,,,
6,36,remote_balanced,U0,second11/phase/13,sram-12,dram-30-0,16384,13202,13469,267,False,,,
6,36,remote_balanced,U0,second15/phase/13,sram-16,dram-34-0,16384,13231,13498,267,False,,,
6,36,remote_balanced,U0,second6/phase/16,dram-25-0,sram-7,16,13254,13266,12,False,,,
6,36,remote_balanced,U0,second16/phase/13,sram-17,dram-35-0,16384,13260,13527,267,False,,,
6,36,remote_balanced,U0,second7/phase/16,dram-26-0,sram-8,16,13283,13295,12,False,,,
6,36,remote_balanced,U0,second18/phase/13,sram-19,dram-1-0,16384,13289,13556,267,False,,,
6,36,remote_balanced,U0,second8/phase/16,dram-27-0,sram-9,16,13313,13325,12,False,,,
6,36,remote_balanced,U0,second19/phase/13,sram-20,dram-2-0,16384,13318,13585,267,False,,,
6,36,remote_balanced,U0,second5/phase/16,dram-24-0,sram-6,16,13342,13354,12,False,,,
6,36,remote_balanced,U0,second20/phase/13,sram-21,dram-3-0,16384,13347,13614,267,False,,,
6,36,remote_balanced,U0,second9/phase/16,dram-28-0,sram-10,16,13371,13383,12,False,,,
6,36,remote_balanced,U0,second17/phase/13,sram-18,dram-0-0,16384,13376,13643,267,False,,,
6,36,remote_balanced,U0,second10/phase/16,dram-29-0,sram-11,16,13400,13412,12,False,,,
6,36,remote_balanced,U0,second21/phase/13,sram-22,dram-4-0,16384,13405,13672,267,False,,,
6,36,remote_balanced,U0,second12/phase/16,dram-31-0,sram-13,16,13429,13441,12,False,,,
6,36,remote_balanced,U0,second22/phase/13,sram-23,dram-5-0,16384,13434,13701,267,False,,,
6,36,remote_balanced,U0,second13/phase/16,dram-32-0,sram-14,16,13458,13470,12,False,,,
6,36,remote_balanced,U0,second24/phase/13,sram-25,dram-7-0,16384,13463,13730,267,False,,,
6,36,remote_balanced,U0,second14/phase/16,dram-33-0,sram-15,16,13487,13499,12,False,,,
6,36,remote_balanced,U0,second25/phase/13,sram-26,dram-8-0,16384,13492,13759,267,False,,,
6,36,remote_balanced,U0,second11/phase/16,dram-30-0,sram-12,16,13516,13528,12,False,,,
6,36,remote_balanced,U0,second26/phase/13,sram-27,dram-9-0,16384,13521,13788,267,False,,,
6,36,remote_balanced,U0,second15/phase/16,dram-34-0,sram-16,16,13545,13557,12,False,,,
6,36,remote_balanced,U0,second23/phase/13,sram-24,dram-6-0,16384,13550,13817,267,False,,,
6,36,remote_balanced,U0,second16/phase/16,dram-35-0,sram-17,16,13574,13586,12,False,,,
6,36,remote_balanced,U0,second27/phase/13,sram-28,dram-10-0,16384,13579,13846,267,False,,,
6,36,remote_balanced,U0,second18/phase/16,dram-1-0,sram-19,16,13603,13615,12,False,,,
6,36,remote_balanced,U0,second28/phase/13,sram-29,dram-11-0,16384,13608,13875,267,False,,,
6,36,remote_balanced,U0,second19/phase/16,dram-2-0,sram-20,16,13632,13644,12,False,,,
6,36,remote_balanced,U0,second30/phase/13,sram-31,dram-13-0,16384,13637,13904,267,False,,,
6,36,remote_balanced,U0,second20/phase/16,dram-3-0,sram-21,16,13661,13673,12,False,,,
6,36,remote_balanced,U0,second31/phase/13,sram-32,dram-14-0,16384,13666,13933,267,False,,,
6,36,remote_balanced,U0,second17/phase/16,dram-0-0,sram-18,16,13690,13702,12,False,,,
6,36,remote_balanced,U0,second32/phase/13,sram-33,dram-15-0,16384,13695,13962,267,False,,,
6,36,remote_balanced,U0,second21/phase/16,dram-4-0,sram-22,16,13719,13731,12,False,,,
6,36,remote_balanced,U0,second33/phase/13,sram-34,dram-16-0,16384,13724,13991,267,False,,,
6,36,remote_balanced,U0,second22/phase/16,dram-5-0,sram-23,16,13748,13760,12,False,,,
6,36,remote_balanced,U0,second29/phase/13,sram-30,dram-12-0,16384,13753,14020,267,False,,,
6,36,remote_balanced,U0,second24/phase/16,dram-7-0,sram-25,16,13777,13789,12,False,,,
6,36,remote_balanced,U0,second34/phase/13,sram-35,dram-17-0,16384,13782,14049,267,False,,,
6,36,remote_balanced,U0,second25/phase/16,dram-8-0,sram-26,16,13806,13818,12,False,,,
6,36,remote_balanced,U0,second26/phase/16,dram-9-0,sram-27,16,13835,13847,12,False,,,
6,36,remote_balanced,U0,second23/phase/16,dram-6-0,sram-24,16,13864,13876,12,False,,,
6,36,remote_balanced,U0,second27/phase/16,dram-10-0,sram-28,16,13893,13905,12,False,,,
6,36,remote_balanced,U0,second28/phase/16,dram-11-0,sram-29,16,13922,13934,12,False,,,
6,36,remote_balanced,U0,second30/phase/16,dram-13-0,sram-31,16,13951,13963,12,False,,,
6,36,remote_balanced,U0,second35/phase/13,sram-0,dram-18-0,16384,13971,14238,267,False,,,
6,36,remote_balanced,U0,second31/phase/16,dram-14-0,sram-32,16,13980,13992,12,False,,,
6,36,remote_balanced,U0,second32/phase/16,dram-15-0,sram-33,16,14009,14021,12,False,,,
6,36,remote_balanced,U0,second33/phase/16,dram-16-0,sram-34,16,14038,14050,12,False,,,
6,36,remote_balanced,U0,second29/phase/16,dram-12-0,sram-30,16,14067,14079,12,False,,,
6,36,remote_balanced,U0,second34/phase/16,dram-17-0,sram-35,16,14096,14108,12,False,,,
6,36,remote_balanced,U0,second35/phase/16,dram-18-0,sram-0,16,14285,14297,12,False,,,
6,36,remote_balanced,U0,second0/phase/13,sram-1,dram-19-0,16384,14482,14749,267,True,,,
6,36,remote_balanced,U0,second0/phase/16,dram-19-0,sram-1,16,14796,14808,12,True,,,
6,36,remote_balanced,U1,first0/phase/0,sram-0,host-memory,16,0,32,32,True,,,
6,36,remote_balanced,U1,first1/phase/0,sram-1,dram-19-0,16,0,12,12,False,,,
6,36,remote_balanced,U1,first2/phase/0,sram-2,dram-20-0,16,0,12,12,False,,,
6,36,remote_balanced,U1,first3/phase/0,sram-3,dram-21-0,16,0,12,12,False,,,
6,36,remote_balanced,U1,first4/phase/0,sram-4,dram-22-0,16,0,12,12,False,,,
6,36,remote_balanced,U1,first5/phase/0,sram-5,dram-23-0,16,0,12,12,False,,,
6,36,remote_balanced,U1,first6/phase/0,sram-6,dram-24-0,16,0,12,12,False,,,
6,36,remote_balanced,U1,first7/phase/0,sram-7,dram-25-0,16,0,12,12,False,,,
6,36,remote_balanced,U1,first8/phase/0,sram-8,dram-26-0,16,0,12,12,False,,,
6,36,remote_balanced,U1,first9/phase/0,sram-9,dram-27-0,16,0,12,12,False,,,
6,36,remote_balanced,U1,first10/phase/0,sram-10,dram-28-0,16,0,12,12,False,,,
6,36,remote_balanced,U1,first11/phase/0,sram-11,dram-29-0,16,0,12,12,False,,,
6,36,remote_balanced,U1,first12/phase/0,sram-12,dram-30-0,16,0,12,12,False,,,
6,36,remote_balanced,U1,first13/phase/0,sram-13,dram-31-0,16,0,12,12,False,,,
6,36,remote_balanced,U1,first14/phase/0,sram-14,dram-32-0,16,0,12,12,False,,,
6,36,remote_balanced,U1,first15/phase/0,sram-15,dram-33-0,16,0,12,12,False,,,
6,36,remote_balanced,U1,first16/phase/0,sram-16,dram-34-0,16,0,12,12,False,,,
6,36,remote_balanced,U1,first17/phase/0,sram-17,dram-35-0,16,0,12,12,False,,,
6,36,remote_balanced,U1,first18/phase/0,sram-18,dram-0-0,16,0,12,12,False,,,
6,36,remote_balanced,U1,first19/phase/0,sram-19,dram-1-0,16,0,12,12,False,,,
6,36,remote_balanced,U1,first20/phase/0,sram-20,dram-2-0,16,0,12,12,False,,,
6,36,remote_balanced,U1,first21/phase/0,sram-21,dram-3-0,16,0,12,12,False,,,
6,36,remote_balanced,U1,first22/phase/0,sram-22,dram-4-0,16,0,12,12,False,,,
6,36,remote_balanced,U1,first23/phase/0,sram-23,dram-5-0,16,0,12,12,False,,,
6,36,remote_balanced,U1,first24/phase/0,sram-24,dram-6-0,16,0,12,12,False,,,
6,36,remote_balanced,U1,first25/phase/0,sram-25,dram-7-0,16,0,12,12,False,,,
6,36,remote_balanced,U1,first26/phase/0,sram-26,dram-8-0,16,0,12,12,False,,,
6,36,remote_balanced,U1,first27/phase/0,sram-27,dram-9-0,16,0,12,12,False,,,
6,36,remote_balanced,U1,first28/phase/0,sram-28,dram-10-0,16,0,12,12,False,,,
6,36,remote_balanced,U1,first29/phase/0,sram-29,dram-11-0,16,0,12,12,False,,,
6,36,remote_balanced,U1,first30/phase/0,sram-30,dram-12-0,16,0,12,12,False,,,
6,36,remote_balanced,U1,first31/phase/0,sram-31,dram-13-0,16,0,12,12,False,,,
6,36,remote_balanced,U1,first32/phase/0,sram-32,dram-14-0,16,0,12,12,False,,,
6,36,remote_balanced,U1,first33/phase/0,sram-33,dram-15-0,16,0,12,12,False,,,
6,36,remote_balanced,U1,first34/phase/0,sram-34,dram-16-0,16,0,12,12,False,,,
6,36,remote_balanced,U1,first35/phase/0,sram-35,dram-17-0,16,0,12,12,False,,,
6,36,remote_balanced,U1,first0/phase/4,host-memory,sram-0,16384,888,1430,542,True,,,
6,36,remote_balanced,U1,first0/phase/6,sram-0,dram-18-0,16,1686,1698,12,True,,,
6,36,remote_balanced,U1,first1/phase/4,dram-19-0,sram-1,65536,3118,4153,1035,False,,,
6,36,remote_balanced,U1,first2/phase/4,dram-20-0,sram-2,65536,3118,4153,1035,False,,,
6,36,remote_balanced,U1,first3/phase/4,dram-21-0,sram-3,65536,3118,4153,1035,False,,,
6,36,remote_balanced,U1,first4/phase/4,dram-22-0,sram-4,65536,3118,4153,1035,False,,,
6,36,remote_balanced,U1,first5/phase/4,dram-23-0,sram-5,65536,3118,4153,1035,False,,,
6,36,remote_balanced,U1,first6/phase/4,dram-24-0,sram-6,65536,3118,4153,1035,False,,,
6,36,remote_balanced,U1,first7/phase/4,dram-25-0,sram-7,65536,3118,4153,1035,False,,,
6,36,remote_balanced,U1,first8/phase/4,dram-26-0,sram-8,65536,3118,4153,1035,False,,,
6,36,remote_balanced,U1,first9/phase/4,dram-27-0,sram-9,65536,3118,4153,1035,False,,,
6,36,remote_balanced,U1,first10/phase/4,dram-28-0,sram-10,65536,3118,4153,1035,False,,,
6,36,remote_balanced,U1,first11/phase/4,dram-29-0,sram-11,65536,3118,4153,1035,False,,,
6,36,remote_balanced,U1,first12/phase/4,dram-30-0,sram-12,65536,3118,4153,1035,False,,,
6,36,remote_balanced,U1,first13/phase/4,dram-31-0,sram-13,65536,3118,4153,1035,False,,,
6,36,remote_balanced,U1,first14/phase/4,dram-32-0,sram-14,65536,3118,4153,1035,False,,,
6,36,remote_balanced,U1,first15/phase/4,dram-33-0,sram-15,65536,3118,4153,1035,False,,,
6,36,remote_balanced,U1,first16/phase/4,dram-34-0,sram-16,65536,3118,4153,1035,False,,,
6,36,remote_balanced,U1,first17/phase/4,dram-35-0,sram-17,65536,3118,4153,1035,False,,,
6,36,remote_balanced,U1,first18/phase/4,dram-0-0,sram-18,65536,3118,4153,1035,False,,,
6,36,remote_balanced,U1,first19/phase/4,dram-1-0,sram-19,65536,3118,4153,1035,False,,,
6,36,remote_balanced,U1,first20/phase/4,dram-2-0,sram-20,65536,3118,4153,1035,False,,,
6,36,remote_balanced,U1,first21/phase/4,dram-3-0,sram-21,65536,3118,4153,1035,False,,,
6,36,remote_balanced,U1,first22/phase/4,dram-4-0,sram-22,65536,3118,4153,1035,False,,,
6,36,remote_balanced,U1,first23/phase/4,dram-5-0,sram-23,65536,3118,4153,1035,False,,,
6,36,remote_balanced,U1,first24/phase/4,dram-6-0,sram-24,65536,3118,4153,1035,False,,,
6,36,remote_balanced,U1,first25/phase/4,dram-7-0,sram-25,65536,3118,4153,1035,False,,,
6,36,remote_balanced,U1,first26/phase/4,dram-8-0,sram-26,65536,3118,4153,1035,False,,,
6,36,remote_balanced,U1,first27/phase/4,dram-9-0,sram-27,65536,3118,4153,1035,False,,,
6,36,remote_balanced,U1,first28/phase/4,dram-10-0,sram-28,65536,3118,4153,1035,False,,,
6,36,remote_balanced,U1,first29/phase/4,dram-11-0,sram-29,65536,3118,4153,1035,False,,,
6,36,remote_balanced,U1,first30/phase/4,dram-12-0,sram-30,65536,3118,4153,1035,False,,,
6,36,remote_balanced,U1,first31/phase/4,dram-13-0,sram-31,65536,3118,4153,1035,False,,,
6,36,remote_balanced,U1,first32/phase/4,dram-14-0,sram-32,65536,3118,4153,1035,False,,,
6,36,remote_balanced,U1,first33/phase/4,dram-15-0,sram-33,65536,3118,4153,1035,False,,,
6,36,remote_balanced,U1,first34/phase/4,dram-16-0,sram-34,65536,3118,4153,1035,False,,,
6,36,remote_balanced,U1,first35/phase/4,dram-17-0,sram-35,65536,3118,4153,1035,False,,,
6,36,remote_balanced,U1,first0/phase/10,dram-18-0,sram-0,65536,4804,5839,1035,True,,,
6,36,remote_balanced,U1,second1/phase/1,sram-1,sram-2,16384,9017,9557,540,False,,,
6,36,remote_balanced,U1,second2/phase/1,sram-2,sram-3,16384,9017,9557,540,False,,,
6,36,remote_balanced,U1,second3/phase/1,sram-3,sram-4,16384,9017,9557,540,False,,,
6,36,remote_balanced,U1,second4/phase/1,sram-4,sram-5,16384,9017,9557,540,False,,,
6,36,remote_balanced,U1,second5/phase/1,sram-5,sram-6,16384,9017,9667,650,False,,,
6,36,remote_balanced,U1,second6/phase/1,sram-6,sram-7,16384,9017,9557,540,False,,,
6,36,remote_balanced,U1,second7/phase/1,sram-7,sram-8,16384,9017,9557,540,False,,,
6,36,remote_balanced,U1,second8/phase/1,sram-8,sram-9,16384,9017,9557,540,False,,,
6,36,remote_balanced,U1,second9/phase/1,sram-9,sram-10,16384,9017,9557,540,False,,,
6,36,remote_balanced,U1,second10/phase/1,sram-10,sram-11,16384,9017,9557,540,False,,,
6,36,remote_balanced,U1,second11/phase/1,sram-11,sram-12,16384,9017,9667,650,False,,,
6,36,remote_balanced,U1,second12/phase/1,sram-12,sram-13,16384,9017,9557,540,False,,,
6,36,remote_balanced,U1,second13/phase/1,sram-13,sram-14,16384,9017,9557,540,False,,,
6,36,remote_balanced,U1,second14/phase/1,sram-14,sram-15,16384,9017,9557,540,False,,,
6,36,remote_balanced,U1,second15/phase/1,sram-15,sram-16,16384,9017,9557,540,False,,,
6,36,remote_balanced,U1,second16/phase/1,sram-16,sram-17,16384,9017,9557,540,False,,,
6,36,remote_balanced,U1,second17/phase/1,sram-17,sram-18,16384,9017,9667,650,False,,,
6,36,remote_balanced,U1,second18/phase/1,sram-18,sram-19,16384,9017,9557,540,False,,,
6,36,remote_balanced,U1,second19/phase/1,sram-19,sram-20,16384,9017,9557,540,False,,,
6,36,remote_balanced,U1,second20/phase/1,sram-20,sram-21,16384,9017,9557,540,False,,,
6,36,remote_balanced,U1,second21/phase/1,sram-21,sram-22,16384,9017,9557,540,False,,,
6,36,remote_balanced,U1,second22/phase/1,sram-22,sram-23,16384,9017,9557,540,False,,,
6,36,remote_balanced,U1,second23/phase/1,sram-23,sram-24,16384,9017,9667,650,False,,,
6,36,remote_balanced,U1,second24/phase/1,sram-24,sram-25,16384,9017,9557,540,False,,,
6,36,remote_balanced,U1,second25/phase/1,sram-25,sram-26,16384,9017,9557,540,False,,,
6,36,remote_balanced,U1,second26/phase/1,sram-26,sram-27,16384,9017,9557,540,False,,,
6,36,remote_balanced,U1,second27/phase/1,sram-27,sram-28,16384,9017,9557,540,False,,,
6,36,remote_balanced,U1,second28/phase/1,sram-28,sram-29,16384,9017,9557,540,False,,,
6,36,remote_balanced,U1,second29/phase/1,sram-29,sram-30,16384,9017,9681,664,False,,,
6,36,remote_balanced,U1,second30/phase/1,sram-30,sram-31,16384,9017,9557,540,False,,,
6,36,remote_balanced,U1,second31/phase/1,sram-31,sram-32,16384,9017,9557,540,False,,,
6,36,remote_balanced,U1,second32/phase/1,sram-32,sram-33,16384,9017,9557,540,False,,,
6,36,remote_balanced,U1,second33/phase/1,sram-33,sram-34,16384,9017,9557,540,False,,,
6,36,remote_balanced,U1,second34/phase/1,sram-34,sram-35,16384,9017,9557,540,False,,,
6,36,remote_balanced,U1,second35/phase/1,sram-35,sram-0,16384,9017,9768,751,False,,,
6,36,remote_balanced,U1,second1/phase/3,sram-2,dram-20-1,16,9813,9825,12,False,,,
6,36,remote_balanced,U1,second2/phase/3,sram-3,dram-21-1,16,9813,9825,12,False,,,
6,36,remote_balanced,U1,second3/phase/3,sram-4,dram-22-1,16,9813,9825,12,False,,,
6,36,remote_balanced,U1,second4/phase/3,sram-5,dram-23-1,16,9813,9825,12,False,,,
6,36,remote_balanced,U1,second6/phase/3,sram-7,dram-25-1,16,9813,9825,12,False,,,
6,36,remote_balanced,U1,second7/phase/3,sram-8,dram-26-1,16,9813,9825,12,False,,,
6,36,remote_balanced,U1,second8/phase/3,sram-9,dram-27-1,16,9813,9825,12,False,,,
6,36,remote_balanced,U1,second9/phase/3,sram-10,dram-28-1,16,9813,9825,12,False,,,
6,36,remote_balanced,U1,second10/phase/3,sram-11,dram-29-1,16,9813,9825,12,False,,,
6,36,remote_balanced,U1,second12/phase/3,sram-13,dram-31-1,16,9813,9825,12,False,,,
6,36,remote_balanced,U1,second13/phase/3,sram-14,dram-32-1,16,9813,9825,12,False,,,
6,36,remote_balanced,U1,second14/phase/3,sram-15,dram-33-1,16,9813,9825,12,False,,,
6,36,remote_balanced,U1,second15/phase/3,sram-16,dram-34-1,16,9813,9825,12,False,,,
6,36,remote_balanced,U1,second16/phase/3,sram-17,dram-35-1,16,9813,9825,12,False,,,
6,36,remote_balanced,U1,second18/phase/3,sram-19,dram-1-1,16,9813,9825,12,False,,,
6,36,remote_balanced,U1,second19/phase/3,sram-20,dram-2-1,16,9813,9825,12,False,,,
6,36,remote_balanced,U1,second20/phase/3,sram-21,dram-3-1,16,9813,9825,12,False,,,
6,36,remote_balanced,U1,second21/phase/3,sram-22,dram-4-1,16,9813,9825,12,False,,,
6,36,remote_balanced,U1,second22/phase/3,sram-23,dram-5-1,16,9813,9825,12,False,,,
6,36,remote_balanced,U1,second24/phase/3,sram-25,dram-7-1,16,9813,9825,12,False,,,
6,36,remote_balanced,U1,second25/phase/3,sram-26,dram-8-1,16,9813,9825,12,False,,,
6,36,remote_balanced,U1,second26/phase/3,sram-27,dram-9-1,16,9813,9825,12,False,,,
6,36,remote_balanced,U1,second27/phase/3,sram-28,dram-10-1,16,9813,9825,12,False,,,
6,36,remote_balanced,U1,second28/phase/3,sram-29,dram-11-1,16,9813,9825,12,False,,,
6,36,remote_balanced,U1,second30/phase/3,sram-31,dram-13-1,16,9813,9825,12,False,,,
6,36,remote_balanced,U1,second31/phase/3,sram-32,dram-14-1,16,9813,9825,12,False,,,
6,36,remote_balanced,U1,second32/phase/3,sram-33,dram-15-1,16,9813,9825,12,False,,,
6,36,remote_balanced,U1,second33/phase/3,sram-34,dram-16-1,16,9813,9825,12,False,,,
6,36,remote_balanced,U1,second34/phase/3,sram-35,dram-17-1,16,9813,9825,12,False,,,
6,36,remote_balanced,U1,second5/phase/3,sram-6,dram-24-1,16,9923,9935,12,False,,,
6,36,remote_balanced,U1,second11/phase/3,sram-12,dram-30-1,16,9923,9935,12,False,,,
6,36,remote_balanced,U1,second17/phase/3,sram-18,dram-0-1,16,9923,9935,12,False,,,
6,36,remote_balanced,U1,second23/phase/3,sram-24,dram-6-1,16,9923,9935,12,False,,,
6,36,remote_balanced,U1,second29/phase/3,sram-30,dram-12-1,16,9937,9949,12,False,,,
6,36,remote_balanced,U1,second35/phase/3,sram-0,dram-18-1,16,10024,10036,12,False,,,
6,36,remote_balanced,U1,second0/phase/1,sram-0,sram-1,16384,10703,11242,539,True,,,
6,36,remote_balanced,U1,second0/phase/3,sram-1,dram-19-1,16,11498,11510,12,True,,,
6,36,remote_balanced,U1,second1/phase/7,dram-20-1,sram-2,65536,12931,13966,1035,False,,,
6,36,remote_balanced,U1,second2/phase/7,dram-21-1,sram-3,65536,12931,13966,1035,False,,,
6,36,remote_balanced,U1,second3/phase/7,dram-22-1,sram-4,65536,12931,13966,1035,False,,,
6,36,remote_balanced,U1,second4/phase/7,dram-23-1,sram-5,65536,12931,13966,1035,False,,,
6,36,remote_balanced,U1,second6/phase/7,dram-25-1,sram-7,65536,12931,13966,1035,False,,,
6,36,remote_balanced,U1,second7/phase/7,dram-26-1,sram-8,65536,12931,13966,1035,False,,,
6,36,remote_balanced,U1,second8/phase/7,dram-27-1,sram-9,65536,12931,13966,1035,False,,,
6,36,remote_balanced,U1,second9/phase/7,dram-28-1,sram-10,65536,12931,13966,1035,False,,,
6,36,remote_balanced,U1,second10/phase/7,dram-29-1,sram-11,65536,12931,13966,1035,False,,,
6,36,remote_balanced,U1,second12/phase/7,dram-31-1,sram-13,65536,12931,13966,1035,False,,,
6,36,remote_balanced,U1,second13/phase/7,dram-32-1,sram-14,65536,12931,13966,1035,False,,,
6,36,remote_balanced,U1,second14/phase/7,dram-33-1,sram-15,65536,12931,13966,1035,False,,,
6,36,remote_balanced,U1,second15/phase/7,dram-34-1,sram-16,65536,12931,13966,1035,False,,,
6,36,remote_balanced,U1,second16/phase/7,dram-35-1,sram-17,65536,12931,13966,1035,False,,,
6,36,remote_balanced,U1,second18/phase/7,dram-1-1,sram-19,65536,12931,13966,1035,False,,,
6,36,remote_balanced,U1,second19/phase/7,dram-2-1,sram-20,65536,12931,13966,1035,False,,,
6,36,remote_balanced,U1,second20/phase/7,dram-3-1,sram-21,65536,12931,13966,1035,False,,,
6,36,remote_balanced,U1,second21/phase/7,dram-4-1,sram-22,65536,12931,13966,1035,False,,,
6,36,remote_balanced,U1,second22/phase/7,dram-5-1,sram-23,65536,12931,13966,1035,False,,,
6,36,remote_balanced,U1,second24/phase/7,dram-7-1,sram-25,65536,12931,13966,1035,False,,,
6,36,remote_balanced,U1,second25/phase/7,dram-8-1,sram-26,65536,12931,13966,1035,False,,,
6,36,remote_balanced,U1,second26/phase/7,dram-9-1,sram-27,65536,12931,13966,1035,False,,,
6,36,remote_balanced,U1,second27/phase/7,dram-10-1,sram-28,65536,12931,13966,1035,False,,,
6,36,remote_balanced,U1,second28/phase/7,dram-11-1,sram-29,65536,12931,13966,1035,False,,,
6,36,remote_balanced,U1,second30/phase/7,dram-13-1,sram-31,65536,12931,13966,1035,False,,,
6,36,remote_balanced,U1,second31/phase/7,dram-14-1,sram-32,65536,12931,13966,1035,False,,,
6,36,remote_balanced,U1,second32/phase/7,dram-15-1,sram-33,65536,12931,13966,1035,False,,,
6,36,remote_balanced,U1,second33/phase/7,dram-16-1,sram-34,65536,12931,13966,1035,False,,,
6,36,remote_balanced,U1,second34/phase/7,dram-17-1,sram-35,65536,12931,13966,1035,False,,,
6,36,remote_balanced,U1,second5/phase/7,dram-24-1,sram-6,65536,13041,14076,1035,False,,,
6,36,remote_balanced,U1,second11/phase/7,dram-30-1,sram-12,65536,13041,14076,1035,False,,,
6,36,remote_balanced,U1,second17/phase/7,dram-0-1,sram-18,65536,13041,14076,1035,False,,,
6,36,remote_balanced,U1,second23/phase/7,dram-6-1,sram-24,65536,13041,14076,1035,False,,,
6,36,remote_balanced,U1,second29/phase/7,dram-12-1,sram-30,65536,13055,14090,1035,False,,,
6,36,remote_balanced,U1,second35/phase/7,dram-18-1,sram-0,65536,13142,14177,1035,False,,,
6,36,remote_balanced,U1,second0/phase/7,dram-19-1,sram-1,65536,14616,15651,1035,True,,,
6,36,remote_balanced,U1,second1/phase/13,sram-2,dram-20-0,16384,18830,19097,267,False,,,
6,36,remote_balanced,U1,second2/phase/13,sram-3,dram-21-0,16384,18830,19097,267,False,,,
6,36,remote_balanced,U1,second3/phase/13,sram-4,dram-22-0,16384,18830,19097,267,False,,,
6,36,remote_balanced,U1,second4/phase/13,sram-5,dram-23-0,16384,18830,19097,267,False,,,
6,36,remote_balanced,U1,second6/phase/13,sram-7,dram-25-0,16384,18830,19097,267,False,,,
6,36,remote_balanced,U1,second7/phase/13,sram-8,dram-26-0,16384,18830,19097,267,False,,,
6,36,remote_balanced,U1,second8/phase/13,sram-9,dram-27-0,16384,18830,19097,267,False,,,
6,36,remote_balanced,U1,second9/phase/13,sram-10,dram-28-0,16384,18830,19097,267,False,,,
6,36,remote_balanced,U1,second10/phase/13,sram-11,dram-29-0,16384,18830,19097,267,False,,,
6,36,remote_balanced,U1,second12/phase/13,sram-13,dram-31-0,16384,18830,19097,267,False,,,
6,36,remote_balanced,U1,second13/phase/13,sram-14,dram-32-0,16384,18830,19097,267,False,,,
6,36,remote_balanced,U1,second14/phase/13,sram-15,dram-33-0,16384,18830,19097,267,False,,,
6,36,remote_balanced,U1,second15/phase/13,sram-16,dram-34-0,16384,18830,19097,267,False,,,
6,36,remote_balanced,U1,second16/phase/13,sram-17,dram-35-0,16384,18830,19097,267,False,,,
6,36,remote_balanced,U1,second18/phase/13,sram-19,dram-1-0,16384,18830,19097,267,False,,,
6,36,remote_balanced,U1,second19/phase/13,sram-20,dram-2-0,16384,18830,19097,267,False,,,
6,36,remote_balanced,U1,second20/phase/13,sram-21,dram-3-0,16384,18830,19097,267,False,,,
6,36,remote_balanced,U1,second21/phase/13,sram-22,dram-4-0,16384,18830,19097,267,False,,,
6,36,remote_balanced,U1,second22/phase/13,sram-23,dram-5-0,16384,18830,19097,267,False,,,
6,36,remote_balanced,U1,second24/phase/13,sram-25,dram-7-0,16384,18830,19097,267,False,,,
6,36,remote_balanced,U1,second25/phase/13,sram-26,dram-8-0,16384,18830,19097,267,False,,,
6,36,remote_balanced,U1,second26/phase/13,sram-27,dram-9-0,16384,18830,19097,267,False,,,
6,36,remote_balanced,U1,second27/phase/13,sram-28,dram-10-0,16384,18830,19097,267,False,,,
6,36,remote_balanced,U1,second28/phase/13,sram-29,dram-11-0,16384,18830,19097,267,False,,,
6,36,remote_balanced,U1,second30/phase/13,sram-31,dram-13-0,16384,18830,19097,267,False,,,
6,36,remote_balanced,U1,second31/phase/13,sram-32,dram-14-0,16384,18830,19097,267,False,,,
6,36,remote_balanced,U1,second32/phase/13,sram-33,dram-15-0,16384,18830,19097,267,False,,,
6,36,remote_balanced,U1,second33/phase/13,sram-34,dram-16-0,16384,18830,19097,267,False,,,
6,36,remote_balanced,U1,second34/phase/13,sram-35,dram-17-0,16384,18830,19097,267,False,,,
6,36,remote_balanced,U1,second5/phase/13,sram-6,dram-24-0,16384,18940,19207,267,False,,,
6,36,remote_balanced,U1,second11/phase/13,sram-12,dram-30-0,16384,18940,19207,267,False,,,
6,36,remote_balanced,U1,second17/phase/13,sram-18,dram-0-0,16384,18940,19207,267,False,,,
6,36,remote_balanced,U1,second23/phase/13,sram-24,dram-6-0,16384,18940,19207,267,False,,,
6,36,remote_balanced,U1,second29/phase/13,sram-30,dram-12-0,16384,18954,19221,267,False,,,
6,36,remote_balanced,U1,second35/phase/13,sram-0,dram-18-0,16384,19041,19308,267,False,,,
6,36,remote_balanced,U1,second1/phase/16,dram-20-0,sram-2,16,19899,19911,12,False,,,
6,36,remote_balanced,U1,second2/phase/16,dram-21-0,sram-3,16,19899,19911,12,False,,,
6,36,remote_balanced,U1,second3/phase/16,dram-22-0,sram-4,16,19899,19911,12,False,,,
6,36,remote_balanced,U1,second4/phase/16,dram-23-0,sram-5,16,19899,19911,12,False,,,
6,36,remote_balanced,U1,second6/phase/16,dram-25-0,sram-7,16,19899,19911,12,False,,,
6,36,remote_balanced,U1,second7/phase/16,dram-26-0,sram-8,16,19899,19911,12,False,,,
6,36,remote_balanced,U1,second8/phase/16,dram-27-0,sram-9,16,19899,19911,12,False,,,
6,36,remote_balanced,U1,second9/phase/16,dram-28-0,sram-10,16,19899,19911,12,False,,,
6,36,remote_balanced,U1,second10/phase/16,dram-29-0,sram-11,16,19899,19911,12,False,,,
6,36,remote_balanced,U1,second12/phase/16,dram-31-0,sram-13,16,19899,19911,12,False,,,
6,36,remote_balanced,U1,second13/phase/16,dram-32-0,sram-14,16,19899,19911,12,False,,,
6,36,remote_balanced,U1,second14/phase/16,dram-33-0,sram-15,16,19899,19911,12,False,,,
6,36,remote_balanced,U1,second15/phase/16,dram-34-0,sram-16,16,19899,19911,12,False,,,
6,36,remote_balanced,U1,second16/phase/16,dram-35-0,sram-17,16,19899,19911,12,False,,,
6,36,remote_balanced,U1,second18/phase/16,dram-1-0,sram-19,16,19899,19911,12,False,,,
6,36,remote_balanced,U1,second19/phase/16,dram-2-0,sram-20,16,19899,19911,12,False,,,
6,36,remote_balanced,U1,second20/phase/16,dram-3-0,sram-21,16,19899,19911,12,False,,,
6,36,remote_balanced,U1,second21/phase/16,dram-4-0,sram-22,16,19899,19911,12,False,,,
6,36,remote_balanced,U1,second22/phase/16,dram-5-0,sram-23,16,19899,19911,12,False,,,
6,36,remote_balanced,U1,second24/phase/16,dram-7-0,sram-25,16,19899,19911,12,False,,,
6,36,remote_balanced,U1,second25/phase/16,dram-8-0,sram-26,16,19899,19911,12,False,,,
6,36,remote_balanced,U1,second26/phase/16,dram-9-0,sram-27,16,19899,19911,12,False,,,
6,36,remote_balanced,U1,second27/phase/16,dram-10-0,sram-28,16,19899,19911,12,False,,,
6,36,remote_balanced,U1,second28/phase/16,dram-11-0,sram-29,16,19899,19911,12,False,,,
6,36,remote_balanced,U1,second30/phase/16,dram-13-0,sram-31,16,19899,19911,12,False,,,
6,36,remote_balanced,U1,second31/phase/16,dram-14-0,sram-32,16,19899,19911,12,False,,,
6,36,remote_balanced,U1,second32/phase/16,dram-15-0,sram-33,16,19899,19911,12,False,,,
6,36,remote_balanced,U1,second33/phase/16,dram-16-0,sram-34,16,19899,19911,12,False,,,
6,36,remote_balanced,U1,second34/phase/16,dram-17-0,sram-35,16,19899,19911,12,False,,,
6,36,remote_balanced,U1,second5/phase/16,dram-24-0,sram-6,16,20009,20021,12,False,,,
6,36,remote_balanced,U1,second11/phase/16,dram-30-0,sram-12,16,20009,20021,12,False,,,
6,36,remote_balanced,U1,second17/phase/16,dram-0-0,sram-18,16,20009,20021,12,False,,,
6,36,remote_balanced,U1,second23/phase/16,dram-6-0,sram-24,16,20009,20021,12,False,,,
6,36,remote_balanced,U1,second29/phase/16,dram-12-0,sram-30,16,20023,20035,12,False,,,
6,36,remote_balanced,U1,second35/phase/16,dram-18-0,sram-0,16,20110,20122,12,False,,,
6,36,remote_balanced,U1,second0/phase/13,sram-1,dram-19-0,16384,20515,20782,267,True,,,
6,36,remote_balanced,U1,second0/phase/16,dram-19-0,sram-1,16,21584,21596,12,True,,,
6,36,remote_balanced,S,first0/phase/0,sram-0,host-memory,16,0,32,32,False,0,0,1.0
6,36,remote_balanced,S,first1/phase/0,sram-1,dram-19-0,16,0,76,76,False,0,0,4.0
6,36,remote_balanced,S,first2/phase/0,sram-2,dram-20-0,16,0,76,76,False,0,0,4.0
6,36,remote_balanced,S,first3/phase/0,sram-3,dram-21-0,16,0,76,76,False,0,0,4.0
6,36,remote_balanced,S,first4/phase/0,sram-4,dram-22-0,16,0,76,76,False,0,0,4.0
6,36,remote_balanced,S,first5/phase/0,sram-5,dram-23-0,16,0,76,76,False,0,0,4.0
6,36,remote_balanced,S,first6/phase/0,sram-6,dram-24-0,16,0,76,76,False,0,0,4.0
6,36,remote_balanced,S,first7/phase/0,sram-7,dram-25-0,16,0,76,76,False,0,0,4.0
6,36,remote_balanced,S,first8/phase/0,sram-8,dram-26-0,16,0,76,76,False,0,0,4.0
6,36,remote_balanced,S,first9/phase/0,sram-9,dram-27-0,16,0,76,76,False,0,0,4.0
6,36,remote_balanced,S,first10/phase/0,sram-10,dram-28-0,16,0,76,76,False,0,0,4.0
6,36,remote_balanced,S,first11/phase/0,sram-11,dram-29-0,16,0,76,76,False,0,0,4.0
6,36,remote_balanced,S,first12/phase/0,sram-12,dram-30-0,16,0,76,76,False,0,0,4.0
6,36,remote_balanced,S,first13/phase/0,sram-13,dram-31-0,16,0,76,76,False,0,0,4.0
6,36,remote_balanced,S,first14/phase/0,sram-14,dram-32-0,16,0,76,76,False,0,0,4.0
6,36,remote_balanced,S,first15/phase/0,sram-15,dram-33-0,16,0,76,76,False,0,0,4.0
6,36,remote_balanced,S,first16/phase/0,sram-16,dram-34-0,16,0,76,76,False,0,0,4.0
6,36,remote_balanced,S,first17/phase/0,sram-17,dram-35-0,16,0,76,76,True,0,0,4.0
6,36,remote_balanced,S,first18/phase/0,sram-18,dram-0-0,16,0,76,76,False,0,0,4.0
6,36,remote_balanced,S,first19/phase/0,sram-19,dram-1-0,16,0,76,76,False,0,0,4.0
6,36,remote_balanced,S,first20/phase/0,sram-20,dram-2-0,16,0,76,76,False,0,0,4.0
6,36,remote_balanced,S,first21/phase/0,sram-21,dram-3-0,16,0,76,76,False,0,0,4.0
6,36,remote_balanced,S,first22/phase/0,sram-22,dram-4-0,16,0,76,76,False,0,0,4.0
6,36,remote_balanced,S,first23/phase/0,sram-23,dram-5-0,16,0,76,76,False,0,0,4.0
6,36,remote_balanced,S,first24/phase/0,sram-24,dram-6-0,16,0,76,76,False,0,0,4.0
6,36,remote_balanced,S,first25/phase/0,sram-25,dram-7-0,16,0,76,76,False,0,0,4.0
6,36,remote_balanced,S,first26/phase/0,sram-26,dram-8-0,16,0,76,76,False,0,0,4.0
6,36,remote_balanced,S,first27/phase/0,sram-27,dram-9-0,16,0,76,76,False,0,0,4.0
6,36,remote_balanced,S,first28/phase/0,sram-28,dram-10-0,16,0,76,76,False,0,0,4.0
6,36,remote_balanced,S,first29/phase/0,sram-29,dram-11-0,16,0,76,76,False,0,0,4.0
6,36,remote_balanced,S,first30/phase/0,sram-30,dram-12-0,16,0,76,76,False,0,0,4.0
6,36,remote_balanced,S,first31/phase/0,sram-31,dram-13-0,16,0,76,76,False,0,0,4.0
6,36,remote_balanced,S,first32/phase/0,sram-32,dram-14-0,16,0,76,76,False,0,0,4.0
6,36,remote_balanced,S,first33/phase/0,sram-33,dram-15-0,16,0,76,76,False,0,0,4.0
6,36,remote_balanced,S,first34/phase/0,sram-34,dram-16-0,16,0,76,76,False,0,0,4.0
6,36,remote_balanced,S,first35/phase/0,sram-35,dram-17-0,16,0,76,76,False,0,0,4.0
6,36,remote_balanced,S,first0/phase/4,host-memory,sram-0,16384,888,1430,542,False,0,451,1.0
6,36,remote_balanced,S,first0/phase/6,sram-0,dram-18-0,16,1686,1762,76,False,0,0,4.0
6,36,remote_balanced,S,first18/phase/4,dram-0-0,sram-18,65536,3182,9358,6176,False,0,5762,4.0
6,36,remote_balanced,S,first19/phase/4,dram-1-0,sram-19,65536,3182,9359,6177,False,0,5762,4.0
6,36,remote_balanced,S,first20/phase/4,dram-2-0,sram-20,65536,3182,9359,6177,False,0,5762,4.0
6,36,remote_balanced,S,first21/phase/4,dram-3-0,sram-21,65536,3182,9359,6177,False,0,5762,4.0
6,36,remote_balanced,S,first22/phase/4,dram-4-0,sram-22,65536,3182,9359,6177,False,0,5762,4.0
6,36,remote_balanced,S,first23/phase/4,dram-5-0,sram-23,65536,3182,9359,6177,False,0,5762,4.0
6,36,remote_balanced,S,first24/phase/4,dram-6-0,sram-24,65536,3182,9357,6175,False,0,5830,4.0
6,36,remote_balanced,S,first25/phase/4,dram-7-0,sram-25,65536,3182,9358,6176,False,0,5830,4.0
6,36,remote_balanced,S,first26/phase/4,dram-8-0,sram-26,65536,3182,9358,6176,False,0,5830,4.0
6,36,remote_balanced,S,first27/phase/4,dram-9-0,sram-27,65536,3182,9358,6176,False,0,5830,4.0
6,36,remote_balanced,S,first28/phase/4,dram-10-0,sram-28,65536,3182,9358,6176,False,0,5830,4.0
6,36,remote_balanced,S,first29/phase/4,dram-11-0,sram-29,65536,3182,9358,6176,False,0,5830,4.0
6,36,remote_balanced,S,first30/phase/4,dram-12-0,sram-30,65536,3182,7330,4148,False,0,3828,4.0
6,36,remote_balanced,S,first31/phase/4,dram-13-0,sram-31,65536,3182,7331,4149,False,0,3828,4.0
6,36,remote_balanced,S,first32/phase/4,dram-14-0,sram-32,65536,3182,7331,4149,False,0,3828,4.0
6,36,remote_balanced,S,first33/phase/4,dram-15-0,sram-33,65536,3182,7331,4149,False,0,3828,4.0
6,36,remote_balanced,S,first34/phase/4,dram-16-0,sram-34,65536,3182,7331,4149,False,0,3828,4.0
6,36,remote_balanced,S,first35/phase/4,dram-17-0,sram-35,65536,3182,7331,4149,False,0,3828,4.0
6,36,remote_balanced,S,first1/phase/4,dram-19-0,sram-1,65536,3182,7331,4149,False,0,3828,4.0
6,36,remote_balanced,S,first2/phase/4,dram-20-0,sram-2,65536,3182,7331,4149,False,0,3828,4.0
6,36,remote_balanced,S,first3/phase/4,dram-21-0,sram-3,65536,3182,7331,4149,False,0,3828,4.0
6,36,remote_balanced,S,first4/phase/4,dram-22-0,sram-4,65536,3182,7331,4149,False,0,3828,4.0
6,36,remote_balanced,S,first5/phase/4,dram-23-0,sram-5,65536,3182,7331,4149,False,0,3828,4.0
6,36,remote_balanced,S,first6/phase/4,dram-24-0,sram-6,65536,3182,9378,6196,False,0,5851,4.0
6,36,remote_balanced,S,first7/phase/4,dram-25-0,sram-7,65536,3182,9358,6176,False,0,5830,4.0
6,36,remote_balanced,S,first8/phase/4,dram-26-0,sram-8,65536,3182,9358,6176,False,0,5830,4.0
6,36,remote_balanced,S,first9/phase/4,dram-27-0,sram-9,65536,3182,9358,6176,False,0,5830,4.0
6,36,remote_balanced,S,first10/phase/4,dram-28-0,sram-10,65536,3182,9358,6176,False,0,5830,4.0
6,36,remote_balanced,S,first11/phase/4,dram-29-0,sram-11,65536,3182,9358,6176,False,0,5830,4.0
6,36,remote_balanced,S,first12/phase/4,dram-30-0,sram-12,65536,3182,9379,6197,False,0,5737,4.0
6,36,remote_balanced,S,first13/phase/4,dram-31-0,sram-13,65536,3182,9359,6177,False,0,5762,4.0
6,36,remote_balanced,S,first14/phase/4,dram-32-0,sram-14,65536,3182,9359,6177,False,0,5762,4.0
6,36,remote_balanced,S,first15/phase/4,dram-33-0,sram-15,65536,3182,9359,6177,False,0,5762,4.0
6,36,remote_balanced,S,first16/phase/4,dram-34-0,sram-16,65536,3182,9359,6177,False,0,5762,4.0
6,36,remote_balanced,S,first17/phase/4,dram-35-0,sram-17,65536,3182,9359,6177,True,0,5762,4.0
6,36,remote_balanced,S,first0/phase/10,dram-18-0,sram-0,65536,4868,9039,4171,False,0,3849,4.0
6,36,remote_balanced,S,second30/phase/1,sram-30,sram-31,16384,12194,12733,539,False,0,451,1.0
6,36,remote_balanced,S,second1/phase/1,sram-1,sram-2,16384,12195,12735,540,False,0,451,1.0
6,36,remote_balanced,S,second2/phase/1,sram-2,sram-3,16384,12195,12735,540,False,0,451,1.0
6,36,remote_balanced,S,second3/phase/1,sram-3,sram-4,16384,12195,12735,540,False,0,451,1.0
6,36,remote_balanced,S,second4/phase/1,sram-4,sram-5,16384,12195,12735,540,False,0,451,1.0
6,36,remote_balanced,S,second5/phase/1,sram-5,sram-6,16384,12195,12839,644,False,0,451,6.0
6,36,remote_balanced,S,second31/phase/1,sram-31,sram-32,16384,12195,12735,540,False,0,451,1.0
6,36,remote_balanced,S,second32/phase/1,sram-32,sram-33,16384,12195,12735,540,False,0,451,1.0
6,36,remote_balanced,S,second33/phase/1,sram-33,sram-34,16384,12195,12735,540,False,0,451,1.0
6,36,remote_balanced,S,second34/phase/1,sram-34,sram-35,16384,12195,12735,540,False,0,451,1.0
6,36,remote_balanced,S,second35/phase/1,sram-35,sram-0,16384,12195,12928,733,False,0,451,10.0
6,36,remote_balanced,S,second30/phase/3,sram-31,dram-13-1,16,12989,13065,76,False,0,0,4.0
6,36,remote_balanced,S,second1/phase/3,sram-2,dram-20-1,16,12991,13067,76,False,0,0,4.0
6,36,remote_balanced,S,second2/phase/3,sram-3,dram-21-1,16,12991,13067,76,False,0,0,4.0
6,36,remote_balanced,S,second3/phase/3,sram-4,dram-22-1,16,12991,13067,76,False,0,0,4.0
6,36,remote_balanced,S,second4/phase/3,sram-5,dram-23-1,16,12991,13067,76,False,0,0,4.0
6,36,remote_balanced,S,second31/phase/3,sram-32,dram-14-1,16,12991,13067,76,False,0,0,4.0
6,36,remote_balanced,S,second32/phase/3,sram-33,dram-15-1,16,12991,13067,76,False,0,0,4.0
6,36,remote_balanced,S,second33/phase/3,sram-34,dram-16-1,16,12991,13067,76,False,0,0,4.0
6,36,remote_balanced,S,second34/phase/3,sram-35,dram-17-1,16,12991,13067,76,False,0,0,4.0
6,36,remote_balanced,S,second5/phase/3,sram-6,dram-24-1,16,13095,13171,76,False,0,0,4.0
6,36,remote_balanced,S,second35/phase/3,sram-0,dram-18-1,16,13184,13260,76,False,0,0,4.0
6,36,remote_balanced,S,second0/phase/1,sram-0,sram-1,16384,13903,14442,539,False,0,451,1.0
6,36,remote_balanced,S,second24/phase/1,sram-24,sram-25,16384,14221,14760,539,False,0,451,1.0
6,36,remote_balanced,S,second7/phase/1,sram-7,sram-8,16384,14222,14762,540,False,0,451,1.0
6,36,remote_balanced,S,second8/phase/1,sram-8,sram-9,16384,14222,14762,540,False,0,451,1.0
6,36,remote_balanced,S,second9/phase/1,sram-9,sram-10,16384,14222,14762,540,False,0,451,1.0
6,36,remote_balanced,S,second10/phase/1,sram-10,sram-11,16384,14222,14762,540,False,0,451,1.0
6,36,remote_balanced,S,second11/phase/1,sram-11,sram-12,16384,14222,14871,649,False,0,451,6.0
6,36,remote_balanced,S,second18/phase/1,sram-18,sram-19,16384,14222,14761,539,False,0,451,1.0
6,36,remote_balanced,S,second25/phase/1,sram-25,sram-26,16384,14222,14762,540,False,0,451,1.0
6,36,remote_balanced,S,second26/phase/1,sram-26,sram-27,16384,14222,14762,540,False,0,451,1.0
6,36,remote_balanced,S,second27/phase/1,sram-27,sram-28,16384,14222,14762,540,False,0,451,1.0
6,36,remote_balanced,S,second28/phase/1,sram-28,sram-29,16384,14222,14762,540,False,0,451,1.0
6,36,remote_balanced,S,second29/phase/1,sram-29,sram-30,16384,14222,14866,644,False,0,451,6.0
6,36,remote_balanced,S,second13/phase/1,sram-13,sram-14,16384,14223,14763,540,False,0,451,1.0
6,36,remote_balanced,S,second14/phase/1,sram-14,sram-15,16384,14223,14763,540,False,0,451,1.0
6,36,remote_balanced,S,second15/phase/1,sram-15,sram-16,16384,14223,14763,540,False,0,451,1.0
6,36,remote_balanced,S,second16/phase/1,sram-16,sram-17,16384,14223,14763,540,False,0,451,1.0
6,36,remote_balanced,S,second17/phase/1,sram-17,sram-18,16384,14223,14872,649,True,0,451,6.0
6,36,remote_balanced,S,second19/phase/1,sram-19,sram-20,16384,14223,14763,540,False,0,451,1.0
6,36,remote_balanced,S,second20/phase/1,sram-20,sram-21,16384,14223,14763,540,False,0,451,1.0
6,36,remote_balanced,S,second21/phase/1,sram-21,sram-22,16384,14223,14763,540,False,0,451,1.0
6,36,remote_balanced,S,second22/phase/1,sram-22,sram-23,16384,14223,14763,540,False,0,451,1.0
6,36,remote_balanced,S,second23/phase/1,sram-23,sram-24,16384,14223,14871,648,False,0,451,6.0
6,36,remote_balanced,S,second6/phase/1,sram-6,sram-7,16384,14242,14782,540,False,0,451,1.0
6,36,remote_balanced,S,second12/phase/1,sram-12,sram-13,16384,14243,14783,540,False,0,451,1.0
6,36,remote_balanced,S,second0/phase/3,sram-1,dram-19-1,16,14698,14776,78,False,0,0,4.0
6,36,remote_balanced,S,second24/phase/3,sram-25,dram-7-1,16,15016,15092,76,False,0,0,4.0
6,36,remote_balanced,S,second18/phase/3,sram-19,dram-1-1,16,15017,15093,76,False,0,0,4.0
6,36,remote_balanced,S,second7/phase/3,sram-8,dram-26-1,16,15018,15094,76,False,0,0,4.0
6,36,remote_balanced,S,second8/phase/3,sram-9,dram-27-1,16,15018,15094,76,False,0,0,4.0
6,36,remote_balanced,S,second9/phase/3,sram-10,dram-28-1,16,15018,15094,76,False,0,0,4.0
6,36,remote_balanced,S,second10/phase/3,sram-11,dram-29-1,16,15018,15094,76,False,0,0,4.0
6,36,remote_balanced,S,second25/phase/3,sram-26,dram-8-1,16,15018,15094,76,False,0,0,4.0
6,36,remote_balanced,S,second26/phase/3,sram-27,dram-9-1,16,15018,15094,76,False,0,0,4.0
6,36,remote_balanced,S,second27/phase/3,sram-28,dram-10-1,16,15018,15094,76,False,0,0,4.0
6,36,remote_balanced,S,second28/phase/3,sram-29,dram-11-1,16,15018,15094,76,False,0,0,4.0
6,36,remote_balanced,S,second13/phase/3,sram-14,dram-32-1,16,15019,15096,77,False,0,0,4.0
6,36,remote_balanced,S,second14/phase/3,sram-15,dram-33-1,16,15019,15096,77,False,0,0,4.0
6,36,remote_balanced,S,second15/phase/3,sram-16,dram-34-1,16,15019,15096,77,False,0,0,4.0
6,36,remote_balanced,S,second16/phase/3,sram-17,dram-35-1,16,15019,15096,77,False,0,0,4.0
6,36,remote_balanced,S,second19/phase/3,sram-20,dram-2-1,16,15019,15096,77,False,0,0,4.0
6,36,remote_balanced,S,second20/phase/3,sram-21,dram-3-1,16,15019,15096,77,False,0,0,4.0
6,36,remote_balanced,S,second21/phase/3,sram-22,dram-4-1,16,15019,15096,77,False,0,0,4.0
6,36,remote_balanced,S,second22/phase/3,sram-23,dram-5-1,16,15019,15096,77,False,0,0,4.0
6,36,remote_balanced,S,second6/phase/3,sram-7,dram-25-1,16,15038,15115,77,False,0,0,4.0
6,36,remote_balanced,S,second12/phase/3,sram-13,dram-31-1,16,15039,15116,77,False,0,0,4.0
6,36,remote_balanced,S,second29/phase/3,sram-30,dram-12-1,16,15122,15198,76,False,0,0,4.0
6,36,remote_balanced,S,second11/phase/3,sram-12,dram-30-1,16,15127,15203,76,False,0,0,4.0
6,36,remote_balanced,S,second23/phase/3,sram-24,dram-6-1,16,15127,15203,76,False,0,0,4.0
6,36,remote_balanced,S,second17/phase/3,sram-18,dram-0-1,16,15128,15204,76,True,0,0,4.0
6,36,remote_balanced,S,second30/phase/7,dram-13-1,sram-31,65536,16171,18293,2122,False,0,1987,4.0
6,36,remote_balanced,S,second31/phase/7,dram-14-1,sram-32,65536,16173,18296,2123,False,0,1987,4.0
6,36,remote_balanced,S,second32/phase/7,dram-15-1,sram-33,65536,16173,18296,2123,False,0,1987,4.0
6,36,remote_balanced,S,second33/phase/7,dram-16-1,sram-34,65536,16173,18296,2123,False,0,1987,4.0
6,36,remote_balanced,S,second34/phase/7,dram-17-1,sram-35,65536,16173,18296,2123,False,0,1987,4.0
6,36,remote_balanced,S,second1/phase/7,dram-20-1,sram-2,65536,16173,18296,2123,False,0,1987,4.0
6,36,remote_balanced,S,second2/phase/7,dram-21-1,sram-3,65536,16173,18296,2123,False,0,1987,4.0
6,36,remote_balanced,S,second3/phase/7,dram-22-1,sram-4,65536,16173,18296,2123,False,0,1987,4.0
6,36,remote_balanced,S,second4/phase/7,dram-23-1,sram-5,65536,16173,18296,2123,False,0,1987,4.0
6,36,remote_balanced,S,second5/phase/7,dram-24-1,sram-6,65536,16277,21389,5112,False,0,4767,4.0
6,36,remote_balanced,S,second35/phase/7,dram-18-1,sram-0,65536,16366,20535,4169,False,0,3848,4.0
6,36,remote_balanced,S,second0/phase/7,dram-19-1,sram-1,65536,17882,21693,3811,False,0,3490,4.0
6,36,remote_balanced,S,second24/phase/7,dram-7-1,sram-25,65536,18198,22347,4149,False,0,3828,4.0
6,36,remote_balanced,S,second18/phase/7,dram-1-1,sram-19,65536,18199,22347,4148,False,0,3759,4.0
6,36,remote_balanced,S,second25/phase/7,dram-8-1,sram-26,65536,18200,22347,4147,False,0,3826,4.0
6,36,remote_balanced,S,second26/phase/7,dram-9-1,sram-27,65536,18200,22347,4147,False,0,3826,4.0
6,36,remote_balanced,S,second27/phase/7,dram-10-1,sram-28,65536,18200,22347,4147,False,0,3826,4.0
6,36,remote_balanced,S,second28/phase/7,dram-11-1,sram-29,65536,18200,22347,4147,False,0,3826,4.0
6,36,remote_balanced,S,second7/phase/7,dram-26-1,sram-8,65536,18200,22347,4147,False,0,3826,4.0
6,36,remote_balanced,S,second8/phase/7,dram-27-1,sram-9,65536,18200,22347,4147,False,0,3826,4.0
6,36,remote_balanced,S,second9/phase/7,dram-28-1,sram-10,65536,18200,22347,4147,False,0,3826,4.0
6,36,remote_balanced,S,second10/phase/7,dram-29-1,sram-11,65536,18200,22347,4147,False,0,3826,4.0
6,36,remote_balanced,S,second19/phase/7,dram-2-1,sram-20,65536,18202,22350,4148,False,0,3760,4.0
6,36,remote_balanced,S,second20/phase/7,dram-3-1,sram-21,65536,18202,22350,4148,False,0,3760,4.0
6,36,remote_balanced,S,second21/phase/7,dram-4-1,sram-22,65536,18202,22350,4148,False,0,3760,4.0
6,36,remote_balanced,S,second22/phase/7,dram-5-1,sram-23,65536,18202,22350,4148,False,0,3760,4.0
6,36,remote_balanced,S,second13/phase/7,dram-32-1,sram-14,65536,18202,22350,4148,False,0,3760,4.0
6,36,remote_balanced,S,second14/phase/7,dram-33-1,sram-15,65536,18202,22350,4148,False,0,3760,4.0
6,36,remote_balanced,S,second15/phase/7,dram-34-1,sram-16,65536,18202,22350,4148,False,0,3760,4.0
6,36,remote_balanced,S,second16/phase/7,dram-35-1,sram-17,65536,18202,22350,4148,False,0,3760,4.0
6,36,remote_balanced,S,second6/phase/7,dram-25-1,sram-7,65536,18221,24057,5836,False,0,5491,4.0
6,36,remote_balanced,S,second12/phase/7,dram-31-1,sram-13,65536,18222,24426,6204,False,0,5834,4.0
6,36,remote_balanced,S,second29/phase/7,dram-12-1,sram-30,65536,18304,22447,4143,False,0,3822,4.0
6,36,remote_balanced,S,second23/phase/7,dram-6-1,sram-24,65536,18309,24478,6169,False,0,5823,4.0
6,36,remote_balanced,S,second11/phase/7,dram-30-1,sram-12,65536,18309,22474,4165,False,0,3923,4.0
6,36,remote_balanced,S,second17/phase/7,dram-0-1,sram-18,65536,18310,24481,6171,True,0,5758,4.0
6,36,remote_balanced,S,second30/phase/13,sram-31,dram-13-0,16384,23157,24575,1418,False,0,1233,4.0
6,36,remote_balanced,S,second1/phase/13,sram-2,dram-20-0,16384,23160,23747,587,False,0,451,4.0
6,36,remote_balanced,S,second2/phase/13,sram-3,dram-21-0,16384,23160,23747,587,False,0,451,4.0
6,36,remote_balanced,S,second3/phase/13,sram-4,dram-22-0,16384,23160,23747,587,False,0,451,4.0
6,36,remote_balanced,S,second4/phase/13,sram-5,dram-23-0,16384,23160,23747,587,False,0,451,4.0
6,36,remote_balanced,S,second31/phase/13,sram-32,dram-14-0,16384,23160,23747,587,False,0,451,4.0
6,36,remote_balanced,S,second32/phase/13,sram-33,dram-15-0,16384,23160,23747,587,False,0,451,4.0
6,36,remote_balanced,S,second33/phase/13,sram-34,dram-16-0,16384,23160,23747,587,False,0,451,4.0
6,36,remote_balanced,S,second34/phase/13,sram-35,dram-17-0,16384,23160,23747,587,False,0,451,4.0
6,36,remote_balanced,S,second31/phase/16,dram-14-0,sram-32,16,24549,24625,76,False,0,0,4.0
6,36,remote_balanced,S,second32/phase/16,dram-15-0,sram-33,16,24549,24625,76,False,0,0,4.0
6,36,remote_balanced,S,second33/phase/16,dram-16-0,sram-34,16,24549,24625,76,False,0,0,4.0
6,36,remote_balanced,S,second34/phase/16,dram-17-0,sram-35,16,24549,24625,76,False,0,0,4.0
6,36,remote_balanced,S,second1/phase/16,dram-20-0,sram-2,16,24549,24625,76,False,0,0,4.0
6,36,remote_balanced,S,second2/phase/16,dram-21-0,sram-3,16,24549,24625,76,False,0,0,4.0
6,36,remote_balanced,S,second3/phase/16,dram-22-0,sram-4,16,24549,24625,76,False,0,0,4.0
6,36,remote_balanced,S,second4/phase/16,dram-23-0,sram-5,16,24549,24625,76,False,0,0,4.0
6,36,remote_balanced,S,second30/phase/16,dram-13-0,sram-31,16,25377,25453,76,False,0,0,4.0
6,36,remote_balanced,S,second35/phase/13,sram-0,dram-18-0,16384,25399,25985,586,False,0,451,4.0
6,36,remote_balanced,S,second5/phase/13,sram-6,dram-24-0,16384,26253,26839,586,False,0,451,4.0
6,36,remote_balanced,S,second0/phase/13,sram-1,dram-19-0,16384,26557,27143,586,False,0,451,4.0
6,36,remote_balanced,S,second35/phase/16,dram-18-0,sram-0,16,26787,26864,77,False,0,0,4.0
6,36,remote_balanced,S,second7/phase/13,sram-8,dram-26-0,16384,27211,28292,1081,False,0,808,4.0
6,36,remote_balanced,S,second8/phase/13,sram-9,dram-27-0,16384,27211,28292,1081,False,0,808,4.0
6,36,remote_balanced,S,second9/phase/13,sram-10,dram-28-0,16384,27211,28292,1081,False,0,808,4.0
6,36,remote_balanced,S,second10/phase/13,sram-11,dram-29-0,16384,27211,28292,1081,False,0,808,4.0
6,36,remote_balanced,S,second18/phase/13,sram-19,dram-1-0,16384,27211,28289,1078,False,0,879,4.0
6,36,remote_balanced,S,second24/phase/13,sram-25,dram-7-0,16384,27211,28290,1079,False,0,811,4.0
6,36,remote_balanced,S,second25/phase/13,sram-26,dram-8-0,16384,27211,28292,1081,False,0,808,4.0
6,36,remote_balanced,S,second26/phase/13,sram-27,dram-9-0,16384,27211,28292,1081,False,0,808,4.0
6,36,remote_balanced,S,second27/phase/13,sram-28,dram-10-0,16384,27211,28292,1081,False,0,808,4.0
6,36,remote_balanced,S,second28/phase/13,sram-29,dram-11-0,16384,27211,28292,1081,False,0,808,4.0
6,36,remote_balanced,S,second13/phase/13,sram-14,dram-32-0,16384,27214,28295,1081,False,0,881,4.0
6,36,remote_balanced,S,second14/phase/13,sram-15,dram-33-0,16384,27214,28295,1081,False,0,881,4.0
6,36,remote_balanced,S,second15/phase/13,sram-16,dram-34-0,16384,27214,28295,1081,False,0,881,4.0
6,36,remote_balanced,S,second16/phase/13,sram-17,dram-35-0,16384,27214,28295,1081,False,0,881,4.0
6,36,remote_balanced,S,second19/phase/13,sram-20,dram-2-0,16384,27214,28295,1081,False,0,881,4.0
6,36,remote_balanced,S,second20/phase/13,sram-21,dram-3-0,16384,27214,28295,1081,False,0,881,4.0
6,36,remote_balanced,S,second21/phase/13,sram-22,dram-4-0,16384,27214,28295,1081,False,0,881,4.0
6,36,remote_balanced,S,second22/phase/13,sram-23,dram-5-0,16384,27214,28295,1081,False,0,881,4.0
6,36,remote_balanced,S,second29/phase/13,sram-30,dram-12-0,16384,27311,27899,588,False,0,451,4.0
6,36,remote_balanced,S,second11/phase/13,sram-12,dram-30-0,16384,27338,27924,586,False,0,451,4.0
6,36,remote_balanced,S,second5/phase/16,dram-24-0,sram-6,16,27641,27717,76,False,0,0,4.0
6,36,remote_balanced,S,second0/phase/16,dram-19-0,sram-1,16,27945,28024,79,False,0,0,4.0
6,36,remote_balanced,S,second29/phase/16,dram-12-0,sram-30,16,28701,28777,76,False,0,0,4.0
6,36,remote_balanced,S,second11/phase/16,dram-30-0,sram-12,16,28726,28802,76,False,0,0,4.0
6,36,remote_balanced,S,second6/phase/13,sram-7,dram-25-0,16384,28921,29679,758,False,0,470,4.0
6,36,remote_balanced,S,second18/phase/16,dram-1-0,sram-19,16,29091,29167,76,False,0,0,4.0
6,36,remote_balanced,S,second24/phase/16,dram-7-0,sram-25,16,29092,29168,76,False,0,0,4.0
6,36,remote_balanced,S,second25/phase/16,dram-8-0,sram-26,16,29094,29170,76,False,0,0,4.0
6,36,remote_balanced,S,second26/phase/16,dram-9-0,sram-27,16,29094,29170,76,False,0,0,4.0
6,36,remote_balanced,S,second27/phase/16,dram-10-0,sram-28,16,29094,29170,76,False,0,0,4.0
6,36,remote_balanced,S,second28/phase/16,dram-11-0,sram-29,16,29094,29170,76,False,0,0,4.0
6,36,remote_balanced,S,second7/phase/16,dram-26-0,sram-8,16,29094,29170,76,False,0,0,4.0
6,36,remote_balanced,S,second8/phase/16,dram-27-0,sram-9,16,29094,29170,76,False,0,0,4.0
6,36,remote_balanced,S,second9/phase/16,dram-28-0,sram-10,16,29094,29170,76,False,0,0,4.0
6,36,remote_balanced,S,second10/phase/16,dram-29-0,sram-11,16,29094,29170,76,False,0,0,4.0
6,36,remote_balanced,S,second19/phase/16,dram-2-0,sram-20,16,29097,29173,76,False,0,0,4.0
6,36,remote_balanced,S,second20/phase/16,dram-3-0,sram-21,16,29097,29173,76,False,0,0,4.0
6,36,remote_balanced,S,second21/phase/16,dram-4-0,sram-22,16,29097,29173,76,False,0,0,4.0
6,36,remote_balanced,S,second22/phase/16,dram-5-0,sram-23,16,29097,29173,76,False,0,0,4.0
6,36,remote_balanced,S,second13/phase/16,dram-32-0,sram-14,16,29097,29173,76,False,0,0,4.0
6,36,remote_balanced,S,second14/phase/16,dram-33-0,sram-15,16,29097,29173,76,False,0,0,4.0
6,36,remote_balanced,S,second15/phase/16,dram-34-0,sram-16,16,29097,29173,76,False,0,0,4.0
6,36,remote_balanced,S,second16/phase/16,dram-35-0,sram-17,16,29097,29173,76,False,0,0,4.0
6,36,remote_balanced,S,second12/phase/13,sram-13,dram-31-0,16384,29290,30044,754,False,0,619,4.0
6,36,remote_balanced,S,second23/phase/13,sram-24,dram-6-0,16384,29342,30422,1080,False,0,808,4.0
6,36,remote_balanced,S,second17/phase/13,sram-18,dram-0-0,16384,29345,30425,1080,True,0,881,4.0
6,36,remote_balanced,S,second6/phase/16,dram-25-0,sram-7,16,30481,30557,76,False,0,0,4.0
6,36,remote_balanced,S,second12/phase/16,dram-31-0,sram-13,16,30846,30922,76,False,0,0,4.0
6,36,remote_balanced,S,second23/phase/16,dram-6-0,sram-24,16,31224,31300,76,False,0,0,4.0
6,36,remote_balanced,S,second17/phase/16,dram-0-0,sram-18,16,31227,31303,76,True,0,0,4.0
7,49,local,U0,first0/phase/0,sram-0,host-memory,16,0,32,32,True,,,
7,49,local,U0,first1/phase/0,sram-1,dram-1-0,16,0,12,12,False,,,
7,49,local,U0,first2/phase/0,sram-2,dram-2-0,16,0,12,12,False,,,
7,49,local,U0,first3/phase/0,sram-3,dram-3-0,16,0,12,12,False,,,
7,49,local,U0,first4/phase/0,sram-4,dram-4-0,16,0,12,12,False,,,
7,49,local,U0,first5/phase/0,sram-5,dram-5-0,16,0,12,12,False,,,
7,49,local,U0,first6/phase/0,sram-6,dram-6-0,16,0,12,12,False,,,
7,49,local,U0,first7/phase/0,sram-7,dram-7-0,16,0,12,12,False,,,
7,49,local,U0,first8/phase/0,sram-8,dram-8-0,16,0,12,12,False,,,
7,49,local,U0,first9/phase/0,sram-9,dram-9-0,16,0,12,12,False,,,
7,49,local,U0,first10/phase/0,sram-10,dram-10-0,16,0,12,12,False,,,
7,49,local,U0,first11/phase/0,sram-11,dram-11-0,16,0,12,12,False,,,
7,49,local,U0,first12/phase/0,sram-12,dram-12-0,16,0,12,12,False,,,
7,49,local,U0,first13/phase/0,sram-13,dram-13-0,16,0,12,12,False,,,
7,49,local,U0,first14/phase/0,sram-14,dram-14-0,16,0,12,12,False,,,
7,49,local,U0,first15/phase/0,sram-15,dram-15-0,16,0,12,12,False,,,
7,49,local,U0,first16/phase/0,sram-16,dram-16-0,16,0,12,12,False,,,
7,49,local,U0,first17/phase/0,sram-17,dram-17-0,16,0,12,12,False,,,
7,49,local,U0,first18/phase/0,sram-18,dram-18-0,16,0,12,12,False,,,
7,49,local,U0,first19/phase/0,sram-19,dram-19-0,16,0,12,12,False,,,
7,49,local,U0,first20/phase/0,sram-20,dram-20-0,16,0,12,12,False,,,
7,49,local,U0,first21/phase/0,sram-21,dram-21-0,16,0,12,12,False,,,
7,49,local,U0,first22/phase/0,sram-22,dram-22-0,16,0,12,12,False,,,
7,49,local,U0,first23/phase/0,sram-23,dram-23-0,16,0,12,12,False,,,
7,49,local,U0,first24/phase/0,sram-24,dram-24-0,16,0,12,12,False,,,
7,49,local,U0,first25/phase/0,sram-25,dram-25-0,16,0,12,12,False,,,
7,49,local,U0,first26/phase/0,sram-26,dram-26-0,16,0,12,12,False,,,
7,49,local,U0,first27/phase/0,sram-27,dram-27-0,16,0,12,12,False,,,
7,49,local,U0,first28/phase/0,sram-28,dram-28-0,16,0,12,12,False,,,
7,49,local,U0,first29/phase/0,sram-29,dram-29-0,16,0,12,12,False,,,
7,49,local,U0,first30/phase/0,sram-30,dram-30-0,16,0,12,12,False,,,
7,49,local,U0,first31/phase/0,sram-31,dram-31-0,16,0,12,12,False,,,
7,49,local,U0,first32/phase/0,sram-32,dram-32-0,16,0,12,12,False,,,
7,49,local,U0,first33/phase/0,sram-33,dram-33-0,16,0,12,12,False,,,
7,49,local,U0,first34/phase/0,sram-34,dram-34-0,16,0,12,12,False,,,
7,49,local,U0,first35/phase/0,sram-35,dram-35-0,16,0,12,12,False,,,
7,49,local,U0,first36/phase/0,sram-36,dram-36-0,16,0,12,12,False,,,
7,49,local,U0,first37/phase/0,sram-37,dram-37-0,16,0,12,12,False,,,
7,49,local,U0,first38/phase/0,sram-38,dram-38-0,16,0,12,12,False,,,
7,49,local,U0,first39/phase/0,sram-39,dram-39-0,16,0,12,12,False,,,
7,49,local,U0,first40/phase/0,sram-40,dram-40-0,16,0,12,12,False,,,
7,49,local,U0,first41/phase/0,sram-41,dram-41-0,16,0,12,12,False,,,
7,49,local,U0,first42/phase/0,sram-42,dram-42-0,16,0,12,12,False,,,
7,49,local,U0,first43/phase/0,sram-43,dram-43-0,16,0,12,12,False,,,
7,49,local,U0,first44/phase/0,sram-44,dram-44-0,16,0,12,12,False,,,
7,49,local,U0,first45/phase/0,sram-45,dram-45-0,16,0,12,12,False,,,
7,49,local,U0,first46/phase/0,sram-46,dram-46-0,16,0,12,12,False,,,
7,49,local,U0,first47/phase/0,sram-47,dram-47-0,16,0,12,12,False,,,
7,49,local,U0,first48/phase/0,sram-48,dram-48-0,16,0,12,12,False,,,
7,49,local,U0,first1/phase/4,dram-1-0,sram-1,65536,85,1120,1035,False,,,
7,49,local,U0,first2/phase/4,dram-2-0,sram-2,65536,106,1141,1035,False,,,
7,49,local,U0,first3/phase/4,dram-3-0,sram-3,65536,127,1162,1035,False,,,
7,49,local,U0,first4/phase/4,dram-4-0,sram-4,65536,148,1183,1035,False,,,
7,49,local,U0,first5/phase/4,dram-5-0,sram-5,65536,169,1204,1035,False,,,
7,49,local,U0,first6/phase/4,dram-6-0,sram-6,65536,190,1225,1035,False,,,
7,49,local,U0,first7/phase/4,dram-7-0,sram-7,65536,211,1246,1035,False,,,
7,49,local,U0,first8/phase/4,dram-8-0,sram-8,65536,232,1267,1035,False,,,
7,49,local,U0,first9/phase/4,dram-9-0,sram-9,65536,253,1288,1035,False,,,
7,49,local,U0,first10/phase/4,dram-10-0,sram-10,65536,274,1309,1035,False,,,
7,49,local,U0,first11/phase/4,dram-11-0,sram-11,65536,295,1330,1035,False,,,
7,49,local,U0,first12/phase/4,dram-12-0,sram-12,65536,316,1351,1035,False,,,
7,49,local,U0,first13/phase/4,dram-13-0,sram-13,65536,337,1372,1035,False,,,
7,49,local,U0,first14/phase/4,dram-14-0,sram-14,65536,358,1393,1035,False,,,
7,49,local,U0,first15/phase/4,dram-15-0,sram-15,65536,379,1414,1035,False,,,
7,49,local,U0,first16/phase/4,dram-16-0,sram-16,65536,400,1435,1035,False,,,
7,49,local,U0,first17/phase/4,dram-17-0,sram-17,65536,421,1456,1035,False,,,
7,49,local,U0,first18/phase/4,dram-18-0,sram-18,65536,442,1477,1035,False,,,
7,49,local,U0,first19/phase/4,dram-19-0,sram-19,65536,463,1498,1035,False,,,
7,49,local,U0,first20/phase/4,dram-20-0,sram-20,65536,484,1519,1035,False,,,
7,49,local,U0,first21/phase/4,dram-21-0,sram-21,65536,505,1540,1035,False,,,
7,49,local,U0,first22/phase/4,dram-22-0,sram-22,65536,526,1561,1035,False,,,
7,49,local,U0,first23/phase/4,dram-23-0,sram-23,65536,547,1582,1035,False,,,
7,49,local,U0,first24/phase/4,dram-24-0,sram-24,65536,568,1603,1035,False,,,
7,49,local,U0,first25/phase/4,dram-25-0,sram-25,65536,589,1624,1035,False,,,
7,49,local,U0,first26/phase/4,dram-26-0,sram-26,65536,610,1645,1035,False,,,
7,49,local,U0,first27/phase/4,dram-27-0,sram-27,65536,631,1666,1035,False,,,
7,49,local,U0,first28/phase/4,dram-28-0,sram-28,65536,652,1687,1035,False,,,
7,49,local,U0,first29/phase/4,dram-29-0,sram-29,65536,673,1708,1035,False,,,
7,49,local,U0,first30/phase/4,dram-30-0,sram-30,65536,694,1729,1035,False,,,
7,49,local,U0,first31/phase/4,dram-31-0,sram-31,65536,715,1750,1035,False,,,
7,49,local,U0,first32/phase/4,dram-32-0,sram-32,65536,736,1771,1035,False,,,
7,49,local,U0,first33/phase/4,dram-33-0,sram-33,65536,757,1792,1035,False,,,
7,49,local,U0,first34/phase/4,dram-34-0,sram-34,65536,778,1813,1035,False,,,
7,49,local,U0,first35/phase/4,dram-35-0,sram-35,65536,799,1834,1035,False,,,
7,49,local,U0,first36/phase/4,dram-36-0,sram-36,65536,820,1855,1035,False,,,
7,49,local,U0,first37/phase/4,dram-37-0,sram-37,65536,841,1876,1035,False,,,
7,49,local,U0,first38/phase/4,dram-38-0,sram-38,65536,862,1897,1035,False,,,
7,49,local,U0,first39/phase/4,dram-39-0,sram-39,65536,883,1918,1035,False,,,
7,49,local,U0,first0/phase/4,host-memory,sram-0,16384,888,1430,542,True,,,
7,49,local,U0,first40/phase/4,dram-40-0,sram-40,65536,904,1939,1035,False,,,
7,49,local,U0,first41/phase/4,dram-41-0,sram-41,65536,925,1960,1035,False,,,
7,49,local,U0,first42/phase/4,dram-42-0,sram-42,65536,946,1981,1035,False,,,
7,49,local,U0,first43/phase/4,dram-43-0,sram-43,65536,967,2002,1035,False,,,
7,49,local,U0,first44/phase/4,dram-44-0,sram-44,65536,988,2023,1035,False,,,
7,49,local,U0,first45/phase/4,dram-45-0,sram-45,65536,1009,2044,1035,False,,,
7,49,local,U0,first46/phase/4,dram-46-0,sram-46,65536,1030,2065,1035,False,,,
7,49,local,U0,first47/phase/4,dram-47-0,sram-47,65536,1051,2086,1035,False,,,
7,49,local,U0,first48/phase/4,dram-48-0,sram-48,65536,1072,2107,1035,False,,,
7,49,local,U0,first0/phase/6,sram-0,dram-0-0,16,1686,1698,12,True,,,
7,49,local,U0,first0/phase/10,dram-0-0,sram-0,65536,1771,2806,1035,True,,,
7,49,local,U0,second1/phase/1,sram-1,sram-2,16384,5984,6523,539,False,,,
7,49,local,U0,second2/phase/1,sram-2,sram-3,16384,6005,6544,539,False,,,
7,49,local,U0,second3/phase/1,sram-3,sram-4,16384,6026,6565,539,False,,,
7,49,local,U0,second4/phase/1,sram-4,sram-5,16384,6047,6586,539,False,,,
7,49,local,U0,second5/phase/1,sram-5,sram-6,16384,6068,6607,539,False,,,
7,49,local,U0,second6/phase/1,sram-6,sram-7,16384,6089,6754,665,False,,,
7,49,local,U0,second7/phase/1,sram-7,sram-8,16384,6110,6649,539,False,,,
7,49,local,U0,second8/phase/1,sram-8,sram-9,16384,6131,6670,539,False,,,
7,49,local,U0,second9/phase/1,sram-9,sram-10,16384,6152,6691,539,False,,,
7,49,local,U0,second10/phase/1,sram-10,sram-11,16384,6173,6712,539,False,,,
7,49,local,U0,second11/phase/1,sram-11,sram-12,16384,6194,6733,539,False,,,
7,49,local,U0,second12/phase/1,sram-12,sram-13,16384,6215,6754,539,False,,,
7,49,local,U0,second13/phase/1,sram-13,sram-14,16384,6236,6901,665,False,,,
7,49,local,U0,second14/phase/1,sram-14,sram-15,16384,6257,6796,539,False,,,
7,49,local,U0,second15/phase/1,sram-15,sram-16,16384,6278,6817,539,False,,,
7,49,local,U0,second16/phase/1,sram-16,sram-17,16384,6299,6838,539,False,,,
7,49,local,U0,second17/phase/1,sram-17,sram-18,16384,6320,6859,539,False,,,
7,49,local,U0,second18/phase/1,sram-18,sram-19,16384,6341,6880,539,False,,,
7,49,local,U0,second19/phase/1,sram-19,sram-20,16384,6362,6901,539,False,,,
7,49,local,U0,second20/phase/1,sram-20,sram-21,16384,6383,7048,665,False,,,
7,49,local,U0,second21/phase/1,sram-21,sram-22,16384,6404,6943,539,False,,,
7,49,local,U0,second22/phase/1,sram-22,sram-23,16384,6425,6964,539,False,,,
7,49,local,U0,second23/phase/1,sram-23,sram-24,16384,6446,6985,539,False,,,
7,49,local,U0,second24/phase/1,sram-24,sram-25,16384,6467,7006,539,False,,,
7,49,local,U0,second25/phase/1,sram-25,sram-26,16384,6488,7027,539,False,,,
7,49,local,U0,second26/phase/1,sram-26,sram-27,16384,6509,7048,539,False,,,
7,49,local,U0,second27/phase/1,sram-27,sram-28,16384,6530,7195,665,False,,,
7,49,local,U0,second28/phase/1,sram-28,sram-29,16384,6551,7090,539,False,,,
7,49,local,U0,second29/phase/1,sram-29,sram-30,16384,6572,7111,539,False,,,
7,49,local,U0,second30/phase/1,sram-30,sram-31,16384,6593,7132,539,False,,,
7,49,local,U0,second31/phase/1,sram-31,sram-32,16384,6614,7153,539,False,,,
7,49,local,U0,second32/phase/1,sram-32,sram-33,16384,6635,7174,539,False,,,
7,49,local,U0,second33/phase/1,sram-33,sram-34,16384,6656,7195,539,False,,,
7,49,local,U0,second34/phase/1,sram-34,sram-35,16384,6677,7342,665,False,,,
7,49,local,U0,second35/phase/1,sram-35,sram-36,16384,6698,7237,539,False,,,
7,49,local,U0,second36/phase/1,sram-36,sram-37,16384,6719,7258,539,False,,,
7,49,local,U0,second37/phase/1,sram-37,sram-38,16384,6740,7279,539,False,,,
7,49,local,U0,second38/phase/1,sram-38,sram-39,16384,6761,7300,539,False,,,
7,49,local,U0,second1/phase/3,sram-2,dram-2-1,16,6779,6791,12,False,,,
7,49,local,U0,second39/phase/1,sram-39,sram-40,16384,6782,7321,539,False,,,
7,49,local,U0,second2/phase/3,sram-3,dram-3-1,16,6800,6812,12,False,,,
7,49,local,U0,second40/phase/1,sram-40,sram-41,16384,6803,7342,539,False,,,
7,49,local,U0,second3/phase/3,sram-4,dram-4-1,16,6821,6833,12,False,,,
7,49,local,U0,second41/phase/1,sram-41,sram-42,16384,6824,7489,665,False,,,
7,49,local,U0,second4/phase/3,sram-5,dram-5-1,16,6842,6854,12,False,,,
7,49,local,U0,second42/phase/1,sram-42,sram-43,16384,6845,7384,539,False,,,
7,49,local,U0,second5/phase/3,sram-6,dram-6-1,16,6863,6875,12,False,,,
7,49,local,U0,second1/phase/7,dram-2-1,sram-2,65536,6864,7899,1035,False,,,
7,49,local,U0,second43/phase/1,sram-43,sram-44,16384,6866,7405,539,False,,,
7,49,local,U0,second2/phase/7,dram-3-1,sram-3,65536,6885,7920,1035,False,,,
7,49,local,U0,second44/phase/1,sram-44,sram-45,16384,6887,7426,539,False,,,
7,49,local,U0,second7/phase/3,sram-8,dram-8-1,16,6905,6917,12,False,,,
7,49,local,U0,second3/phase/7,dram-4-1,sram-4,65536,6906,7941,1035,False,,,
7,49,local,U0,second45/phase/1,sram-45,sram-46,16384,6908,7447,539,False,,,
7,49,local,U0,second8/phase/3,sram-9,dram-9-1,16,6926,6938,12,False,,,
7,49,local,U0,second4/phase/7,dram-5-1,sram-5,65536,6927,7962,1035,False,,,
7,49,local,U0,second46/phase/1,sram-46,sram-47,16384,6929,7468,539,False,,,
7,49,local,U0,second9/phase/3,sram-10,dram-10-1,16,6947,6959,12,False,,,
7,49,local,U0,second5/phase/7,dram-6-1,sram-6,65536,6948,7983,1035,False,,,
7,49,local,U0,second47/phase/1,sram-47,sram-48,16384,6950,7489,539,False,,,
7,49,local,U0,second10/phase/3,sram-11,dram-11-1,16,6968,6980,12,False,,,
7,49,local,U0,second48/phase/1,sram-48,sram-0,16384,6971,7741,770,False,,,
7,49,local,U0,second11/phase/3,sram-12,dram-12-1,16,6989,7001,12,False,,,
7,49,local,U0,second7/phase/7,dram-8-1,sram-8,65536,6990,8025,1035,False,,,
7,49,local,U0,second6/phase/3,sram-7,dram-7-1,16,7010,7022,12,False,,,
7,49,local,U0,second12/phase/3,sram-13,dram-13-1,16,7010,7022,12,False,,,
7,49,local,U0,second8/phase/7,dram-9-1,sram-9,65536,7011,8046,1035,False,,,
7,49,local,U0,second9/phase/7,dram-10-1,sram-10,65536,7032,8067,1035,False,,,
7,49,local,U0,second14/phase/3,sram-15,dram-15-1,16,7052,7064,12,False,,,
7,49,local,U0,second10/phase/7,dram-11-1,sram-11,65536,7053,8088,1035,False,,,
7,49,local,U0,second15/phase/3,sram-16,dram-16-1,16,7073,7085,12,False,,,
7,49,local,U0,second11/phase/7,dram-12-1,sram-12,65536,7074,8109,1035,False,,,
7,49,local,U0,second16/phase/3,sram-17,dram-17-1,16,7094,7106,12,False,,,
7,49,local,U0,second6/phase/7,dram-7-1,sram-7,65536,7095,8130,1035,False,,,
7,49,local,U0,second17/phase/3,sram-18,dram-18-1,16,7115,7127,12,False,,,
7,49,local,U0,second12/phase/7,dram-13-1,sram-13,65536,7116,8151,1035,False,,,
7,49,local,U0,second18/phase/3,sram-19,dram-19-1,16,7136,7148,12,False,,,
7,49,local,U0,second14/phase/7,dram-15-1,sram-15,65536,7137,8172,1035,False,,,
7,49,local,U0,second13/phase/3,sram-14,dram-14-1,16,7157,7169,12,False,,,
7,49,local,U0,second19/phase/3,sram-20,dram-20-1,16,7157,7169,12,False,,,
7,49,local,U0,second15/phase/7,dram-16-1,sram-16,65536,7158,8193,1035,False,,,
7,49,local,U0,second16/phase/7,dram-17-1,sram-17,65536,7179,8214,1035,False,,,
7,49,local,U0,second21/phase/3,sram-22,dram-22-1,16,7199,7211,12,False,,,
7,49,local,U0,second17/phase/7,dram-18-1,sram-18,65536,7200,8235,1035,False,,,
7,49,local,U0,second22/phase/3,sram-23,dram-23-1,16,7220,7232,12,False,,,
7,49,local,U0,second18/phase/7,dram-19-1,sram-19,65536,7221,8256,1035,False,,,
7,49,local,U0,second23/phase/3,sram-24,dram-24-1,16,7241,7253,12,False,,,
7,49,local,U0,second13/phase/7,dram-14-1,sram-14,65536,7242,8277,1035,False,,,
7,49,local,U0,second24/phase/3,sram-25,dram-25-1,16,7262,7274,12,False,,,
7,49,local,U0,second19/phase/7,dram-20-1,sram-20,65536,7263,8298,1035,False,,,
7,49,local,U0,second25/phase/3,sram-26,dram-26-1,16,7283,7295,12,False,,,
7,49,local,U0,second21/phase/7,dram-22-1,sram-22,65536,7284,8319,1035,False,,,
7,49,local,U0,second20/phase/3,sram-21,dram-21-1,16,7304,7316,12,False,,,
7,49,local,U0,second26/phase/3,sram-27,dram-27-1,16,7304,7316,12,False,,,
7,49,local,U0,second22/phase/7,dram-23-1,sram-23,65536,7305,8340,1035,False,,,
7,49,local,U0,second23/phase/7,dram-24-1,sram-24,65536,7326,8361,1035,False,,,
7,49,local,U0,second28/phase/3,sram-29,dram-29-1,16,7346,7358,12,False,,,
7,49,local,U0,second24/phase/7,dram-25-1,sram-25,65536,7347,8382,1035,False,,,
7,49,local,U0,second29/phase/3,sram-30,dram-30-1,16,7367,7379,12,False,,,
7,49,local,U0,second25/phase/7,dram-26-1,sram-26,65536,7368,8403,1035,False,,,
7,49,local,U0,second30/phase/3,sram-31,dram-31-1,16,7388,7400,12,False,,,
7,49,local,U0,second20/phase/7,dram-21-1,sram-21,65536,7389,8424,1035,False,,,
7,49,local,U0,second31/phase/3,sram-32,dram-32-1,16,7409,7421,12,False,,,
7,49,local,U0,second26/phase/7,dram-27-1,sram-27,65536,7410,8445,1035,False,,,
7,49,local,U0,second32/phase/3,sram-33,dram-33-1,16,7430,7442,12,False,,,
7,49,local,U0,second28/phase/7,dram-29-1,sram-29,65536,7431,8466,1035,False,,,
7,49,local,U0,second27/phase/3,sram-28,dram-28-1,16,7451,7463,12,False,,,
7,49,local,U0,second33/phase/3,sram-34,dram-34-1,16,7451,7463,12,False,,,
7,49,local,U0,second29/phase/7,dram-30-1,sram-30,65536,7452,8487,1035,False,,,
7,49,local,U0,second30/phase/7,dram-31-1,sram-31,65536,7473,8508,1035,False,,,
7,49,local,U0,second35/phase/3,sram-36,dram-36-1,16,7493,7505,12,False,,,
7,49,local,U0,second31/phase/7,dram-32-1,sram-32,65536,7494,8529,1035,False,,,
7,49,local,U0,second36/phase/3,sram-37,dram-37-1,16,7514,7526,12,False,,,
7,49,local,U0,second32/phase/7,dram-33-1,sram-33,65536,7515,8550,1035,False,,,
7,49,local,U0,second37/phase/3,sram-38,dram-38-1,16,7535,7547,12,False,,,
7,49,local,U0,second27/phase/7,dram-28-1,sram-28,65536,7536,8571,1035,False,,,
7,49,local,U0,second38/phase/3,sram-39,dram-39-1,16,7556,7568,12,False,,,
7,49,local,U0,second33/phase/7,dram-34-1,sram-34,65536,7557,8592,1035,False,,,
7,49,local,U0,second39/phase/3,sram-40,dram-40-1,16,7577,7589,12,False,,,
7,49,local,U0,second35/phase/7,dram-36-1,sram-36,65536,7578,8613,1035,False,,,
7,49,local,U0,second34/phase/3,sram-35,dram-35-1,16,7598,7610,12,False,,,
7,49,local,U0,second40/phase/3,sram-41,dram-41-1,16,7598,7610,12,False,,,
7,49,local,U0,second36/phase/7,dram-37-1,sram-37,65536,7599,8634,1035,False,,,
7,49,local,U0,second37/phase/7,dram-38-1,sram-38,65536,7620,8655,1035,False,,,
7,49,local,U0,second42/phase/3,sram-43,dram-43-1,16,7640,7652,12,False,,,
7,49,local,U0,second38/phase/7,dram-39-1,sram-39,65536,7641,8676,1035,False,,,
7,49,local,U0,second43/phase/3,sram-44,dram-44-1,16,7661,7673,12,False,,,
7,49,local,U0,second39/phase/7,dram-40-1,sram-40,65536,7662,8697,1035,False,,,
7,49,local,U0,second0/phase/1,sram-0,sram-1,16384,7670,8210,540,True,,,
7,49,local,U0,second44/phase/3,sram-45,dram-45-1,16,7682,7694,12,False,,,
7,49,local,U0,second34/phase/7,dram-35-1,sram-35,65536,7683,8718,1035,False,,,
7,49,local,U0,second45/phase/3,sram-46,dram-46-1,16,7703,7715,12,False,,,
7,49,local,U0,second40/phase/7,dram-41-1,sram-41,65536,7704,8739,1035,False,,,
7,49,local,U0,second46/phase/3,sram-47,dram-47-1,16,7724,7736,12,False,,,
7,49,local,U0,second42/phase/7,dram-43-1,sram-43,65536,7725,8760,1035,False,,,
7,49,local,U0,second41/phase/3,sram-42,dram-42-1,16,7745,7757,12,False,,,
7,49,local,U0,second47/phase/3,sram-48,dram-48-1,16,7745,7757,12,False,,,
7,49,local,U0,second43/phase/7,dram-44-1,sram-44,65536,7746,8781,1035,False,,,
7,49,local,U0,second44/phase/7,dram-45-1,sram-45,65536,7767,8802,1035,False,,,
7,49,local,U0,second45/phase/7,dram-46-1,sram-46,65536,7788,8823,1035,False,,,
7,49,local,U0,second46/phase/7,dram-47-1,sram-47,65536,7809,8844,1035,False,,,
7,49,local,U0,second41/phase/7,dram-42-1,sram-42,65536,7830,8865,1035,False,,,
7,49,local,U0,second47/phase/7,dram-48-1,sram-48,65536,7851,8886,1035,False,,,
7,49,local,U0,second48/phase/3,sram-0,dram-0-1,16,7997,8009,12,False,,,
7,49,local,U0,second48/phase/7,dram-0-1,sram-0,65536,8082,9117,1035,False,,,
7,49,local,U0,second0/phase/3,sram-1,dram-1-1,16,8466,8478,12,True,,,
7,49,local,U0,second0/phase/7,dram-1-1,sram-1,65536,8551,9586,1035,True,,,
7,49,local,U0,second1/phase/13,sram-2,dram-2-0,16384,12763,13030,267,False,,,
7,49,local,U0,second2/phase/13,sram-3,dram-3-0,16384,12784,13051,267,False,,,
7,49,local,U0,second3/phase/13,sram-4,dram-4-0,16384,12805,13072,267,False,,,
7,49,local,U0,second4/phase/13,sram-5,dram-5-0,16384,12826,13093,267,False,,,
7,49,local,U0,second5/phase/13,sram-6,dram-6-0,16384,12847,13114,267,False,,,
7,49,local,U0,second7/phase/13,sram-8,dram-8-0,16384,12889,13156,267,False,,,
7,49,local,U0,second8/phase/13,sram-9,dram-9-0,16384,12910,13177,267,False,,,
7,49,local,U0,second9/phase/13,sram-10,dram-10-0,16384,12931,13198,267,False,,,
7,49,local,U0,second10/phase/13,sram-11,dram-11-0,16384,12952,13219,267,False,,,
7,49,local,U0,second11/phase/13,sram-12,dram-12-0,16384,12973,13240,267,False,,,
7,49,local,U0,second6/phase/13,sram-7,dram-7-0,16384,12994,13261,267,False,,,
7,49,local,U0,second12/phase/13,sram-13,dram-13-0,16384,13015,13282,267,False,,,
7,49,local,U0,second14/phase/13,sram-15,dram-15-0,16384,13036,13303,267,False,,,
7,49,local,U0,second15/phase/13,sram-16,dram-16-0,16384,13057,13324,267,False,,,
7,49,local,U0,second1/phase/16,dram-2-0,sram-2,16,13073,13085,12,False,,,
7,49,local,U0,second16/phase/13,sram-17,dram-17-0,16384,13078,13345,267,False,,,
7,49,local,U0,second2/phase/16,dram-3-0,sram-3,16,13094,13106,12,False,,,
7,49,local,U0,second17/phase/13,sram-18,dram-18-0,16384,13099,13366,267,False,,,
7,49,local,U0,second3/phase/16,dram-4-0,sram-4,16,13115,13127,12,False,,,
7,49,local,U0,second18/phase/13,sram-19,dram-19-0,16384,13120,13387,267,False,,,
7,49,local,U0,second4/phase/16,dram-5-0,sram-5,16,13136,13148,12,False,,,
7,49,local,U0,second13/phase/13,sram-14,dram-14-0,16384,13141,13408,267,False,,,
7,49,local,U0,second5/phase/16,dram-6-0,sram-6,16,13157,13169,12,False,,,
7,49,local,U0,second19/phase/13,sram-20,dram-20-0,16384,13162,13429,267,False,,,
7,49,local,U0,second21/phase/13,sram-22,dram-22-0,16384,13183,13450,267,False,,,
7,49,local,U0,second7/phase/16,dram-8-0,sram-8,16,13199,13211,12,False,,,
7,49,local,U0,second22/phase/13,sram-23,dram-23-0,16384,13204,13471,267,False,,,
7,49,local,U0,second8/phase/16,dram-9-0,sram-9,16,13220,13232,12,False,,,
7,49,local,U0,second23/phase/13,sram-24,dram-24-0,16384,13225,13492,267,False,,,
7,49,local,U0,second9/phase/16,dram-10-0,sram-10,16,13241,13253,12,False,,,
7,49,local,U0,second24/phase/13,sram-25,dram-25-0,16384,13246,13513,267,False,,,
7,49,local,U0,second10/phase/16,dram-11-0,sram-11,16,13262,13274,12,False,,,
7,49,local,U0,second25/phase/13,sram-26,dram-26-0,16384,13267,13534,267,False,,,
7,49,local,U0,second11/phase/16,dram-12-0,sram-12,16,13283,13295,12,False,,,
7,49,local,U0,second20/phase/13,sram-21,dram-21-0,16384,13288,13555,267,False,,,
7,49,local,U0,second6/phase/16,dram-7-0,sram-7,16,13304,13316,12,False,,,
7,49,local,U0,second26/phase/13,sram-27,dram-27-0,16384,13309,13576,267,False,,,
7,49,local,U0,second12/phase/16,dram-13-0,sram-13,16,13325,13337,12,False,,,
7,49,local,U0,second28/phase/13,sram-29,dram-29-0,16384,13330,13597,267,False,,,
7,49,local,U0,second14/phase/16,dram-15-0,sram-15,16,13346,13358,12,False,,,
7,49,local,U0,second29/phase/13,sram-30,dram-30-0,16384,13351,13618,267,False,,,
7,49,local,U0,second15/phase/16,dram-16-0,sram-16,16,13367,13379,12,False,,,
7,49,local,U0,second30/phase/13,sram-31,dram-31-0,16384,13372,13639,267,False,,,
7,49,local,U0,second16/phase/16,dram-17-0,sram-17,16,13388,13400,12,False,,,
7,49,local,U0,second31/phase/13,sram-32,dram-32-0,16384,13393,13660,267,False,,,
7,49,local,U0,second17/phase/16,dram-18-0,sram-18,16,13409,13421,12,False,,,
7,49,local,U0,second32/phase/13,sram-33,dram-33-0,16384,13414,13681,267,False,,,
7,49,local,U0,second18/phase/16,dram-19-0,sram-19,16,13430,13442,12,False,,,
7,49,local,U0,second27/phase/13,sram-28,dram-28-0,16384,13435,13702,267,False,,,
7,49,local,U0,second13/phase/16,dram-14-0,sram-14,16,13451,13463,12,False,,,
7,49,local,U0,second33/phase/13,sram-34,dram-34-0,16384,13456,13723,267,False,,,
7,49,local,U0,second19/phase/16,dram-20-0,sram-20,16,13472,13484,12,False,,,
7,49,local,U0,second35/phase/13,sram-36,dram-36-0,16384,13477,13744,267,False,,,
7,49,local,U0,second21/phase/16,dram-22-0,sram-22,16,13493,13505,12,False,,,
7,49,local,U0,second36/phase/13,sram-37,dram-37-0,16384,13498,13765,267,False,,,
7,49,local,U0,second22/phase/16,dram-23-0,sram-23,16,13514,13526,12,False,,,
7,49,local,U0,second37/phase/13,sram-38,dram-38-0,16384,13519,13786,267,False,,,
7,49,local,U0,second23/phase/16,dram-24-0,sram-24,16,13535,13547,12,False,,,
7,49,local,U0,second38/phase/13,sram-39,dram-39-0,16384,13540,13807,267,False,,,
7,49,local,U0,second24/phase/16,dram-25-0,sram-25,16,13556,13568,12,False,,,
7,49,local,U0,second39/phase/13,sram-40,dram-40-0,16384,13561,13828,267,False,,,
7,49,local,U0,second25/phase/16,dram-26-0,sram-26,16,13577,13589,12,False,,,
7,49,local,U0,second34/phase/13,sram-35,dram-35-0,16384,13582,13849,267,False,,,
7,49,local,U0,second20/phase/16,dram-21-0,sram-21,16,13598,13610,12,False,,,
7,49,local,U0,second40/phase/13,sram-41,dram-41-0,16384,13603,13870,267,False,,,
7,49,local,U0,second26/phase/16,dram-27-0,sram-27,16,13619,13631,12,False,,,
7,49,local,U0,second42/phase/13,sram-43,dram-43-0,16384,13624,13891,267,False,,,
7,49,local,U0,second28/phase/16,dram-29-0,sram-29,16,13640,13652,12,False,,,
7,49,local,U0,second43/phase/13,sram-44,dram-44-0,16384,13645,13912,267,False,,,
7,49,local,U0,second29/phase/16,dram-30-0,sram-30,16,13661,13673,12,False,,,
7,49,local,U0,second44/phase/13,sram-45,dram-45-0,16384,13666,13933,267,False,,,
7,49,local,U0,second30/phase/16,dram-31-0,sram-31,16,13682,13694,12,False,,,
7,49,local,U0,second45/phase/13,sram-46,dram-46-0,16384,13687,13954,267,False,,,
7,49,local,U0,second31/phase/16,dram-32-0,sram-32,16,13703,13715,12,False,,,
7,49,local,U0,second46/phase/13,sram-47,dram-47-0,16384,13708,13975,267,False,,,
7,49,local,U0,second32/phase/16,dram-33-0,sram-33,16,13724,13736,12,False,,,
7,49,local,U0,second41/phase/13,sram-42,dram-42-0,16384,13729,13996,267,False,,,
7,49,local,U0,second27/phase/16,dram-28-0,sram-28,16,13745,13757,12,False,,,
7,49,local,U0,second47/phase/13,sram-48,dram-48-0,16384,13750,14017,267,False,,,
7,49,local,U0,second33/phase/16,dram-34-0,sram-34,16,13766,13778,12,False,,,
7,49,local,U0,second35/phase/16,dram-36-0,sram-36,16,13787,13799,12,False,,,
7,49,local,U0,second36/phase/16,dram-37-0,sram-37,16,13808,13820,12,False,,,
7,49,local,U0,second37/phase/16,dram-38-0,sram-38,16,13829,13841,12,False,,,
7,49,local,U0,second38/phase/16,dram-39-0,sram-39,16,13850,13862,12,False,,,
7,49,local,U0,second39/phase/16,dram-40-0,sram-40,16,13871,13883,12,False,,,
7,49,local,U0,second34/phase/16,dram-35-0,sram-35,16,13892,13904,12,False,,,
7,49,local,U0,second40/phase/16,dram-41-0,sram-41,16,13913,13925,12,False,,,
7,49,local,U0,second42/phase/16,dram-43-0,sram-43,16,13934,13946,12,False,,,
7,49,local,U0,second43/phase/16,dram-44-0,sram-44,16,13955,13967,12,False,,,
7,49,local,U0,second44/phase/16,dram-45-0,sram-45,16,13976,13988,12,False,,,
7,49,local,U0,second48/phase/13,sram-0,dram-0-0,16384,13981,14248,267,False,,,
7,49,local,U0,second45/phase/16,dram-46-0,sram-46,16,13997,14009,12,False,,,
7,49,local,U0,second46/phase/16,dram-47-0,sram-47,16,14018,14030,12,False,,,
7,49,local,U0,second41/phase/16,dram-42-0,sram-42,16,14039,14051,12,False,,,
7,49,local,U0,second47/phase/16,dram-48-0,sram-48,16,14060,14072,12,False,,,
7,49,local,U0,second48/phase/16,dram-0-0,sram-0,16,14291,14303,12,False,,,
7,49,local,U0,second0/phase/13,sram-1,dram-1-0,16384,14450,14717,267,True,,,
7,49,local,U0,second0/phase/16,dram-1-0,sram-1,16,14760,14772,12,True,,,
7,49,local,U1,first0/phase/0,sram-0,host-memory,16,0,32,32,True,,,
7,49,local,U1,first1/phase/0,sram-1,dram-1-0,16,0,12,12,False,,,
7,49,local,U1,first2/phase/0,sram-2,dram-2-0,16,0,12,12,False,,,
7,49,local,U1,first3/phase/0,sram-3,dram-3-0,16,0,12,12,False,,,
7,49,local,U1,first4/phase/0,sram-4,dram-4-0,16,0,12,12,False,,,
7,49,local,U1,first5/phase/0,sram-5,dram-5-0,16,0,12,12,False,,,
7,49,local,U1,first6/phase/0,sram-6,dram-6-0,16,0,12,12,False,,,
7,49,local,U1,first7/phase/0,sram-7,dram-7-0,16,0,12,12,False,,,
7,49,local,U1,first8/phase/0,sram-8,dram-8-0,16,0,12,12,False,,,
7,49,local,U1,first9/phase/0,sram-9,dram-9-0,16,0,12,12,False,,,
7,49,local,U1,first10/phase/0,sram-10,dram-10-0,16,0,12,12,False,,,
7,49,local,U1,first11/phase/0,sram-11,dram-11-0,16,0,12,12,False,,,
7,49,local,U1,first12/phase/0,sram-12,dram-12-0,16,0,12,12,False,,,
7,49,local,U1,first13/phase/0,sram-13,dram-13-0,16,0,12,12,False,,,
7,49,local,U1,first14/phase/0,sram-14,dram-14-0,16,0,12,12,False,,,
7,49,local,U1,first15/phase/0,sram-15,dram-15-0,16,0,12,12,False,,,
7,49,local,U1,first16/phase/0,sram-16,dram-16-0,16,0,12,12,False,,,
7,49,local,U1,first17/phase/0,sram-17,dram-17-0,16,0,12,12,False,,,
7,49,local,U1,first18/phase/0,sram-18,dram-18-0,16,0,12,12,False,,,
7,49,local,U1,first19/phase/0,sram-19,dram-19-0,16,0,12,12,False,,,
7,49,local,U1,first20/phase/0,sram-20,dram-20-0,16,0,12,12,False,,,
7,49,local,U1,first21/phase/0,sram-21,dram-21-0,16,0,12,12,False,,,
7,49,local,U1,first22/phase/0,sram-22,dram-22-0,16,0,12,12,False,,,
7,49,local,U1,first23/phase/0,sram-23,dram-23-0,16,0,12,12,False,,,
7,49,local,U1,first24/phase/0,sram-24,dram-24-0,16,0,12,12,False,,,
7,49,local,U1,first25/phase/0,sram-25,dram-25-0,16,0,12,12,False,,,
7,49,local,U1,first26/phase/0,sram-26,dram-26-0,16,0,12,12,False,,,
7,49,local,U1,first27/phase/0,sram-27,dram-27-0,16,0,12,12,False,,,
7,49,local,U1,first28/phase/0,sram-28,dram-28-0,16,0,12,12,False,,,
7,49,local,U1,first29/phase/0,sram-29,dram-29-0,16,0,12,12,False,,,
7,49,local,U1,first30/phase/0,sram-30,dram-30-0,16,0,12,12,False,,,
7,49,local,U1,first31/phase/0,sram-31,dram-31-0,16,0,12,12,False,,,
7,49,local,U1,first32/phase/0,sram-32,dram-32-0,16,0,12,12,False,,,
7,49,local,U1,first33/phase/0,sram-33,dram-33-0,16,0,12,12,False,,,
7,49,local,U1,first34/phase/0,sram-34,dram-34-0,16,0,12,12,False,,,
7,49,local,U1,first35/phase/0,sram-35,dram-35-0,16,0,12,12,False,,,
7,49,local,U1,first36/phase/0,sram-36,dram-36-0,16,0,12,12,False,,,
7,49,local,U1,first37/phase/0,sram-37,dram-37-0,16,0,12,12,False,,,
7,49,local,U1,first38/phase/0,sram-38,dram-38-0,16,0,12,12,False,,,
7,49,local,U1,first39/phase/0,sram-39,dram-39-0,16,0,12,12,False,,,
7,49,local,U1,first40/phase/0,sram-40,dram-40-0,16,0,12,12,False,,,
7,49,local,U1,first41/phase/0,sram-41,dram-41-0,16,0,12,12,False,,,
7,49,local,U1,first42/phase/0,sram-42,dram-42-0,16,0,12,12,False,,,
7,49,local,U1,first43/phase/0,sram-43,dram-43-0,16,0,12,12,False,,,
7,49,local,U1,first44/phase/0,sram-44,dram-44-0,16,0,12,12,False,,,
7,49,local,U1,first45/phase/0,sram-45,dram-45-0,16,0,12,12,False,,,
7,49,local,U1,first46/phase/0,sram-46,dram-46-0,16,0,12,12,False,,,
7,49,local,U1,first47/phase/0,sram-47,dram-47-0,16,0,12,12,False,,,
7,49,local,U1,first48/phase/0,sram-48,dram-48-0,16,0,12,12,False,,,
7,49,local,U1,first0/phase/4,host-memory,sram-0,16384,888,1430,542,True,,,
7,49,local,U1,first0/phase/6,sram-0,dram-0-0,16,1686,1698,12,True,,,
7,49,local,U1,first1/phase/4,dram-1-0,sram-1,65536,3118,4153,1035,False,,,
7,49,local,U1,first2/phase/4,dram-2-0,sram-2,65536,3118,4153,1035,False,,,
7,49,local,U1,first3/phase/4,dram-3-0,sram-3,65536,3118,4153,1035,False,,,
7,49,local,U1,first4/phase/4,dram-4-0,sram-4,65536,3118,4153,1035,False,,,
7,49,local,U1,first5/phase/4,dram-5-0,sram-5,65536,3118,4153,1035,False,,,
7,49,local,U1,first6/phase/4,dram-6-0,sram-6,65536,3118,4153,1035,False,,,
7,49,local,U1,first7/phase/4,dram-7-0,sram-7,65536,3118,4153,1035,False,,,
7,49,local,U1,first8/phase/4,dram-8-0,sram-8,65536,3118,4153,1035,False,,,
7,49,local,U1,first9/phase/4,dram-9-0,sram-9,65536,3118,4153,1035,False,,,
7,49,local,U1,first10/phase/4,dram-10-0,sram-10,65536,3118,4153,1035,False,,,
7,49,local,U1,first11/phase/4,dram-11-0,sram-11,65536,3118,4153,1035,False,,,
7,49,local,U1,first12/phase/4,dram-12-0,sram-12,65536,3118,4153,1035,False,,,
7,49,local,U1,first13/phase/4,dram-13-0,sram-13,65536,3118,4153,1035,False,,,
7,49,local,U1,first14/phase/4,dram-14-0,sram-14,65536,3118,4153,1035,False,,,
7,49,local,U1,first15/phase/4,dram-15-0,sram-15,65536,3118,4153,1035,False,,,
7,49,local,U1,first16/phase/4,dram-16-0,sram-16,65536,3118,4153,1035,False,,,
7,49,local,U1,first17/phase/4,dram-17-0,sram-17,65536,3118,4153,1035,False,,,
7,49,local,U1,first18/phase/4,dram-18-0,sram-18,65536,3118,4153,1035,False,,,
7,49,local,U1,first19/phase/4,dram-19-0,sram-19,65536,3118,4153,1035,False,,,
7,49,local,U1,first20/phase/4,dram-20-0,sram-20,65536,3118,4153,1035,False,,,
7,49,local,U1,first21/phase/4,dram-21-0,sram-21,65536,3118,4153,1035,False,,,
7,49,local,U1,first22/phase/4,dram-22-0,sram-22,65536,3118,4153,1035,False,,,
7,49,local,U1,first23/phase/4,dram-23-0,sram-23,65536,3118,4153,1035,False,,,
7,49,local,U1,first24/phase/4,dram-24-0,sram-24,65536,3118,4153,1035,False,,,
7,49,local,U1,first25/phase/4,dram-25-0,sram-25,65536,3118,4153,1035,False,,,
7,49,local,U1,first26/phase/4,dram-26-0,sram-26,65536,3118,4153,1035,False,,,
7,49,local,U1,first27/phase/4,dram-27-0,sram-27,65536,3118,4153,1035,False,,,
7,49,local,U1,first28/phase/4,dram-28-0,sram-28,65536,3118,4153,1035,False,,,
7,49,local,U1,first29/phase/4,dram-29-0,sram-29,65536,3118,4153,1035,False,,,
7,49,local,U1,first30/phase/4,dram-30-0,sram-30,65536,3118,4153,1035,False,,,
7,49,local,U1,first31/phase/4,dram-31-0,sram-31,65536,3118,4153,1035,False,,,
7,49,local,U1,first32/phase/4,dram-32-0,sram-32,65536,3118,4153,1035,False,,,
7,49,local,U1,first33/phase/4,dram-33-0,sram-33,65536,3118,4153,1035,False,,,
7,49,local,U1,first34/phase/4,dram-34-0,sram-34,65536,3118,4153,1035,False,,,
7,49,local,U1,first35/phase/4,dram-35-0,sram-35,65536,3118,4153,1035,False,,,
7,49,local,U1,first36/phase/4,dram-36-0,sram-36,65536,3118,4153,1035,False,,,
7,49,local,U1,first37/phase/4,dram-37-0,sram-37,65536,3118,4153,1035,False,,,
7,49,local,U1,first38/phase/4,dram-38-0,sram-38,65536,3118,4153,1035,False,,,
7,49,local,U1,first39/phase/4,dram-39-0,sram-39,65536,3118,4153,1035,False,,,
7,49,local,U1,first40/phase/4,dram-40-0,sram-40,65536,3118,4153,1035,False,,,
7,49,local,U1,first41/phase/4,dram-41-0,sram-41,65536,3118,4153,1035,False,,,
7,49,local,U1,first42/phase/4,dram-42-0,sram-42,65536,3118,4153,1035,False,,,
7,49,local,U1,first43/phase/4,dram-43-0,sram-43,65536,3118,4153,1035,False,,,
7,49,local,U1,first44/phase/4,dram-44-0,sram-44,65536,3118,4153,1035,False,,,
7,49,local,U1,first45/phase/4,dram-45-0,sram-45,65536,3118,4153,1035,False,,,
7,49,local,U1,first46/phase/4,dram-46-0,sram-46,65536,3118,4153,1035,False,,,
7,49,local,U1,first47/phase/4,dram-47-0,sram-47,65536,3118,4153,1035,False,,,
7,49,local,U1,first48/phase/4,dram-48-0,sram-48,65536,3118,4153,1035,False,,,
7,49,local,U1,first0/phase/10,dram-0-0,sram-0,65536,4804,5839,1035,True,,,
7,49,local,U1,second1/phase/1,sram-1,sram-2,16384,9017,9557,540,False,,,
7,49,local,U1,second2/phase/1,sram-2,sram-3,16384,9017,9557,540,False,,,
7,49,local,U1,second3/phase/1,sram-3,sram-4,16384,9017,9557,540,False,,,
7,49,local,U1,second4/phase/1,sram-4,sram-5,16384,9017,9557,540,False,,,
7,49,local,U1,second5/phase/1,sram-5,sram-6,16384,9017,9557,540,False,,,
7,49,local,U1,second6/phase/1,sram-6,sram-7,16384,9017,9689,672,False,,,
7,49,local,U1,second7/phase/1,sram-7,sram-8,16384,9017,9557,540,False,,,
7,49,local,U1,second8/phase/1,sram-8,sram-9,16384,9017,9557,540,False,,,
7,49,local,U1,second9/phase/1,sram-9,sram-10,16384,9017,9557,540,False,,,
7,49,local,U1,second10/phase/1,sram-10,sram-11,16384,9017,9557,540,False,,,
7,49,local,U1,second11/phase/1,sram-11,sram-12,16384,9017,9557,540,False,,,
7,49,local,U1,second12/phase/1,sram-12,sram-13,16384,9017,9557,540,False,,,
7,49,local,U1,second13/phase/1,sram-13,sram-14,16384,9017,9689,672,False,,,
7,49,local,U1,second14/phase/1,sram-14,sram-15,16384,9017,9557,540,False,,,
7,49,local,U1,second15/phase/1,sram-15,sram-16,16384,9017,9557,540,False,,,
7,49,local,U1,second16/phase/1,sram-16,sram-17,16384,9017,9557,540,False,,,
7,49,local,U1,second17/phase/1,sram-17,sram-18,16384,9017,9557,540,False,,,
7,49,local,U1,second18/phase/1,sram-18,sram-19,16384,9017,9557,540,False,,,
7,49,local,U1,second19/phase/1,sram-19,sram-20,16384,9017,9557,540,False,,,
7,49,local,U1,second20/phase/1,sram-20,sram-21,16384,9017,9689,672,False,,,
7,49,local,U1,second21/phase/1,sram-21,sram-22,16384,9017,9557,540,False,,,
7,49,local,U1,second22/phase/1,sram-22,sram-23,16384,9017,9557,540,False,,,
7,49,local,U1,second23/phase/1,sram-23,sram-24,16384,9017,9557,540,False,,,
7,49,local,U1,second24/phase/1,sram-24,sram-25,16384,9017,9557,540,False,,,
7,49,local,U1,second25/phase/1,sram-25,sram-26,16384,9017,9557,540,False,,,
7,49,local,U1,second26/phase/1,sram-26,sram-27,16384,9017,9557,540,False,,,
7,49,local,U1,second27/phase/1,sram-27,sram-28,16384,9017,9689,672,False,,,
7,49,local,U1,second28/phase/1,sram-28,sram-29,16384,9017,9557,540,False,,,
7,49,local,U1,second29/phase/1,sram-29,sram-30,16384,9017,9557,540,False,,,
7,49,local,U1,second30/phase/1,sram-30,sram-31,16384,9017,9557,540,False,,,
7,49,local,U1,second31/phase/1,sram-31,sram-32,16384,9017,9557,540,False,,,
7,49,local,U1,second32/phase/1,sram-32,sram-33,16384,9017,9557,540,False,,,
7,49,local,U1,second33/phase/1,sram-33,sram-34,16384,9017,9557,540,False,,,
7,49,local,U1,second34/phase/1,sram-34,sram-35,16384,9017,9689,672,False,,,
7,49,local,U1,second35/phase/1,sram-35,sram-36,16384,9017,9557,540,False,,,
7,49,local,U1,second36/phase/1,sram-36,sram-37,16384,9017,9557,540,False,,,
7,49,local,U1,second37/phase/1,sram-37,sram-38,16384,9017,9557,540,False,,,
7,49,local,U1,second38/phase/1,sram-38,sram-39,16384,9017,9557,540,False,,,
7,49,local,U1,second39/phase/1,sram-39,sram-40,16384,9017,9557,540,False,,,
7,49,local,U1,second40/phase/1,sram-40,sram-41,16384,9017,9557,540,False,,,
7,49,local,U1,second41/phase/1,sram-41,sram-42,16384,9017,9703,686,False,,,
7,49,local,U1,second42/phase/1,sram-42,sram-43,16384,9017,9557,540,False,,,
7,49,local,U1,second43/phase/1,sram-43,sram-44,16384,9017,9557,540,False,,,
7,49,local,U1,second44/phase/1,sram-44,sram-45,16384,9017,9557,540,False,,,
7,49,local,U1,second45/phase/1,sram-45,sram-46,16384,9017,9557,540,False,,,
7,49,local,U1,second46/phase/1,sram-46,sram-47,16384,9017,9557,540,False,,,
7,49,local,U1,second47/phase/1,sram-47,sram-48,16384,9017,9557,540,False,,,
7,49,local,U1,second48/phase/1,sram-48,sram-0,16384,9017,9812,795,False,,,
7,49,local,U1,second1/phase/3,sram-2,dram-2-1,16,9813,9825,12,False,,,
7,49,local,U1,second2/phase/3,sram-3,dram-3-1,16,9813,9825,12,False,,,
7,49,local,U1,second3/phase/3,sram-4,dram-4-1,16,9813,9825,12,False,,,
7,49,local,U1,second4/phase/3,sram-5,dram-5-1,16,9813,9825,12,False,,,
7,49,local,U1,second5/phase/3,sram-6,dram-6-1,16,9813,9825,12,False,,,
7,49,local,U1,second7/phase/3,sram-8,dram-8-1,16,9813,9825,12,False,,,
7,49,local,U1,second8/phase/3,sram-9,dram-9-1,16,9813,9825,12,False,,,
7,49,local,U1,second9/phase/3,sram-10,dram-10-1,16,9813,9825,12,False,,,
7,49,local,U1,second10/phase/3,sram-11,dram-11-1,16,9813,9825,12,False,,,
7,49,local,U1,second11/phase/3,sram-12,dram-12-1,16,9813,9825,12,False,,,
7,49,local,U1,second12/phase/3,sram-13,dram-13-1,16,9813,9825,12,False,,,
7,49,local,U1,second14/phase/3,sram-15,dram-15-1,16,9813,9825,12,False,,,
7,49,local,U1,second15/phase/3,sram-16,dram-16-1,16,9813,9825,12,False,,,
7,49,local,U1,second16/phase/3,sram-17,dram-17-1,16,9813,9825,12,False,,,
7,49,local,U1,second17/phase/3,sram-18,dram-18-1,16,9813,9825,12,False,,,
7,49,local,U1,second18/phase/3,sram-19,dram-19-1,16,9813,9825,12,False,,,
7,49,local,U1,second19/phase/3,sram-20,dram-20-1,16,9813,9825,12,False,,,
7,49,local,U1,second21/phase/3,sram-22,dram-22-1,16,9813,9825,12,False,,,
7,49,local,U1,second22/phase/3,sram-23,dram-23-1,16,9813,9825,12,False,,,
7,49,local,U1,second23/phase/3,sram-24,dram-24-1,16,9813,9825,12,False,,,
7,49,local,U1,second24/phase/3,sram-25,dram-25-1,16,9813,9825,12,False,,,
7,49,local,U1,second25/phase/3,sram-26,dram-26-1,16,9813,9825,12,False,,,
7,49,local,U1,second26/phase/3,sram-27,dram-27-1,16,9813,9825,12,False,,,
7,49,local,U1,second28/phase/3,sram-29,dram-29-1,16,9813,9825,12,False,,,
7,49,local,U1,second29/phase/3,sram-30,dram-30-1,16,9813,9825,12,False,,,
7,49,local,U1,second30/phase/3,sram-31,dram-31-1,16,9813,9825,12,False,,,
7,49,local,U1,second31/phase/3,sram-32,dram-32-1,16,9813,9825,12,False,,,
7,49,local,U1,second32/phase/3,sram-33,dram-33-1,16,9813,9825,12,False,,,
7,49,local,U1,second33/phase/3,sram-34,dram-34-1,16,9813,9825,12,False,,,
7,49,local,U1,second35/phase/3,sram-36,dram-36-1,16,9813,9825,12,False,,,
7,49,local,U1,second36/phase/3,sram-37,dram-37-1,16,9813,9825,12,False,,,
7,49,local,U1,second37/phase/3,sram-38,dram-38-1,16,9813,9825,12,False,,,
7,49,local,U1,second38/phase/3,sram-39,dram-39-1,16,9813,9825,12,False,,,
7,49,local,U1,second39/phase/3,sram-40,dram-40-1,16,9813,9825,12,False,,,
7,49,local,U1,second40/phase/3,sram-41,dram-41-1,16,9813,9825,12,False,,,
7,49,local,U1,second42/phase/3,sram-43,dram-43-1,16,9813,9825,12,False,,,
7,49,local,U1,second43/phase/3,sram-44,dram-44-1,16,9813,9825,12,False,,,
7,49,local,U1,second44/phase/3,sram-45,dram-45-1,16,9813,9825,12,False,,,
7,49,local,U1,second45/phase/3,sram-46,dram-46-1,16,9813,9825,12,False,,,
7,49,local,U1,second46/phase/3,sram-47,dram-47-1,16,9813,9825,12,False,,,
7,49,local,U1,second47/phase/3,sram-48,dram-48-1,16,9813,9825,12,False,,,
7,49,local,U1,second6/phase/3,sram-7,dram-7-1,16,9945,9957,12,False,,,
7,49,local,U1,second13/phase/3,sram-14,dram-14-1,16,9945,9957,12,False,,,
7,49,local,U1,second20/phase/3,sram-21,dram-21-1,16,9945,9957,12,False,,,
7,49,local,U1,second27/phase/3,sram-28,dram-28-1,16,9945,9957,12,False,,,
7,49,local,U1,second34/phase/3,sram-35,dram-35-1,16,9945,9957,12,False,,,
7,49,local,U1,second41/phase/3,sram-42,dram-42-1,16,9959,9971,12,False,,,
7,49,local,U1,second48/phase/3,sram-0,dram-0-1,16,10068,10080,12,False,,,
7,49,local,U1,second0/phase/1,sram-0,sram-1,16384,10703,11242,539,True,,,
7,49,local,U1,second0/phase/3,sram-1,dram-1-1,16,11498,11510,12,True,,,
7,49,local,U1,second1/phase/7,dram-2-1,sram-2,65536,12931,13966,1035,False,,,
7,49,local,U1,second2/phase/7,dram-3-1,sram-3,65536,12931,13966,1035,False,,,
7,49,local,U1,second3/phase/7,dram-4-1,sram-4,65536,12931,13966,1035,False,,,
7,49,local,U1,second4/phase/7,dram-5-1,sram-5,65536,12931,13966,1035,False,,,
7,49,local,U1,second5/phase/7,dram-6-1,sram-6,65536,12931,13966,1035,False,,,
7,49,local,U1,second7/phase/7,dram-8-1,sram-8,65536,12931,13966,1035,False,,,
7,49,local,U1,second8/phase/7,dram-9-1,sram-9,65536,12931,13966,1035,False,,,
7,49,local,U1,second9/phase/7,dram-10-1,sram-10,65536,12931,13966,1035,False,,,
7,49,local,U1,second10/phase/7,dram-11-1,sram-11,65536,12931,13966,1035,False,,,
7,49,local,U1,second11/phase/7,dram-12-1,sram-12,65536,12931,13966,1035,False,,,
7,49,local,U1,second12/phase/7,dram-13-1,sram-13,65536,12931,13966,1035,False,,,
7,49,local,U1,second14/phase/7,dram-15-1,sram-15,65536,12931,13966,1035,False,,,
7,49,local,U1,second15/phase/7,dram-16-1,sram-16,65536,12931,13966,1035,False,,,
7,49,local,U1,second16/phase/7,dram-17-1,sram-17,65536,12931,13966,1035,False,,,
7,49,local,U1,second17/phase/7,dram-18-1,sram-18,65536,12931,13966,1035,False,,,
7,49,local,U1,second18/phase/7,dram-19-1,sram-19,65536,12931,13966,1035,False,,,
7,49,local,U1,second19/phase/7,dram-20-1,sram-20,65536,12931,13966,1035,False,,,
7,49,local,U1,second21/phase/7,dram-22-1,sram-22,65536,12931,13966,1035,False,,,
7,49,local,U1,second22/phase/7,dram-23-1,sram-23,65536,12931,13966,1035,False,,,
7,49,local,U1,second23/phase/7,dram-24-1,sram-24,65536,12931,13966,1035,False,,,
7,49,local,U1,second24/phase/7,dram-25-1,sram-25,65536,12931,13966,1035,False,,,
7,49,local,U1,second25/phase/7,dram-26-1,sram-26,65536,12931,13966,1035,False,,,
7,49,local,U1,second26/phase/7,dram-27-1,sram-27,65536,12931,13966,1035,False,,,
7,49,local,U1,second28/phase/7,dram-29-1,sram-29,65536,12931,13966,1035,False,,,
7,49,local,U1,second29/phase/7,dram-30-1,sram-30,65536,12931,13966,1035,False,,,
7,49,local,U1,second30/phase/7,dram-31-1,sram-31,65536,12931,13966,1035,False,,,
7,49,local,U1,second31/phase/7,dram-32-1,sram-32,65536,12931,13966,1035,False,,,
7,49,local,U1,second32/phase/7,dram-33-1,sram-33,65536,12931,13966,1035,False,,,
7,49,local,U1,second33/phase/7,dram-34-1,sram-34,65536,12931,13966,1035,False,,,
7,49,local,U1,second35/phase/7,dram-36-1,sram-36,65536,12931,13966,1035,False,,,
7,49,local,U1,second36/phase/7,dram-37-1,sram-37,65536,12931,13966,1035,False,,,
7,49,local,U1,second37/phase/7,dram-38-1,sram-38,65536,12931,13966,1035,False,,,
7,49,local,U1,second38/phase/7,dram-39-1,sram-39,65536,12931,13966,1035,False,,,
7,49,local,U1,second39/phase/7,dram-40-1,sram-40,65536,12931,13966,1035,False,,,
7,49,local,U1,second40/phase/7,dram-41-1,sram-41,65536,12931,13966,1035,False,,,
7,49,local,U1,second42/phase/7,dram-43-1,sram-43,65536,12931,13966,1035,False,,,
7,49,local,U1,second43/phase/7,dram-44-1,sram-44,65536,12931,13966,1035,False,,,
7,49,local,U1,second44/phase/7,dram-45-1,sram-45,65536,12931,13966,1035,False,,,
7,49,local,U1,second45/phase/7,dram-46-1,sram-46,65536,12931,13966,1035,False,,,
7,49,local,U1,second46/phase/7,dram-47-1,sram-47,65536,12931,13966,1035,False,,,
7,49,local,U1,second47/phase/7,dram-48-1,sram-48,65536,12931,13966,1035,False,,,
7,49,local,U1,second6/phase/7,dram-7-1,sram-7,65536,13063,14098,1035,False,,,
7,49,local,U1,second13/phase/7,dram-14-1,sram-14,65536,13063,14098,1035,False,,,
7,49,local,U1,second20/phase/7,dram-21-1,sram-21,65536,13063,14098,1035,False,,,
7,49,local,U1,second27/phase/7,dram-28-1,sram-28,65536,13063,14098,1035,False,,,
7,49,local,U1,second34/phase/7,dram-35-1,sram-35,65536,13063,14098,1035,False,,,
7,49,local,U1,second41/phase/7,dram-42-1,sram-42,65536,13077,14112,1035,False,,,
7,49,local,U1,second48/phase/7,dram-0-1,sram-0,65536,13186,14221,1035,False,,,
7,49,local,U1,second0/phase/7,dram-1-1,sram-1,65536,14616,15651,1035,True,,,
7,49,local,U1,second1/phase/13,sram-2,dram-2-0,16384,18830,19097,267,False,,,
7,49,local,U1,second2/phase/13,sram-3,dram-3-0,16384,18830,19097,267,False,,,
7,49,local,U1,second3/phase/13,sram-4,dram-4-0,16384,18830,19097,267,False,,,
7,49,local,U1,second4/phase/13,sram-5,dram-5-0,16384,18830,19097,267,False,,,
7,49,local,U1,second5/phase/13,sram-6,dram-6-0,16384,18830,19097,267,False,,,
7,49,local,U1,second7/phase/13,sram-8,dram-8-0,16384,18830,19097,267,False,,,
7,49,local,U1,second8/phase/13,sram-9,dram-9-0,16384,18830,19097,267,False,,,
7,49,local,U1,second9/phase/13,sram-10,dram-10-0,16384,18830,19097,267,False,,,
7,49,local,U1,second10/phase/13,sram-11,dram-11-0,16384,18830,19097,267,False,,,
7,49,local,U1,second11/phase/13,sram-12,dram-12-0,16384,18830,19097,267,False,,,
7,49,local,U1,second12/phase/13,sram-13,dram-13-0,16384,18830,19097,267,False,,,
7,49,local,U1,second14/phase/13,sram-15,dram-15-0,16384,18830,19097,267,False,,,
7,49,local,U1,second15/phase/13,sram-16,dram-16-0,16384,18830,19097,267,False,,,
7,49,local,U1,second16/phase/13,sram-17,dram-17-0,16384,18830,19097,267,False,,,
7,49,local,U1,second17/phase/13,sram-18,dram-18-0,16384,18830,19097,267,False,,,
7,49,local,U1,second18/phase/13,sram-19,dram-19-0,16384,18830,19097,267,False,,,
7,49,local,U1,second19/phase/13,sram-20,dram-20-0,16384,18830,19097,267,False,,,
7,49,local,U1,second21/phase/13,sram-22,dram-22-0,16384,18830,19097,267,False,,,
7,49,local,U1,second22/phase/13,sram-23,dram-23-0,16384,18830,19097,267,False,,,
7,49,local,U1,second23/phase/13,sram-24,dram-24-0,16384,18830,19097,267,False,,,
7,49,local,U1,second24/phase/13,sram-25,dram-25-0,16384,18830,19097,267,False,,,
7,49,local,U1,second25/phase/13,sram-26,dram-26-0,16384,18830,19097,267,False,,,
7,49,local,U1,second26/phase/13,sram-27,dram-27-0,16384,18830,19097,267,False,,,
7,49,local,U1,second28/phase/13,sram-29,dram-29-0,16384,18830,19097,267,False,,,
7,49,local,U1,second29/phase/13,sram-30,dram-30-0,16384,18830,19097,267,False,,,
7,49,local,U1,second30/phase/13,sram-31,dram-31-0,16384,18830,19097,267,False,,,
7,49,local,U1,second31/phase/13,sram-32,dram-32-0,16384,18830,19097,267,False,,,
7,49,local,U1,second32/phase/13,sram-33,dram-33-0,16384,18830,19097,267,False,,,
7,49,local,U1,second33/phase/13,sram-34,dram-34-0,16384,18830,19097,267,False,,,
7,49,local,U1,second35/phase/13,sram-36,dram-36-0,16384,18830,19097,267,False,,,
7,49,local,U1,second36/phase/13,sram-37,dram-37-0,16384,18830,19097,267,False,,,
7,49,local,U1,second37/phase/13,sram-38,dram-38-0,16384,18830,19097,267,False,,,
7,49,local,U1,second38/phase/13,sram-39,dram-39-0,16384,18830,19097,267,False,,,
7,49,local,U1,second39/phase/13,sram-40,dram-40-0,16384,18830,19097,267,False,,,
7,49,local,U1,second40/phase/13,sram-41,dram-41-0,16384,18830,19097,267,False,,,
7,49,local,U1,second42/phase/13,sram-43,dram-43-0,16384,18830,19097,267,False,,,
7,49,local,U1,second43/phase/13,sram-44,dram-44-0,16384,18830,19097,267,False,,,
7,49,local,U1,second44/phase/13,sram-45,dram-45-0,16384,18830,19097,267,False,,,
7,49,local,U1,second45/phase/13,sram-46,dram-46-0,16384,18830,19097,267,False,,,
7,49,local,U1,second46/phase/13,sram-47,dram-47-0,16384,18830,19097,267,False,,,
7,49,local,U1,second47/phase/13,sram-48,dram-48-0,16384,18830,19097,267,False,,,
7,49,local,U1,second6/phase/13,sram-7,dram-7-0,16384,18962,19229,267,False,,,
7,49,local,U1,second13/phase/13,sram-14,dram-14-0,16384,18962,19229,267,False,,,
7,49,local,U1,second20/phase/13,sram-21,dram-21-0,16384,18962,19229,267,False,,,
7,49,local,U1,second27/phase/13,sram-28,dram-28-0,16384,18962,19229,267,False,,,
7,49,local,U1,second34/phase/13,sram-35,dram-35-0,16384,18962,19229,267,False,,,
7,49,local,U1,second41/phase/13,sram-42,dram-42-0,16384,18976,19243,267,False,,,
7,49,local,U1,second48/phase/13,sram-0,dram-0-0,16384,19085,19352,267,False,,,
7,49,local,U1,second1/phase/16,dram-2-0,sram-2,16,19899,19911,12,False,,,
7,49,local,U1,second2/phase/16,dram-3-0,sram-3,16,19899,19911,12,False,,,
7,49,local,U1,second3/phase/16,dram-4-0,sram-4,16,19899,19911,12,False,,,
7,49,local,U1,second4/phase/16,dram-5-0,sram-5,16,19899,19911,12,False,,,
7,49,local,U1,second5/phase/16,dram-6-0,sram-6,16,19899,19911,12,False,,,
7,49,local,U1,second7/phase/16,dram-8-0,sram-8,16,19899,19911,12,False,,,
7,49,local,U1,second8/phase/16,dram-9-0,sram-9,16,19899,19911,12,False,,,
7,49,local,U1,second9/phase/16,dram-10-0,sram-10,16,19899,19911,12,False,,,
7,49,local,U1,second10/phase/16,dram-11-0,sram-11,16,19899,19911,12,False,,,
7,49,local,U1,second11/phase/16,dram-12-0,sram-12,16,19899,19911,12,False,,,
7,49,local,U1,second12/phase/16,dram-13-0,sram-13,16,19899,19911,12,False,,,
7,49,local,U1,second14/phase/16,dram-15-0,sram-15,16,19899,19911,12,False,,,
7,49,local,U1,second15/phase/16,dram-16-0,sram-16,16,19899,19911,12,False,,,
7,49,local,U1,second16/phase/16,dram-17-0,sram-17,16,19899,19911,12,False,,,
7,49,local,U1,second17/phase/16,dram-18-0,sram-18,16,19899,19911,12,False,,,
7,49,local,U1,second18/phase/16,dram-19-0,sram-19,16,19899,19911,12,False,,,
7,49,local,U1,second19/phase/16,dram-20-0,sram-20,16,19899,19911,12,False,,,
7,49,local,U1,second21/phase/16,dram-22-0,sram-22,16,19899,19911,12,False,,,
7,49,local,U1,second22/phase/16,dram-23-0,sram-23,16,19899,19911,12,False,,,
7,49,local,U1,second23/phase/16,dram-24-0,sram-24,16,19899,19911,12,False,,,
7,49,local,U1,second24/phase/16,dram-25-0,sram-25,16,19899,19911,12,False,,,
7,49,local,U1,second25/phase/16,dram-26-0,sram-26,16,19899,19911,12,False,,,
7,49,local,U1,second26/phase/16,dram-27-0,sram-27,16,19899,19911,12,False,,,
7,49,local,U1,second28/phase/16,dram-29-0,sram-29,16,19899,19911,12,False,,,
7,49,local,U1,second29/phase/16,dram-30-0,sram-30,16,19899,19911,12,False,,,
7,49,local,U1,second30/phase/16,dram-31-0,sram-31,16,19899,19911,12,False,,,
7,49,local,U1,second31/phase/16,dram-32-0,sram-32,16,19899,19911,12,False,,,
7,49,local,U1,second32/phase/16,dram-33-0,sram-33,16,19899,19911,12,False,,,
7,49,local,U1,second33/phase/16,dram-34-0,sram-34,16,19899,19911,12,False,,,
7,49,local,U1,second35/phase/16,dram-36-0,sram-36,16,19899,19911,12,False,,,
7,49,local,U1,second36/phase/16,dram-37-0,sram-37,16,19899,19911,12,False,,,
7,49,local,U1,second37/phase/16,dram-38-0,sram-38,16,19899,19911,12,False,,,
7,49,local,U1,second38/phase/16,dram-39-0,sram-39,16,19899,19911,12,False,,,
7,49,local,U1,second39/phase/16,dram-40-0,sram-40,16,19899,19911,12,False,,,
7,49,local,U1,second40/phase/16,dram-41-0,sram-41,16,19899,19911,12,False,,,
7,49,local,U1,second42/phase/16,dram-43-0,sram-43,16,19899,19911,12,False,,,
7,49,local,U1,second43/phase/16,dram-44-0,sram-44,16,19899,19911,12,False,,,
7,49,local,U1,second44/phase/16,dram-45-0,sram-45,16,19899,19911,12,False,,,
7,49,local,U1,second45/phase/16,dram-46-0,sram-46,16,19899,19911,12,False,,,
7,49,local,U1,second46/phase/16,dram-47-0,sram-47,16,19899,19911,12,False,,,
7,49,local,U1,second47/phase/16,dram-48-0,sram-48,16,19899,19911,12,False,,,
7,49,local,U1,second6/phase/16,dram-7-0,sram-7,16,20031,20043,12,False,,,
7,49,local,U1,second13/phase/16,dram-14-0,sram-14,16,20031,20043,12,False,,,
7,49,local,U1,second20/phase/16,dram-21-0,sram-21,16,20031,20043,12,False,,,
7,49,local,U1,second27/phase/16,dram-28-0,sram-28,16,20031,20043,12,False,,,
7,49,local,U1,second34/phase/16,dram-35-0,sram-35,16,20031,20043,12,False,,,
7,49,local,U1,second41/phase/16,dram-42-0,sram-42,16,20045,20057,12,False,,,
7,49,local,U1,second48/phase/16,dram-0-0,sram-0,16,20154,20166,12,False,,,
7,49,local,U1,second0/phase/13,sram-1,dram-1-0,16384,20515,20782,267,True,,,
7,49,local,U1,second0/phase/16,dram-1-0,sram-1,16,21584,21596,12,True,,,
7,49,local,S,first0/phase/0,sram-0,host-memory,16,0,32,32,True,0,0,1.0
7,49,local,S,first1/phase/0,sram-1,dram-1-0,16,0,13,13,False,0,0,1.0
7,49,local,S,first2/phase/0,sram-2,dram-2-0,16,0,13,13,False,0,0,1.0
7,49,local,S,first3/phase/0,sram-3,dram-3-0,16,0,13,13,False,0,0,1.0
7,49,local,S,first4/phase/0,sram-4,dram-4-0,16,0,13,13,False,0,0,1.0
7,49,local,S,first5/phase/0,sram-5,dram-5-0,16,0,13,13,False,0,0,1.0
7,49,local,S,first6/phase/0,sram-6,dram-6-0,16,0,13,13,False,0,0,1.0
7,49,local,S,first7/phase/0,sram-7,dram-7-0,16,0,13,13,False,0,0,1.0
7,49,local,S,first8/phase/0,sram-8,dram-8-0,16,0,13,13,False,0,0,1.0
7,49,local,S,first9/phase/0,sram-9,dram-9-0,16,0,13,13,False,0,0,1.0
7,49,local,S,first10/phase/0,sram-10,dram-10-0,16,0,13,13,False,0,0,1.0
7,49,local,S,first11/phase/0,sram-11,dram-11-0,16,0,13,13,False,0,0,1.0
7,49,local,S,first12/phase/0,sram-12,dram-12-0,16,0,13,13,False,0,0,1.0
7,49,local,S,first13/phase/0,sram-13,dram-13-0,16,0,13,13,False,0,0,1.0
7,49,local,S,first14/phase/0,sram-14,dram-14-0,16,0,13,13,False,0,0,1.0
7,49,local,S,first15/phase/0,sram-15,dram-15-0,16,0,13,13,False,0,0,1.0
7,49,local,S,first16/phase/0,sram-16,dram-16-0,16,0,13,13,False,0,0,1.0
7,49,local,S,first17/phase/0,sram-17,dram-17-0,16,0,13,13,False,0,0,1.0
7,49,local,S,first18/phase/0,sram-18,dram-18-0,16,0,13,13,False,0,0,1.0
7,49,local,S,first19/phase/0,sram-19,dram-19-0,16,0,13,13,False,0,0,1.0
7,49,local,S,first20/phase/0,sram-20,dram-20-0,16,0,13,13,False,0,0,1.0
7,49,local,S,first21/phase/0,sram-21,dram-21-0,16,0,13,13,False,0,0,1.0
7,49,local,S,first22/phase/0,sram-22,dram-22-0,16,0,13,13,False,0,0,1.0
7,49,local,S,first23/phase/0,sram-23,dram-23-0,16,0,13,13,False,0,0,1.0
7,49,local,S,first24/phase/0,sram-24,dram-24-0,16,0,13,13,False,0,0,1.0
7,49,local,S,first25/phase/0,sram-25,dram-25-0,16,0,13,13,False,0,0,1.0
7,49,local,S,first26/phase/0,sram-26,dram-26-0,16,0,13,13,False,0,0,1.0
7,49,local,S,first27/phase/0,sram-27,dram-27-0,16,0,13,13,False,0,0,1.0
7,49,local,S,first28/phase/0,sram-28,dram-28-0,16,0,13,13,False,0,0,1.0
7,49,local,S,first29/phase/0,sram-29,dram-29-0,16,0,13,13,False,0,0,1.0
7,49,local,S,first30/phase/0,sram-30,dram-30-0,16,0,13,13,False,0,0,1.0
7,49,local,S,first31/phase/0,sram-31,dram-31-0,16,0,13,13,False,0,0,1.0
7,49,local,S,first32/phase/0,sram-32,dram-32-0,16,0,13,13,False,0,0,1.0
7,49,local,S,first33/phase/0,sram-33,dram-33-0,16,0,13,13,False,0,0,1.0
7,49,local,S,first34/phase/0,sram-34,dram-34-0,16,0,13,13,False,0,0,1.0
7,49,local,S,first35/phase/0,sram-35,dram-35-0,16,0,13,13,False,0,0,1.0
7,49,local,S,first36/phase/0,sram-36,dram-36-0,16,0,13,13,False,0,0,1.0
7,49,local,S,first37/phase/0,sram-37,dram-37-0,16,0,13,13,False,0,0,1.0
7,49,local,S,first38/phase/0,sram-38,dram-38-0,16,0,13,13,False,0,0,1.0
7,49,local,S,first39/phase/0,sram-39,dram-39-0,16,0,13,13,False,0,0,1.0
7,49,local,S,first40/phase/0,sram-40,dram-40-0,16,0,13,13,False,0,0,1.0
7,49,local,S,first41/phase/0,sram-41,dram-41-0,16,0,13,13,False,0,0,1.0
7,49,local,S,first42/phase/0,sram-42,dram-42-0,16,0,13,13,False,0,0,1.0
7,49,local,S,first43/phase/0,sram-43,dram-43-0,16,0,13,13,False,0,0,1.0
7,49,local,S,first44/phase/0,sram-44,dram-44-0,16,0,13,13,False,0,0,1.0
7,49,local,S,first45/phase/0,sram-45,dram-45-0,16,0,13,13,False,0,0,1.0
7,49,local,S,first46/phase/0,sram-46,dram-46-0,16,0,13,13,False,0,0,1.0
7,49,local,S,first47/phase/0,sram-47,dram-47-0,16,0,13,13,False,0,0,1.0
7,49,local,S,first48/phase/0,sram-48,dram-48-0,16,0,13,13,False,0,0,1.0
7,49,local,S,first0/phase/4,host-memory,sram-0,16384,888,1430,542,True,0,451,1.0
7,49,local,S,first0/phase/6,sram-0,dram-0-0,16,1686,1699,13,True,0,0,1.0
7,49,local,S,first1/phase/4,dram-1-0,sram-1,65536,3119,5178,2059,False,0,1987,1.0
7,49,local,S,first2/phase/4,dram-2-0,sram-2,65536,3119,5178,2059,False,0,1987,1.0
7,49,local,S,first3/phase/4,dram-3-0,sram-3,65536,3119,5178,2059,False,0,1987,1.0
7,49,local,S,first4/phase/4,dram-4-0,sram-4,65536,3119,5178,2059,False,0,1987,1.0
7,49,local,S,first5/phase/4,dram-5-0,sram-5,65536,3119,5178,2059,False,0,1987,1.0
7,49,local,S,first6/phase/4,dram-6-0,sram-6,65536,3119,5178,2059,False,0,1987,1.0
7,49,local,S,first7/phase/4,dram-7-0,sram-7,65536,3119,5178,2059,False,0,1987,1.0
7,49,local,S,first8/phase/4,dram-8-0,sram-8,65536,3119,5178,2059,False,0,1987,1.0
7,49,local,S,first9/phase/4,dram-9-0,sram-9,65536,3119,5178,2059,False,0,1987,1.0
7,49,local,S,first10/phase/4,dram-10-0,sram-10,65536,3119,5178,2059,False,0,1987,1.0
7,49,local,S,first11/phase/4,dram-11-0,sram-11,65536,3119,5178,2059,False,0,1987,1.0
7,49,local,S,first12/phase/4,dram-12-0,sram-12,65536,3119,5178,2059,False,0,1987,1.0
7,49,local,S,first13/phase/4,dram-13-0,sram-13,65536,3119,5178,2059,False,0,1987,1.0
7,49,local,S,first14/phase/4,dram-14-0,sram-14,65536,3119,5178,2059,False,0,1987,1.0
7,49,local,S,first15/phase/4,dram-15-0,sram-15,65536,3119,5178,2059,False,0,1987,1.0
7,49,local,S,first16/phase/4,dram-16-0,sram-16,65536,3119,5178,2059,False,0,1987,1.0
7,49,local,S,first17/phase/4,dram-17-0,sram-17,65536,3119,5178,2059,False,0,1987,1.0
7,49,local,S,first18/phase/4,dram-18-0,sram-18,65536,3119,5178,2059,False,0,1987,1.0
7,49,local,S,first19/phase/4,dram-19-0,sram-19,65536,3119,5178,2059,False,0,1987,1.0
7,49,local,S,first20/phase/4,dram-20-0,sram-20,65536,3119,5178,2059,False,0,1987,1.0
7,49,local,S,first21/phase/4,dram-21-0,sram-21,65536,3119,5178,2059,False,0,1987,1.0
7,49,local,S,first22/phase/4,dram-22-0,sram-22,65536,3119,5178,2059,False,0,1987,1.0
7,49,local,S,first23/phase/4,dram-23-0,sram-23,65536,3119,5178,2059,False,0,1987,1.0
7,49,local,S,first24/phase/4,dram-24-0,sram-24,65536,3119,5178,2059,False,0,1987,1.0
7,49,local,S,first25/phase/4,dram-25-0,sram-25,65536,3119,5178,2059,False,0,1987,1.0
7,49,local,S,first26/phase/4,dram-26-0,sram-26,65536,3119,5178,2059,False,0,1987,1.0
7,49,local,S,first27/phase/4,dram-27-0,sram-27,65536,3119,5178,2059,False,0,1987,1.0
7,49,local,S,first28/phase/4,dram-28-0,sram-28,65536,3119,5178,2059,False,0,1987,1.0
7,49,local,S,first29/phase/4,dram-29-0,sram-29,65536,3119,5178,2059,False,0,1987,1.0
7,49,local,S,first30/phase/4,dram-30-0,sram-30,65536,3119,5178,2059,False,0,1987,1.0
7,49,local,S,first31/phase/4,dram-31-0,sram-31,65536,3119,5178,2059,False,0,1987,1.0
7,49,local,S,first32/phase/4,dram-32-0,sram-32,65536,3119,5178,2059,False,0,1987,1.0
7,49,local,S,first33/phase/4,dram-33-0,sram-33,65536,3119,5178,2059,False,0,1987,1.0
7,49,local,S,first34/phase/4,dram-34-0,sram-34,65536,3119,5178,2059,False,0,1987,1.0
7,49,local,S,first35/phase/4,dram-35-0,sram-35,65536,3119,5178,2059,False,0,1987,1.0
7,49,local,S,first36/phase/4,dram-36-0,sram-36,65536,3119,5178,2059,False,0,1987,1.0
7,49,local,S,first37/phase/4,dram-37-0,sram-37,65536,3119,5178,2059,False,0,1987,1.0
7,49,local,S,first38/phase/4,dram-38-0,sram-38,65536,3119,5178,2059,False,0,1987,1.0
7,49,local,S,first39/phase/4,dram-39-0,sram-39,65536,3119,5178,2059,False,0,1987,1.0
7,49,local,S,first40/phase/4,dram-40-0,sram-40,65536,3119,5178,2059,False,0,1987,1.0
7,49,local,S,first41/phase/4,dram-41-0,sram-41,65536,3119,5178,2059,False,0,1987,1.0
7,49,local,S,first42/phase/4,dram-42-0,sram-42,65536,3119,5178,2059,False,0,1987,1.0
7,49,local,S,first43/phase/4,dram-43-0,sram-43,65536,3119,5178,2059,False,0,1987,1.0
7,49,local,S,first44/phase/4,dram-44-0,sram-44,65536,3119,5178,2059,False,0,1987,1.0
7,49,local,S,first45/phase/4,dram-45-0,sram-45,65536,3119,5178,2059,False,0,1987,1.0
7,49,local,S,first46/phase/4,dram-46-0,sram-46,65536,3119,5178,2059,False,0,1987,1.0
7,49,local,S,first47/phase/4,dram-47-0,sram-47,65536,3119,5178,2059,False,0,1987,1.0
7,49,local,S,first48/phase/4,dram-48-0,sram-48,65536,3119,5178,2059,False,0,1987,1.0
7,49,local,S,first0/phase/10,dram-0-0,sram-0,65536,4805,6864,2059,True,0,1987,1.0
7,49,local,S,second1/phase/1,sram-1,sram-2,16384,10042,10582,540,False,0,451,1.0
7,49,local,S,second2/phase/1,sram-2,sram-3,16384,10042,10582,540,False,0,451,1.0
7,49,local,S,second3/phase/1,sram-3,sram-4,16384,10042,10582,540,False,0,451,1.0
7,49,local,S,second4/phase/1,sram-4,sram-5,16384,10042,10582,540,False,0,451,1.0
7,49,local,S,second5/phase/1,sram-5,sram-6,16384,10042,10582,540,False,0,451,1.0
7,49,local,S,second6/phase/1,sram-6,sram-7,16384,10042,10714,672,False,0,451,7.0
7,49,local,S,second7/phase/1,sram-7,sram-8,16384,10042,10582,540,False,0,451,1.0
7,49,local,S,second8/phase/1,sram-8,sram-9,16384,10042,10582,540,False,0,451,1.0
7,49,local,S,second9/phase/1,sram-9,sram-10,16384,10042,10582,540,False,0,451,1.0
7,49,local,S,second10/phase/1,sram-10,sram-11,16384,10042,10582,540,False,0,451,1.0
7,49,local,S,second11/phase/1,sram-11,sram-12,16384,10042,10582,540,False,0,451,1.0
7,49,local,S,second12/phase/1,sram-12,sram-13,16384,10042,10582,540,False,0,451,1.0
7,49,local,S,second13/phase/1,sram-13,sram-14,16384,10042,10714,672,False,0,451,7.0
7,49,local,S,second14/phase/1,sram-14,sram-15,16384,10042,10582,540,False,0,451,1.0
7,49,local,S,second15/phase/1,sram-15,sram-16,16384,10042,10582,540,False,0,451,1.0
7,49,local,S,second16/phase/1,sram-16,sram-17,16384,10042,10582,540,False,0,451,1.0
7,49,local,S,second17/phase/1,sram-17,sram-18,16384,10042,10582,540,False,0,451,1.0
7,49,local,S,second18/phase/1,sram-18,sram-19,16384,10042,10582,540,False,0,451,1.0
7,49,local,S,second19/phase/1,sram-19,sram-20,16384,10042,10582,540,False,0,451,1.0
7,49,local,S,second20/phase/1,sram-20,sram-21,16384,10042,10714,672,False,0,451,7.0
7,49,local,S,second21/phase/1,sram-21,sram-22,16384,10042,10582,540,False,0,451,1.0
7,49,local,S,second22/phase/1,sram-22,sram-23,16384,10042,10582,540,False,0,451,1.0
7,49,local,S,second23/phase/1,sram-23,sram-24,16384,10042,10582,540,False,0,451,1.0
7,49,local,S,second24/phase/1,sram-24,sram-25,16384,10042,10582,540,False,0,451,1.0
7,49,local,S,second25/phase/1,sram-25,sram-26,16384,10042,10582,540,False,0,451,1.0
7,49,local,S,second26/phase/1,sram-26,sram-27,16384,10042,10582,540,False,0,451,1.0
7,49,local,S,second27/phase/1,sram-27,sram-28,16384,10042,10714,672,False,0,451,7.0
7,49,local,S,second28/phase/1,sram-28,sram-29,16384,10042,10582,540,False,0,451,1.0
7,49,local,S,second29/phase/1,sram-29,sram-30,16384,10042,10582,540,False,0,451,1.0
7,49,local,S,second30/phase/1,sram-30,sram-31,16384,10042,10582,540,False,0,451,1.0
7,49,local,S,second31/phase/1,sram-31,sram-32,16384,10042,10582,540,False,0,451,1.0
7,49,local,S,second32/phase/1,sram-32,sram-33,16384,10042,10582,540,False,0,451,1.0
7,49,local,S,second33/phase/1,sram-33,sram-34,16384,10042,10582,540,False,0,451,1.0
7,49,local,S,second34/phase/1,sram-34,sram-35,16384,10042,10714,672,False,0,451,7.0
7,49,local,S,second35/phase/1,sram-35,sram-36,16384,10042,10582,540,False,0,451,1.0
7,49,local,S,second36/phase/1,sram-36,sram-37,16384,10042,10582,540,False,0,451,1.0
7,49,local,S,second37/phase/1,sram-37,sram-38,16384,10042,10582,540,False,0,451,1.0
7,49,local,S,second38/phase/1,sram-38,sram-39,16384,10042,10582,540,False,0,451,1.0
7,49,local,S,second39/phase/1,sram-39,sram-40,16384,10042,10582,540,False,0,451,1.0
7,49,local,S,second40/phase/1,sram-40,sram-41,16384,10042,10582,540,False,0,451,1.0
7,49,local,S,second41/phase/1,sram-41,sram-42,16384,10042,10728,686,False,0,451,7.0
7,49,local,S,second42/phase/1,sram-42,sram-43,16384,10042,10582,540,False,0,451,1.0
7,49,local,S,second43/phase/1,sram-43,sram-44,16384,10042,10582,540,False,0,451,1.0
7,49,local,S,second44/phase/1,sram-44,sram-45,16384,10042,10582,540,False,0,451,1.0
7,49,local,S,second45/phase/1,sram-45,sram-46,16384,10042,10582,540,False,0,451,1.0
7,49,local,S,second46/phase/1,sram-46,sram-47,16384,10042,10582,540,False,0,451,1.0
7,49,local,S,second47/phase/1,sram-47,sram-48,16384,10042,10582,540,False,0,451,1.0
7,49,local,S,second48/phase/1,sram-48,sram-0,16384,10042,10837,795,False,0,465,12.0
7,49,local,S,second1/phase/3,sram-2,dram-2-1,16,10838,10851,13,False,0,0,1.0
7,49,local,S,second2/phase/3,sram-3,dram-3-1,16,10838,10851,13,False,0,0,1.0
7,49,local,S,second3/phase/3,sram-4,dram-4-1,16,10838,10851,13,False,0,0,1.0
7,49,local,S,second4/phase/3,sram-5,dram-5-1,16,10838,10851,13,False,0,0,1.0
7,49,local,S,second5/phase/3,sram-6,dram-6-1,16,10838,10851,13,False,0,0,1.0
7,49,local,S,second7/phase/3,sram-8,dram-8-1,16,10838,10851,13,False,0,0,1.0
7,49,local,S,second8/phase/3,sram-9,dram-9-1,16,10838,10851,13,False,0,0,1.0
7,49,local,S,second9/phase/3,sram-10,dram-10-1,16,10838,10851,13,False,0,0,1.0
7,49,local,S,second10/phase/3,sram-11,dram-11-1,16,10838,10851,13,False,0,0,1.0
7,49,local,S,second11/phase/3,sram-12,dram-12-1,16,10838,10851,13,False,0,0,1.0
7,49,local,S,second12/phase/3,sram-13,dram-13-1,16,10838,10851,13,False,0,0,1.0
7,49,local,S,second14/phase/3,sram-15,dram-15-1,16,10838,10851,13,False,0,0,1.0
7,49,local,S,second15/phase/3,sram-16,dram-16-1,16,10838,10851,13,False,0,0,1.0
7,49,local,S,second16/phase/3,sram-17,dram-17-1,16,10838,10851,13,False,0,0,1.0
7,49,local,S,second17/phase/3,sram-18,dram-18-1,16,10838,10851,13,False,0,0,1.0
7,49,local,S,second18/phase/3,sram-19,dram-19-1,16,10838,10851,13,False,0,0,1.0
7,49,local,S,second19/phase/3,sram-20,dram-20-1,16,10838,10851,13,False,0,0,1.0
7,49,local,S,second21/phase/3,sram-22,dram-22-1,16,10838,10851,13,False,0,0,1.0
7,49,local,S,second22/phase/3,sram-23,dram-23-1,16,10838,10851,13,False,0,0,1.0
7,49,local,S,second23/phase/3,sram-24,dram-24-1,16,10838,10851,13,False,0,0,1.0
7,49,local,S,second24/phase/3,sram-25,dram-25-1,16,10838,10851,13,False,0,0,1.0
7,49,local,S,second25/phase/3,sram-26,dram-26-1,16,10838,10851,13,False,0,0,1.0
7,49,local,S,second26/phase/3,sram-27,dram-27-1,16,10838,10851,13,False,0,0,1.0
7,49,local,S,second28/phase/3,sram-29,dram-29-1,16,10838,10851,13,False,0,0,1.0
7,49,local,S,second29/phase/3,sram-30,dram-30-1,16,10838,10851,13,False,0,0,1.0
7,49,local,S,second30/phase/3,sram-31,dram-31-1,16,10838,10851,13,False,0,0,1.0
7,49,local,S,second31/phase/3,sram-32,dram-32-1,16,10838,10851,13,False,0,0,1.0
7,49,local,S,second32/phase/3,sram-33,dram-33-1,16,10838,10851,13,False,0,0,1.0
7,49,local,S,second33/phase/3,sram-34,dram-34-1,16,10838,10851,13,False,0,0,1.0
7,49,local,S,second35/phase/3,sram-36,dram-36-1,16,10838,10851,13,False,0,0,1.0
7,49,local,S,second36/phase/3,sram-37,dram-37-1,16,10838,10851,13,False,0,0,1.0
7,49,local,S,second37/phase/3,sram-38,dram-38-1,16,10838,10851,13,False,0,0,1.0
7,49,local,S,second38/phase/3,sram-39,dram-39-1,16,10838,10851,13,False,0,0,1.0
7,49,local,S,second39/phase/3,sram-40,dram-40-1,16,10838,10851,13,False,0,0,1.0
7,49,local,S,second40/phase/3,sram-41,dram-41-1,16,10838,10851,13,False,0,0,1.0
7,49,local,S,second42/phase/3,sram-43,dram-43-1,16,10838,10851,13,False,0,0,1.0
7,49,local,S,second43/phase/3,sram-44,dram-44-1,16,10838,10851,13,False,0,0,1.0
7,49,local,S,second44/phase/3,sram-45,dram-45-1,16,10838,10851,13,False,0,0,1.0
7,49,local,S,second45/phase/3,sram-46,dram-46-1,16,10838,10851,13,False,0,0,1.0
7,49,local,S,second46/phase/3,sram-47,dram-47-1,16,10838,10851,13,False,0,0,1.0
7,49,local,S,second47/phase/3,sram-48,dram-48-1,16,10838,10851,13,False,0,0,1.0
7,49,local,S,second6/phase/3,sram-7,dram-7-1,16,10970,10983,13,False,0,0,1.0
7,49,local,S,second13/phase/3,sram-14,dram-14-1,16,10970,10983,13,False,0,0,1.0
7,49,local,S,second20/phase/3,sram-21,dram-21-1,16,10970,10983,13,False,0,0,1.0
7,49,local,S,second27/phase/3,sram-28,dram-28-1,16,10970,10983,13,False,0,0,1.0
7,49,local,S,second34/phase/3,sram-35,dram-35-1,16,10970,10983,13,False,0,0,1.0
7,49,local,S,second41/phase/3,sram-42,dram-42-1,16,10984,10997,13,False,0,0,1.0
7,49,local,S,second48/phase/3,sram-0,dram-0-1,16,11093,11106,13,False,0,0,1.0
7,49,local,S,second0/phase/1,sram-0,sram-1,16384,11728,12267,539,True,0,451,1.0
7,49,local,S,second0/phase/3,sram-1,dram-1-1,16,12523,12536,13,True,0,0,1.0
7,49,local,S,second1/phase/7,dram-2-1,sram-2,65536,13957,16016,2059,False,0,1987,1.0
7,49,local,S,second2/phase/7,dram-3-1,sram-3,65536,13957,16016,2059,False,0,1987,1.0
7,49,local,S,second3/phase/7,dram-4-1,sram-4,65536,13957,16016,2059,False,0,1987,1.0
7,49,local,S,second4/phase/7,dram-5-1,sram-5,65536,13957,16016,2059,False,0,1987,1.0
7,49,local,S,second5/phase/7,dram-6-1,sram-6,65536,13957,16016,2059,False,0,1987,1.0
7,49,local,S,second7/phase/7,dram-8-1,sram-8,65536,13957,16016,2059,False,0,1987,1.0
7,49,local,S,second8/phase/7,dram-9-1,sram-9,65536,13957,16016,2059,False,0,1987,1.0
7,49,local,S,second9/phase/7,dram-10-1,sram-10,65536,13957,16016,2059,False,0,1987,1.0
7,49,local,S,second10/phase/7,dram-11-1,sram-11,65536,13957,16016,2059,False,0,1987,1.0
7,49,local,S,second11/phase/7,dram-12-1,sram-12,65536,13957,16016,2059,False,0,1987,1.0
7,49,local,S,second12/phase/7,dram-13-1,sram-13,65536,13957,16016,2059,False,0,1987,1.0
7,49,local,S,second14/phase/7,dram-15-1,sram-15,65536,13957,16016,2059,False,0,1987,1.0
7,49,local,S,second15/phase/7,dram-16-1,sram-16,65536,13957,16016,2059,False,0,1987,1.0
7,49,local,S,second16/phase/7,dram-17-1,sram-17,65536,13957,16016,2059,False,0,1987,1.0
7,49,local,S,second17/phase/7,dram-18-1,sram-18,65536,13957,16016,2059,False,0,1987,1.0
7,49,local,S,second18/phase/7,dram-19-1,sram-19,65536,13957,16016,2059,False,0,1987,1.0
7,49,local,S,second19/phase/7,dram-20-1,sram-20,65536,13957,16016,2059,False,0,1987,1.0
7,49,local,S,second21/phase/7,dram-22-1,sram-22,65536,13957,16016,2059,False,0,1987,1.0
7,49,local,S,second22/phase/7,dram-23-1,sram-23,65536,13957,16016,2059,False,0,1987,1.0
7,49,local,S,second23/phase/7,dram-24-1,sram-24,65536,13957,16016,2059,False,0,1987,1.0
7,49,local,S,second24/phase/7,dram-25-1,sram-25,65536,13957,16016,2059,False,0,1987,1.0
7,49,local,S,second25/phase/7,dram-26-1,sram-26,65536,13957,16016,2059,False,0,1987,1.0
7,49,local,S,second26/phase/7,dram-27-1,sram-27,65536,13957,16016,2059,False,0,1987,1.0
7,49,local,S,second28/phase/7,dram-29-1,sram-29,65536,13957,16016,2059,False,0,1987,1.0
7,49,local,S,second29/phase/7,dram-30-1,sram-30,65536,13957,16016,2059,False,0,1987,1.0
7,49,local,S,second30/phase/7,dram-31-1,sram-31,65536,13957,16016,2059,False,0,1987,1.0
7,49,local,S,second31/phase/7,dram-32-1,sram-32,65536,13957,16016,2059,False,0,1987,1.0
7,49,local,S,second32/phase/7,dram-33-1,sram-33,65536,13957,16016,2059,False,0,1987,1.0
7,49,local,S,second33/phase/7,dram-34-1,sram-34,65536,13957,16016,2059,False,0,1987,1.0
7,49,local,S,second35/phase/7,dram-36-1,sram-36,65536,13957,16016,2059,False,0,1987,1.0
7,49,local,S,second36/phase/7,dram-37-1,sram-37,65536,13957,16016,2059,False,0,1987,1.0
7,49,local,S,second37/phase/7,dram-38-1,sram-38,65536,13957,16016,2059,False,0,1987,1.0
7,49,local,S,second38/phase/7,dram-39-1,sram-39,65536,13957,16016,2059,False,0,1987,1.0
7,49,local,S,second39/phase/7,dram-40-1,sram-40,65536,13957,16016,2059,False,0,1987,1.0
7,49,local,S,second40/phase/7,dram-41-1,sram-41,65536,13957,16016,2059,False,0,1987,1.0
7,49,local,S,second42/phase/7,dram-43-1,sram-43,65536,13957,16016,2059,False,0,1987,1.0
7,49,local,S,second43/phase/7,dram-44-1,sram-44,65536,13957,16016,2059,False,0,1987,1.0
7,49,local,S,second44/phase/7,dram-45-1,sram-45,65536,13957,16016,2059,False,0,1987,1.0
7,49,local,S,second45/phase/7,dram-46-1,sram-46,65536,13957,16016,2059,False,0,1987,1.0
7,49,local,S,second46/phase/7,dram-47-1,sram-47,65536,13957,16016,2059,False,0,1987,1.0
7,49,local,S,second47/phase/7,dram-48-1,sram-48,65536,13957,16016,2059,False,0,1987,1.0
7,49,local,S,second6/phase/7,dram-7-1,sram-7,65536,14089,16148,2059,False,0,1987,1.0
7,49,local,S,second13/phase/7,dram-14-1,sram-14,65536,14089,16148,2059,False,0,1987,1.0
7,49,local,S,second20/phase/7,dram-21-1,sram-21,65536,14089,16148,2059,False,0,1987,1.0
7,49,local,S,second27/phase/7,dram-28-1,sram-28,65536,14089,16148,2059,False,0,1987,1.0
7,49,local,S,second34/phase/7,dram-35-1,sram-35,65536,14089,16148,2059,False,0,1987,1.0
7,49,local,S,second41/phase/7,dram-42-1,sram-42,65536,14103,16162,2059,False,0,1987,1.0
7,49,local,S,second48/phase/7,dram-0-1,sram-0,65536,14212,16271,2059,False,0,1987,1.0
7,49,local,S,second0/phase/7,dram-1-1,sram-1,65536,15642,17701,2059,True,0,1987,1.0
7,49,local,S,second1/phase/13,sram-2,dram-2-0,16384,20880,21403,523,False,0,451,1.0
7,49,local,S,second2/phase/13,sram-3,dram-3-0,16384,20880,21403,523,False,0,451,1.0
7,49,local,S,second3/phase/13,sram-4,dram-4-0,16384,20880,21403,523,False,0,451,1.0
7,49,local,S,second4/phase/13,sram-5,dram-5-0,16384,20880,21403,523,False,0,451,1.0
7,49,local,S,second5/phase/13,sram-6,dram-6-0,16384,20880,21403,523,False,0,451,1.0
7,49,local,S,second7/phase/13,sram-8,dram-8-0,16384,20880,21403,523,False,0,451,1.0
7,49,local,S,second8/phase/13,sram-9,dram-9-0,16384,20880,21403,523,False,0,451,1.0
7,49,local,S,second9/phase/13,sram-10,dram-10-0,16384,20880,21403,523,False,0,451,1.0
7,49,local,S,second10/phase/13,sram-11,dram-11-0,16384,20880,21403,523,False,0,451,1.0
7,49,local,S,second11/phase/13,sram-12,dram-12-0,16384,20880,21403,523,False,0,451,1.0
7,49,local,S,second12/phase/13,sram-13,dram-13-0,16384,20880,21403,523,False,0,451,1.0
7,49,local,S,second14/phase/13,sram-15,dram-15-0,16384,20880,21403,523,False,0,451,1.0
7,49,local,S,second15/phase/13,sram-16,dram-16-0,16384,20880,21403,523,False,0,451,1.0
7,49,local,S,second16/phase/13,sram-17,dram-17-0,16384,20880,21403,523,False,0,451,1.0
7,49,local,S,second17/phase/13,sram-18,dram-18-0,16384,20880,21403,523,False,0,451,1.0
7,49,local,S,second18/phase/13,sram-19,dram-19-0,16384,20880,21403,523,False,0,451,1.0
7,49,local,S,second19/phase/13,sram-20,dram-20-0,16384,20880,21403,523,False,0,451,1.0
7,49,local,S,second21/phase/13,sram-22,dram-22-0,16384,20880,21403,523,False,0,451,1.0
7,49,local,S,second22/phase/13,sram-23,dram-23-0,16384,20880,21403,523,False,0,451,1.0
7,49,local,S,second23/phase/13,sram-24,dram-24-0,16384,20880,21403,523,False,0,451,1.0
7,49,local,S,second24/phase/13,sram-25,dram-25-0,16384,20880,21403,523,False,0,451,1.0
7,49,local,S,second25/phase/13,sram-26,dram-26-0,16384,20880,21403,523,False,0,451,1.0
7,49,local,S,second26/phase/13,sram-27,dram-27-0,16384,20880,21403,523,False,0,451,1.0
7,49,local,S,second28/phase/13,sram-29,dram-29-0,16384,20880,21403,523,False,0,451,1.0
7,49,local,S,second29/phase/13,sram-30,dram-30-0,16384,20880,21403,523,False,0,451,1.0
7,49,local,S,second30/phase/13,sram-31,dram-31-0,16384,20880,21403,523,False,0,451,1.0
7,49,local,S,second31/phase/13,sram-32,dram-32-0,16384,20880,21403,523,False,0,451,1.0
7,49,local,S,second32/phase/13,sram-33,dram-33-0,16384,20880,21403,523,False,0,451,1.0
7,49,local,S,second33/phase/13,sram-34,dram-34-0,16384,20880,21403,523,False,0,451,1.0
7,49,local,S,second35/phase/13,sram-36,dram-36-0,16384,20880,21403,523,False,0,451,1.0
7,49,local,S,second36/phase/13,sram-37,dram-37-0,16384,20880,21403,523,False,0,451,1.0
7,49,local,S,second37/phase/13,sram-38,dram-38-0,16384,20880,21403,523,False,0,451,1.0
7,49,local,S,second38/phase/13,sram-39,dram-39-0,16384,20880,21403,523,False,0,451,1.0
7,49,local,S,second39/phase/13,sram-40,dram-40-0,16384,20880,21403,523,False,0,451,1.0
7,49,local,S,second40/phase/13,sram-41,dram-41-0,16384,20880,21403,523,False,0,451,1.0
7,49,local,S,second42/phase/13,sram-43,dram-43-0,16384,20880,21403,523,False,0,451,1.0
7,49,local,S,second43/phase/13,sram-44,dram-44-0,16384,20880,21403,523,False,0,451,1.0
7,49,local,S,second44/phase/13,sram-45,dram-45-0,16384,20880,21403,523,False,0,451,1.0
7,49,local,S,second45/phase/13,sram-46,dram-46-0,16384,20880,21403,523,False,0,451,1.0
7,49,local,S,second46/phase/13,sram-47,dram-47-0,16384,20880,21403,523,False,0,451,1.0
7,49,local,S,second47/phase/13,sram-48,dram-48-0,16384,20880,21403,523,False,0,451,1.0
7,49,local,S,second6/phase/13,sram-7,dram-7-0,16384,21012,21535,523,False,0,451,1.0
7,49,local,S,second13/phase/13,sram-14,dram-14-0,16384,21012,21535,523,False,0,451,1.0
7,49,local,S,second20/phase/13,sram-21,dram-21-0,16384,21012,21535,523,False,0,451,1.0
7,49,local,S,second27/phase/13,sram-28,dram-28-0,16384,21012,21535,523,False,0,451,1.0
7,49,local,S,second34/phase/13,sram-35,dram-35-0,16384,21012,21535,523,False,0,451,1.0
7,49,local,S,second41/phase/13,sram-42,dram-42-0,16384,21026,21549,523,False,0,451,1.0
7,49,local,S,second48/phase/13,sram-0,dram-0-0,16384,21135,21658,523,False,0,451,1.0
7,49,local,S,second1/phase/16,dram-2-0,sram-2,16,22205,22218,13,False,0,0,1.0
7,49,local,S,second2/phase/16,dram-3-0,sram-3,16,22205,22218,13,False,0,0,1.0
7,49,local,S,second3/phase/16,dram-4-0,sram-4,16,22205,22218,13,False,0,0,1.0
7,49,local,S,second4/phase/16,dram-5-0,sram-5,16,22205,22218,13,False,0,0,1.0
7,49,local,S,second5/phase/16,dram-6-0,sram-6,16,22205,22218,13,False,0,0,1.0
7,49,local,S,second7/phase/16,dram-8-0,sram-8,16,22205,22218,13,False,0,0,1.0
7,49,local,S,second8/phase/16,dram-9-0,sram-9,16,22205,22218,13,False,0,0,1.0
7,49,local,S,second9/phase/16,dram-10-0,sram-10,16,22205,22218,13,False,0,0,1.0
7,49,local,S,second10/phase/16,dram-11-0,sram-11,16,22205,22218,13,False,0,0,1.0
7,49,local,S,second11/phase/16,dram-12-0,sram-12,16,22205,22218,13,False,0,0,1.0
7,49,local,S,second12/phase/16,dram-13-0,sram-13,16,22205,22218,13,False,0,0,1.0
7,49,local,S,second14/phase/16,dram-15-0,sram-15,16,22205,22218,13,False,0,0,1.0
7,49,local,S,second15/phase/16,dram-16-0,sram-16,16,22205,22218,13,False,0,0,1.0
7,49,local,S,second16/phase/16,dram-17-0,sram-17,16,22205,22218,13,False,0,0,1.0
7,49,local,S,second17/phase/16,dram-18-0,sram-18,16,22205,22218,13,False,0,0,1.0
7,49,local,S,second18/phase/16,dram-19-0,sram-19,16,22205,22218,13,False,0,0,1.0
7,49,local,S,second19/phase/16,dram-20-0,sram-20,16,22205,22218,13,False,0,0,1.0
7,49,local,S,second21/phase/16,dram-22-0,sram-22,16,22205,22218,13,False,0,0,1.0
7,49,local,S,second22/phase/16,dram-23-0,sram-23,16,22205,22218,13,False,0,0,1.0
7,49,local,S,second23/phase/16,dram-24-0,sram-24,16,22205,22218,13,False,0,0,1.0
7,49,local,S,second24/phase/16,dram-25-0,sram-25,16,22205,22218,13,False,0,0,1.0
7,49,local,S,second25/phase/16,dram-26-0,sram-26,16,22205,22218,13,False,0,0,1.0
7,49,local,S,second26/phase/16,dram-27-0,sram-27,16,22205,22218,13,False,0,0,1.0
7,49,local,S,second28/phase/16,dram-29-0,sram-29,16,22205,22218,13,False,0,0,1.0
7,49,local,S,second29/phase/16,dram-30-0,sram-30,16,22205,22218,13,False,0,0,1.0
7,49,local,S,second30/phase/16,dram-31-0,sram-31,16,22205,22218,13,False,0,0,1.0
7,49,local,S,second31/phase/16,dram-32-0,sram-32,16,22205,22218,13,False,0,0,1.0
7,49,local,S,second32/phase/16,dram-33-0,sram-33,16,22205,22218,13,False,0,0,1.0
7,49,local,S,second33/phase/16,dram-34-0,sram-34,16,22205,22218,13,False,0,0,1.0
7,49,local,S,second35/phase/16,dram-36-0,sram-36,16,22205,22218,13,False,0,0,1.0
7,49,local,S,second36/phase/16,dram-37-0,sram-37,16,22205,22218,13,False,0,0,1.0
7,49,local,S,second37/phase/16,dram-38-0,sram-38,16,22205,22218,13,False,0,0,1.0
7,49,local,S,second38/phase/16,dram-39-0,sram-39,16,22205,22218,13,False,0,0,1.0
7,49,local,S,second39/phase/16,dram-40-0,sram-40,16,22205,22218,13,False,0,0,1.0
7,49,local,S,second40/phase/16,dram-41-0,sram-41,16,22205,22218,13,False,0,0,1.0
7,49,local,S,second42/phase/16,dram-43-0,sram-43,16,22205,22218,13,False,0,0,1.0
7,49,local,S,second43/phase/16,dram-44-0,sram-44,16,22205,22218,13,False,0,0,1.0
7,49,local,S,second44/phase/16,dram-45-0,sram-45,16,22205,22218,13,False,0,0,1.0
7,49,local,S,second45/phase/16,dram-46-0,sram-46,16,22205,22218,13,False,0,0,1.0
7,49,local,S,second46/phase/16,dram-47-0,sram-47,16,22205,22218,13,False,0,0,1.0
7,49,local,S,second47/phase/16,dram-48-0,sram-48,16,22205,22218,13,False,0,0,1.0
7,49,local,S,second6/phase/16,dram-7-0,sram-7,16,22337,22350,13,False,0,0,1.0
7,49,local,S,second13/phase/16,dram-14-0,sram-14,16,22337,22350,13,False,0,0,1.0
7,49,local,S,second20/phase/16,dram-21-0,sram-21,16,22337,22350,13,False,0,0,1.0
7,49,local,S,second27/phase/16,dram-28-0,sram-28,16,22337,22350,13,False,0,0,1.0
7,49,local,S,second34/phase/16,dram-35-0,sram-35,16,22337,22350,13,False,0,0,1.0
7,49,local,S,second41/phase/16,dram-42-0,sram-42,16,22351,22364,13,False,0,0,1.0
7,49,local,S,second48/phase/16,dram-0-0,sram-0,16,22460,22473,13,False,0,0,1.0
7,49,local,S,second0/phase/13,sram-1,dram-1-0,16384,22565,23088,523,True,0,451,1.0
7,49,local,S,second0/phase/16,dram-1-0,sram-1,16,23890,23903,13,True,0,0,1.0
7,49,clustered_local,U0,first0/phase/0,sram-0,host-memory,16,0,32,32,True,,,
7,49,clustered_local,U0,first1/phase/0,sram-1,dram-0-0,16,0,12,12,False,,,
7,49,clustered_local,U0,first2/phase/0,sram-2,dram-2-0,16,0,12,12,False,,,
7,49,clustered_local,U0,first3/phase/0,sram-3,dram-2-0,16,0,12,12,False,,,
7,49,clustered_local,U0,first4/phase/0,sram-4,dram-4-0,16,0,12,12,False,,,
7,49,clustered_local,U0,first5/phase/0,sram-5,dram-4-0,16,0,12,12,False,,,
7,49,clustered_local,U0,first6/phase/0,sram-6,dram-6-0,16,0,12,12,False,,,
7,49,clustered_local,U0,first7/phase/0,sram-7,dram-0-0,16,0,12,12,False,,,
7,49,clustered_local,U0,first8/phase/0,sram-8,dram-0-0,16,0,12,12,False,,,
7,49,clustered_local,U0,first9/phase/0,sram-9,dram-2-0,16,0,12,12,False,,,
7,49,clustered_local,U0,first10/phase/0,sram-10,dram-2-0,16,0,12,12,False,,,
7,49,clustered_local,U0,first11/phase/0,sram-11,dram-4-0,16,0,12,12,False,,,
7,49,clustered_local,U0,first12/phase/0,sram-12,dram-4-0,16,0,12,12,False,,,
7,49,clustered_local,U0,first13/phase/0,sram-13,dram-6-0,16,0,12,12,False,,,
7,49,clustered_local,U0,first14/phase/0,sram-14,dram-14-0,16,0,12,12,False,,,
7,49,clustered_local,U0,first15/phase/0,sram-15,dram-14-0,16,0,12,12,False,,,
7,49,clustered_local,U0,first16/phase/0,sram-16,dram-16-0,16,0,12,12,False,,,
7,49,clustered_local,U0,first17/phase/0,sram-17,dram-16-0,16,0,12,12,False,,,
7,49,clustered_local,U0,first18/phase/0,sram-18,dram-18-0,16,0,12,12,False,,,
7,49,clustered_local,U0,first19/phase/0,sram-19,dram-18-0,16,0,12,12,False,,,
7,49,clustered_local,U0,first20/phase/0,sram-20,dram-20-0,16,0,12,12,False,,,
7,49,clustered_local,U0,first21/phase/0,sram-21,dram-14-0,16,0,12,12,False,,,
7,49,clustered_local,U0,first22/phase/0,sram-22,dram-14-0,16,0,12,12,False,,,
7,49,clustered_local,U0,first23/phase/0,sram-23,dram-16-0,16,0,12,12,False,,,
7,49,clustered_local,U0,first24/phase/0,sram-24,dram-16-0,16,0,12,12,False,,,
7,49,clustered_local,U0,first25/phase/0,sram-25,dram-18-0,16,0,12,12,False,,,
7,49,clustered_local,U0,first26/phase/0,sram-26,dram-18-0,16,0,12,12,False,,,
7,49,clustered_local,U0,first27/phase/0,sram-27,dram-20-0,16,0,12,12,False,,,
7,49,clustered_local,U0,first28/phase/0,sram-28,dram-28-0,16,0,12,12,False,,,
7,49,clustered_local,U0,first29/phase/0,sram-29,dram-28-0,16,0,12,12,False,,,
7,49,clustered_local,U0,first30/phase/0,sram-30,dram-30-0,16,0,12,12,False,,,
7,49,clustered_local,U0,first31/phase/0,sram-31,dram-30-0,16,0,12,12,False,,,
7,49,clustered_local,U0,first32/phase/0,sram-32,dram-32-0,16,0,12,12,False,,,
7,49,clustered_local,U0,first33/phase/0,sram-33,dram-32-0,16,0,12,12,False,,,
7,49,clustered_local,U0,first34/phase/0,sram-34,dram-34-0,16,0,12,12,False,,,
7,49,clustered_local,U0,first35/phase/0,sram-35,dram-28-0,16,0,12,12,False,,,
7,49,clustered_local,U0,first36/phase/0,sram-36,dram-28-0,16,0,12,12,False,,,
7,49,clustered_local,U0,first37/phase/0,sram-37,dram-30-0,16,0,12,12,False,,,
7,49,clustered_local,U0,first38/phase/0,sram-38,dram-30-0,16,0,12,12,False,,,
7,49,clustered_local,U0,first39/phase/0,sram-39,dram-32-0,16,0,12,12,False,,,
7,49,clustered_local,U0,first40/phase/0,sram-40,dram-32-0,16,0,12,12,False,,,
7,49,clustered_local,U0,first41/phase/0,sram-41,dram-34-0,16,0,12,12,False,,,
7,49,clustered_local,U0,first42/phase/0,sram-42,dram-42-0,16,0,12,12,False,,,
7,49,clustered_local,U0,first43/phase/0,sram-43,dram-42-0,16,0,12,12,False,,,
7,49,clustered_local,U0,first44/phase/0,sram-44,dram-44-0,16,0,12,12,False,,,
7,49,clustered_local,U0,first45/phase/0,sram-45,dram-44-0,16,0,12,12,False,,,
7,49,clustered_local,U0,first46/phase/0,sram-46,dram-46-0,16,0,12,12,False,,,
7,49,clustered_local,U0,first47/phase/0,sram-47,dram-46-0,16,0,12,12,False,,,
7,49,clustered_local,U0,first48/phase/0,sram-48,dram-48-0,16,0,12,12,False,,,
7,49,clustered_local,U0,first1/phase/4,dram-0-0,sram-1,65536,85,1120,1035,False,,,
7,49,clustered_local,U0,first2/phase/4,dram-2-0,sram-2,65536,106,1141,1035,False,,,
7,49,clustered_local,U0,first3/phase/4,dram-2-0,sram-3,65536,127,1162,1035,False,,,
7,49,clustered_local,U0,first4/phase/4,dram-4-0,sram-4,65536,148,1183,1035,False,,,
7,49,clustered_local,U0,first5/phase/4,dram-4-0,sram-5,65536,169,1204,1035,False,,,
7,49,clustered_local,U0,first6/phase/4,dram-6-0,sram-6,65536,190,1225,1035,False,,,
7,49,clustered_local,U0,first7/phase/4,dram-0-0,sram-7,65536,211,1246,1035,False,,,
7,49,clustered_local,U0,first8/phase/4,dram-0-0,sram-8,65536,232,1267,1035,False,,,
7,49,clustered_local,U0,first9/phase/4,dram-2-0,sram-9,65536,253,1288,1035,False,,,
7,49,clustered_local,U0,first10/phase/4,dram-2-0,sram-10,65536,274,1309,1035,False,,,
7,49,clustered_local,U0,first11/phase/4,dram-4-0,sram-11,65536,295,1330,1035,False,,,
7,49,clustered_local,U0,first12/phase/4,dram-4-0,sram-12,65536,316,1351,1035,False,,,
7,49,clustered_local,U0,first13/phase/4,dram-6-0,sram-13,65536,337,1372,1035,False,,,
7,49,clustered_local,U0,first14/phase/4,dram-14-0,sram-14,65536,358,1393,1035,False,,,
7,49,clustered_local,U0,first15/phase/4,dram-14-0,sram-15,65536,379,1414,1035,False,,,
7,49,clustered_local,U0,first16/phase/4,dram-16-0,sram-16,65536,400,1435,1035,False,,,
7,49,clustered_local,U0,first17/phase/4,dram-16-0,sram-17,65536,421,1456,1035,False,,,
7,49,clustered_local,U0,first18/phase/4,dram-18-0,sram-18,65536,442,1477,1035,False,,,
7,49,clustered_local,U0,first19/phase/4,dram-18-0,sram-19,65536,463,1498,1035,False,,,
7,49,clustered_local,U0,first20/phase/4,dram-20-0,sram-20,65536,484,1519,1035,False,,,
7,49,clustered_local,U0,first21/phase/4,dram-14-0,sram-21,65536,505,1540,1035,False,,,
7,49,clustered_local,U0,first22/phase/4,dram-14-0,sram-22,65536,526,1561,1035,False,,,
7,49,clustered_local,U0,first23/phase/4,dram-16-0,sram-23,65536,547,1582,1035,False,,,
7,49,clustered_local,U0,first24/phase/4,dram-16-0,sram-24,65536,568,1603,1035,False,,,
7,49,clustered_local,U0,first25/phase/4,dram-18-0,sram-25,65536,589,1624,1035,False,,,
7,49,clustered_local,U0,first26/phase/4,dram-18-0,sram-26,65536,610,1645,1035,False,,,
7,49,clustered_local,U0,first27/phase/4,dram-20-0,sram-27,65536,631,1666,1035,False,,,
7,49,clustered_local,U0,first28/phase/4,dram-28-0,sram-28,65536,652,1687,1035,False,,,
7,49,clustered_local,U0,first29/phase/4,dram-28-0,sram-29,65536,673,1708,1035,False,,,
7,49,clustered_local,U0,first30/phase/4,dram-30-0,sram-30,65536,694,1729,1035,False,,,
7,49,clustered_local,U0,first31/phase/4,dram-30-0,sram-31,65536,715,1750,1035,False,,,
7,49,clustered_local,U0,first32/phase/4,dram-32-0,sram-32,65536,736,1771,1035,False,,,
7,49,clustered_local,U0,first33/phase/4,dram-32-0,sram-33,65536,757,1792,1035,False,,,
7,49,clustered_local,U0,first34/phase/4,dram-34-0,sram-34,65536,778,1813,1035,False,,,
7,49,clustered_local,U0,first35/phase/4,dram-28-0,sram-35,65536,799,1834,1035,False,,,
7,49,clustered_local,U0,first36/phase/4,dram-28-0,sram-36,65536,820,1855,1035,False,,,
7,49,clustered_local,U0,first37/phase/4,dram-30-0,sram-37,65536,841,1876,1035,False,,,
7,49,clustered_local,U0,first38/phase/4,dram-30-0,sram-38,65536,862,1897,1035,False,,,
7,49,clustered_local,U0,first39/phase/4,dram-32-0,sram-39,65536,883,1918,1035,False,,,
7,49,clustered_local,U0,first0/phase/4,host-memory,sram-0,16384,888,1430,542,True,,,
7,49,clustered_local,U0,first40/phase/4,dram-32-0,sram-40,65536,904,1939,1035,False,,,
7,49,clustered_local,U0,first41/phase/4,dram-34-0,sram-41,65536,925,1960,1035,False,,,
7,49,clustered_local,U0,first42/phase/4,dram-42-0,sram-42,65536,946,1981,1035,False,,,
7,49,clustered_local,U0,first43/phase/4,dram-42-0,sram-43,65536,967,2002,1035,False,,,
7,49,clustered_local,U0,first44/phase/4,dram-44-0,sram-44,65536,988,2023,1035,False,,,
7,49,clustered_local,U0,first45/phase/4,dram-44-0,sram-45,65536,1009,2044,1035,False,,,
7,49,clustered_local,U0,first46/phase/4,dram-46-0,sram-46,65536,1030,2065,1035,False,,,
7,49,clustered_local,U0,first47/phase/4,dram-46-0,sram-47,65536,1051,2086,1035,False,,,
7,49,clustered_local,U0,first48/phase/4,dram-48-0,sram-48,65536,1072,2107,1035,False,,,
7,49,clustered_local,U0,first0/phase/6,sram-0,dram-0-0,16,1686,1698,12,True,,,
7,49,clustered_local,U0,first0/phase/10,dram-0-0,sram-0,65536,1771,2806,1035,True,,,
7,49,clustered_local,U0,second1/phase/1,sram-1,sram-2,16384,5984,6523,539,False,,,
7,49,clustered_local,U0,second2/phase/1,sram-2,sram-3,16384,6005,6544,539,False,,,
7,49,clustered_local,U0,second3/phase/1,sram-3,sram-4,16384,6026,6565,539,False,,,
7,49,clustered_local,U0,second4/phase/1,sram-4,sram-5,16384,6047,6586,539,False,,,
7,49,clustered_local,U0,second5/phase/1,sram-5,sram-6,16384,6068,6607,539,False,,,
7,49,clustered_local,U0,second6/phase/1,sram-6,sram-7,16384,6089,6754,665,False,,,
7,49,clustered_local,U0,second7/phase/1,sram-7,sram-8,16384,6110,6649,539,False,,,
7,49,clustered_local,U0,second8/phase/1,sram-8,sram-9,16384,6131,6670,539,False,,,
7,49,clustered_local,U0,second9/phase/1,sram-9,sram-10,16384,6152,6691,539,False,,,
7,49,clustered_local,U0,second10/phase/1,sram-10,sram-11,16384,6173,6712,539,False,,,
7,49,clustered_local,U0,second11/phase/1,sram-11,sram-12,16384,6194,6733,539,False,,,
7,49,clustered_local,U0,second12/phase/1,sram-12,sram-13,16384,6215,6754,539,False,,,
7,49,clustered_local,U0,second13/phase/1,sram-13,sram-14,16384,6236,6901,665,False,,,
7,49,clustered_local,U0,second14/phase/1,sram-14,sram-15,16384,6257,6796,539,False,,,
7,49,clustered_local,U0,second15/phase/1,sram-15,sram-16,16384,6278,6817,539,False,,,
7,49,clustered_local,U0,second16/phase/1,sram-16,sram-17,16384,6299,6838,539,False,,,
7,49,clustered_local,U0,second17/phase/1,sram-17,sram-18,16384,6320,6859,539,False,,,
7,49,clustered_local,U0,second18/phase/1,sram-18,sram-19,16384,6341,6880,539,False,,,
7,49,clustered_local,U0,second19/phase/1,sram-19,sram-20,16384,6362,6901,539,False,,,
7,49,clustered_local,U0,second20/phase/1,sram-20,sram-21,16384,6383,7048,665,False,,,
7,49,clustered_local,U0,second21/phase/1,sram-21,sram-22,16384,6404,6943,539,False,,,
7,49,clustered_local,U0,second22/phase/1,sram-22,sram-23,16384,6425,6964,539,False,,,
7,49,clustered_local,U0,second23/phase/1,sram-23,sram-24,16384,6446,6985,539,False,,,
7,49,clustered_local,U0,second24/phase/1,sram-24,sram-25,16384,6467,7006,539,False,,,
7,49,clustered_local,U0,second25/phase/1,sram-25,sram-26,16384,6488,7027,539,False,,,
7,49,clustered_local,U0,second26/phase/1,sram-26,sram-27,16384,6509,7048,539,False,,,
7,49,clustered_local,U0,second27/phase/1,sram-27,sram-28,16384,6530,7195,665,False,,,
7,49,clustered_local,U0,second28/phase/1,sram-28,sram-29,16384,6551,7090,539,False,,,
7,49,clustered_local,U0,second29/phase/1,sram-29,sram-30,16384,6572,7111,539,False,,,
7,49,clustered_local,U0,second30/phase/1,sram-30,sram-31,16384,6593,7132,539,False,,,
7,49,clustered_local,U0,second31/phase/1,sram-31,sram-32,16384,6614,7153,539,False,,,
7,49,clustered_local,U0,second32/phase/1,sram-32,sram-33,16384,6635,7174,539,False,,,
7,49,clustered_local,U0,second33/phase/1,sram-33,sram-34,16384,6656,7195,539,False,,,
7,49,clustered_local,U0,second34/phase/1,sram-34,sram-35,16384,6677,7342,665,False,,,
7,49,clustered_local,U0,second35/phase/1,sram-35,sram-36,16384,6698,7237,539,False,,,
7,49,clustered_local,U0,second36/phase/1,sram-36,sram-37,16384,6719,7258,539,False,,,
7,49,clustered_local,U0,second37/phase/1,sram-37,sram-38,16384,6740,7279,539,False,,,
7,49,clustered_local,U0,second38/phase/1,sram-38,sram-39,16384,6761,7300,539,False,,,
7,49,clustered_local,U0,second1/phase/3,sram-2,dram-2-1,16,6779,6791,12,False,,,
7,49,clustered_local,U0,second39/phase/1,sram-39,sram-40,16384,6782,7321,539,False,,,
7,49,clustered_local,U0,second2/phase/3,sram-3,dram-2-1,16,6800,6812,12,False,,,
7,49,clustered_local,U0,second40/phase/1,sram-40,sram-41,16384,6803,7342,539,False,,,
7,49,clustered_local,U0,second3/phase/3,sram-4,dram-4-1,16,6821,6833,12,False,,,
7,49,clustered_local,U0,second41/phase/1,sram-41,sram-42,16384,6824,7489,665,False,,,
7,49,clustered_local,U0,second4/phase/3,sram-5,dram-4-1,16,6842,6854,12,False,,,
7,49,clustered_local,U0,second42/phase/1,sram-42,sram-43,16384,6845,7384,539,False,,,
7,49,clustered_local,U0,second5/phase/3,sram-6,dram-6-1,16,6863,6875,12,False,,,
7,49,clustered_local,U0,second1/phase/7,dram-2-1,sram-2,65536,6864,7899,1035,False,,,
7,49,clustered_local,U0,second43/phase/1,sram-43,sram-44,16384,6866,7405,539,False,,,
7,49,clustered_local,U0,second2/phase/7,dram-2-1,sram-3,65536,6885,7920,1035,False,,,
7,49,clustered_local,U0,second44/phase/1,sram-44,sram-45,16384,6887,7426,539,False,,,
7,49,clustered_local,U0,second7/phase/3,sram-8,dram-0-1,16,6905,6917,12,False,,,
7,49,clustered_local,U0,second3/phase/7,dram-4-1,sram-4,65536,6906,7941,1035,False,,,
7,49,clustered_local,U0,second45/phase/1,sram-45,sram-46,16384,6908,7447,539,False,,,
7,49,clustered_local,U0,second8/phase/3,sram-9,dram-2-1,16,6926,6938,12,False,,,
7,49,clustered_local,U0,second4/phase/7,dram-4-1,sram-5,65536,6927,7962,1035,False,,,
7,49,clustered_local,U0,second46/phase/1,sram-46,sram-47,16384,6929,7468,539,False,,,
7,49,clustered_local,U0,second9/phase/3,sram-10,dram-2-1,16,6947,6959,12,False,,,
7,49,clustered_local,U0,second5/phase/7,dram-6-1,sram-6,65536,6948,7983,1035,False,,,
7,49,clustered_local,U0,second47/phase/1,sram-47,sram-48,16384,6950,7489,539,False,,,
7,49,clustered_local,U0,second10/phase/3,sram-11,dram-4-1,16,6968,6980,12,False,,,
7,49,clustered_local,U0,second48/phase/1,sram-48,sram-0,16384,6971,7741,770,False,,,
7,49,clustered_local,U0,second11/phase/3,sram-12,dram-4-1,16,6989,7001,12,False,,,
7,49,clustered_local,U0,second7/phase/7,dram-0-1,sram-8,65536,6990,8025,1035,False,,,
7,49,clustered_local,U0,second6/phase/3,sram-7,dram-0-1,16,7010,7022,12,False,,,
7,49,clustered_local,U0,second12/phase/3,sram-13,dram-6-1,16,7010,7022,12,False,,,
7,49,clustered_local,U0,second8/phase/7,dram-2-1,sram-9,65536,7011,8046,1035,False,,,
7,49,clustered_local,U0,second9/phase/7,dram-2-1,sram-10,65536,7032,8067,1035,False,,,
7,49,clustered_local,U0,second14/phase/3,sram-15,dram-14-1,16,7052,7064,12,False,,,
7,49,clustered_local,U0,second10/phase/7,dram-4-1,sram-11,65536,7053,8088,1035,False,,,
7,49,clustered_local,U0,second15/phase/3,sram-16,dram-16-1,16,7073,7085,12,False,,,
7,49,clustered_local,U0,second11/phase/7,dram-4-1,sram-12,65536,7074,8109,1035,False,,,
7,49,clustered_local,U0,second16/phase/3,sram-17,dram-16-1,16,7094,7106,12,False,,,
7,49,clustered_local,U0,second6/phase/7,dram-0-1,sram-7,65536,7095,8130,1035,False,,,
7,49,clustered_local,U0,second17/phase/3,sram-18,dram-18-1,16,7115,7127,12,False,,,
7,49,clustered_local,U0,second12/phase/7,dram-6-1,sram-13,65536,7116,8151,1035,False,,,
7,49,clustered_local,U0,second18/phase/3,sram-19,dram-18-1,16,7136,7148,12,False,,,
7,49,clustered_local,U0,second14/phase/7,dram-14-1,sram-15,65536,7137,8172,1035,False,,,
7,49,clustered_local,U0,second13/phase/3,sram-14,dram-14-1,16,7157,7169,12,False,,,
7,49,clustered_local,U0,second19/phase/3,sram-20,dram-20-1,16,7157,7169,12,False,,,
7,49,clustered_local,U0,second15/phase/7,dram-16-1,sram-16,65536,7158,8193,1035,False,,,
7,49,clustered_local,U0,second16/phase/7,dram-16-1,sram-17,65536,7179,8214,1035,False,,,
7,49,clustered_local,U0,second21/phase/3,sram-22,dram-14-1,16,7199,7211,12,False,,,
7,49,clustered_local,U0,second17/phase/7,dram-18-1,sram-18,65536,7200,8235,1035,False,,,
7,49,clustered_local,U0,second22/phase/3,sram-23,dram-16-1,16,7220,7232,12,False,,,
7,49,clustered_local,U0,second18/phase/7,dram-18-1,sram-19,65536,7221,8256,1035,False,,,
7,49,clustered_local,U0,second23/phase/3,sram-24,dram-16-1,16,7241,7253,12,False,,,
7,49,clustered_local,U0,second13/phase/7,dram-14-1,sram-14,65536,7242,8277,1035,False,,,
7,49,clustered_local,U0,second24/phase/3,sram-25,dram-18-1,16,7262,7274,12,False,,,
7,49,clustered_local,U0,second19/phase/7,dram-20-1,sram-20,65536,7263,8298,1035,False,,,
7,49,clustered_local,U0,second25/phase/3,sram-26,dram-18-1,16,7283,7295,12,False,,,
7,49,clustered_local,U0,second21/phase/7,dram-14-1,sram-22,65536,7284,8319,1035,False,,,
7,49,clustered_local,U0,second20/phase/3,sram-21,dram-14-1,16,7304,7316,12,False,,,
7,49,clustered_local,U0,second26/phase/3,sram-27,dram-20-1,16,7304,7316,12,False,,,
7,49,clustered_local,U0,second22/phase/7,dram-16-1,sram-23,65536,7305,8340,1035,False,,,
7,49,clustered_local,U0,second23/phase/7,dram-16-1,sram-24,65536,7326,8361,1035,False,,,
7,49,clustered_local,U0,second28/phase/3,sram-29,dram-28-1,16,7346,7358,12,False,,,
7,49,clustered_local,U0,second24/phase/7,dram-18-1,sram-25,65536,7347,8382,1035,False,,,
7,49,clustered_local,U0,second29/phase/3,sram-30,dram-30-1,16,7367,7379,12,False,,,
7,49,clustered_local,U0,second25/phase/7,dram-18-1,sram-26,65536,7368,8403,1035,False,,,
7,49,clustered_local,U0,second30/phase/3,sram-31,dram-30-1,16,7388,7400,12,False,,,
7,49,clustered_local,U0,second20/phase/7,dram-14-1,sram-21,65536,7389,8424,1035,False,,,
7,49,clustered_local,U0,second31/phase/3,sram-32,dram-32-1,16,7409,7421,12,False,,,
7,49,clustered_local,U0,second26/phase/7,dram-20-1,sram-27,65536,7410,8445,1035,False,,,
7,49,clustered_local,U0,second32/phase/3,sram-33,dram-32-1,16,7430,7442,12,False,,,
7,49,clustered_local,U0,second28/phase/7,dram-28-1,sram-29,65536,7431,8466,1035,False,,,
7,49,clustered_local,U0,second27/phase/3,sram-28,dram-28-1,16,7451,7463,12,False,,,
7,49,clustered_local,U0,second33/phase/3,sram-34,dram-34-1,16,7451,7463,12,False,,,
7,49,clustered_local,U0,second29/phase/7,dram-30-1,sram-30,65536,7452,8487,1035,False,,,
7,49,clustered_local,U0,second30/phase/7,dram-30-1,sram-31,65536,7473,8508,1035,False,,,
7,49,clustered_local,U0,second35/phase/3,sram-36,dram-28-1,16,7493,7505,12,False,,,
7,49,clustered_local,U0,second31/phase/7,dram-32-1,sram-32,65536,7494,8529,1035,False,,,
7,49,clustered_local,U0,second36/phase/3,sram-37,dram-30-1,16,7514,7526,12,False,,,
7,49,clustered_local,U0,second32/phase/7,dram-32-1,sram-33,65536,7515,8550,1035,False,,,
7,49,clustered_local,U0,second37/phase/3,sram-38,dram-30-1,16,7535,7547,12,False,,,
7,49,clustered_local,U0,second27/phase/7,dram-28-1,sram-28,65536,7536,8571,1035,False,,,
7,49,clustered_local,U0,second38/phase/3,sram-39,dram-32-1,16,7556,7568,12,False,,,
7,49,clustered_local,U0,second33/phase/7,dram-34-1,sram-34,65536,7557,8592,1035,False,,,
7,49,clustered_local,U0,second39/phase/3,sram-40,dram-32-1,16,7577,7589,12,False,,,
7,49,clustered_local,U0,second35/phase/7,dram-28-1,sram-36,65536,7578,8613,1035,False,,,
7,49,clustered_local,U0,second34/phase/3,sram-35,dram-28-1,16,7598,7610,12,False,,,
7,49,clustered_local,U0,second40/phase/3,sram-41,dram-34-1,16,7598,7610,12,False,,,
7,49,clustered_local,U0,second36/phase/7,dram-30-1,sram-37,65536,7599,8634,1035,False,,,
7,49,clustered_local,U0,second37/phase/7,dram-30-1,sram-38,65536,7620,8655,1035,False,,,
7,49,clustered_local,U0,second42/phase/3,sram-43,dram-42-1,16,7640,7652,12,False,,,
7,49,clustered_local,U0,second38/phase/7,dram-32-1,sram-39,65536,7641,8676,1035,False,,,
7,49,clustered_local,U0,second43/phase/3,sram-44,dram-44-1,16,7661,7673,12,False,,,
7,49,clustered_local,U0,second39/phase/7,dram-32-1,sram-40,65536,7662,8697,1035,False,,,
7,49,clustered_local,U0,second0/phase/1,sram-0,sram-1,16384,7670,8210,540,True,,,
7,49,clustered_local,U0,second44/phase/3,sram-45,dram-44-1,16,7682,7694,12,False,,,
7,49,clustered_local,U0,second34/phase/7,dram-28-1,sram-35,65536,7683,8718,1035,False,,,
7,49,clustered_local,U0,second45/phase/3,sram-46,dram-46-1,16,7703,7715,12,False,,,
7,49,clustered_local,U0,second40/phase/7,dram-34-1,sram-41,65536,7704,8739,1035,False,,,
7,49,clustered_local,U0,second46/phase/3,sram-47,dram-46-1,16,7724,7736,12,False,,,
7,49,clustered_local,U0,second42/phase/7,dram-42-1,sram-43,65536,7725,8760,1035,False,,,
7,49,clustered_local,U0,second41/phase/3,sram-42,dram-42-1,16,7745,7757,12,False,,,
7,49,clustered_local,U0,second47/phase/3,sram-48,dram-48-1,16,7745,7757,12,False,,,
7,49,clustered_local,U0,second43/phase/7,dram-44-1,sram-44,65536,7746,8781,1035,False,,,
7,49,clustered_local,U0,second44/phase/7,dram-44-1,sram-45,65536,7767,8802,1035,False,,,
7,49,clustered_local,U0,second45/phase/7,dram-46-1,sram-46,65536,7788,8823,1035,False,,,
7,49,clustered_local,U0,second46/phase/7,dram-46-1,sram-47,65536,7809,8844,1035,False,,,
7,49,clustered_local,U0,second41/phase/7,dram-42-1,sram-42,65536,7830,8865,1035,False,,,
7,49,clustered_local,U0,second47/phase/7,dram-48-1,sram-48,65536,7851,8886,1035,False,,,
7,49,clustered_local,U0,second48/phase/3,sram-0,dram-0-1,16,7997,8009,12,False,,,
7,49,clustered_local,U0,second48/phase/7,dram-0-1,sram-0,65536,8082,9117,1035,False,,,
7,49,clustered_local,U0,second0/phase/3,sram-1,dram-0-1,16,8466,8478,12,True,,,
7,49,clustered_local,U0,second0/phase/7,dram-0-1,sram-1,65536,8551,9586,1035,True,,,
7,49,clustered_local,U0,second1/phase/13,sram-2,dram-2-0,16384,12763,13030,267,False,,,
7,49,clustered_local,U0,second2/phase/13,sram-3,dram-2-0,16384,12784,13051,267,False,,,
7,49,clustered_local,U0,second3/phase/13,sram-4,dram-4-0,16384,12805,13072,267,False,,,
7,49,clustered_local,U0,second4/phase/13,sram-5,dram-4-0,16384,12826,13093,267,False,,,
7,49,clustered_local,U0,second5/phase/13,sram-6,dram-6-0,16384,12847,13114,267,False,,,
7,49,clustered_local,U0,second7/phase/13,sram-8,dram-0-0,16384,12889,13156,267,False,,,
7,49,clustered_local,U0,second8/phase/13,sram-9,dram-2-0,16384,12910,13177,267,False,,,
7,49,clustered_local,U0,second9/phase/13,sram-10,dram-2-0,16384,12931,13198,267,False,,,
7,49,clustered_local,U0,second10/phase/13,sram-11,dram-4-0,16384,12952,13219,267,False,,,
7,49,clustered_local,U0,second11/phase/13,sram-12,dram-4-0,16384,12973,13240,267,False,,,
7,49,clustered_local,U0,second6/phase/13,sram-7,dram-0-0,16384,12994,13261,267,False,,,
7,49,clustered_local,U0,second12/phase/13,sram-13,dram-6-0,16384,13015,13282,267,False,,,
7,49,clustered_local,U0,second14/phase/13,sram-15,dram-14-0,16384,13036,13303,267,False,,,
7,49,clustered_local,U0,second15/phase/13,sram-16,dram-16-0,16384,13057,13324,267,False,,,
7,49,clustered_local,U0,second1/phase/16,dram-2-0,sram-2,16,13073,13085,12,False,,,
7,49,clustered_local,U0,second16/phase/13,sram-17,dram-16-0,16384,13078,13345,267,False,,,
7,49,clustered_local,U0,second2/phase/16,dram-2-0,sram-3,16,13094,13106,12,False,,,
7,49,clustered_local,U0,second17/phase/13,sram-18,dram-18-0,16384,13099,13366,267,False,,,
7,49,clustered_local,U0,second3/phase/16,dram-4-0,sram-4,16,13115,13127,12,False,,,
7,49,clustered_local,U0,second18/phase/13,sram-19,dram-18-0,16384,13120,13387,267,False,,,
7,49,clustered_local,U0,second4/phase/16,dram-4-0,sram-5,16,13136,13148,12,False,,,
7,49,clustered_local,U0,second13/phase/13,sram-14,dram-14-0,16384,13141,13408,267,False,,,
7,49,clustered_local,U0,second5/phase/16,dram-6-0,sram-6,16,13157,13169,12,False,,,
7,49,clustered_local,U0,second19/phase/13,sram-20,dram-20-0,16384,13162,13429,267,False,,,
7,49,clustered_local,U0,second21/phase/13,sram-22,dram-14-0,16384,13183,13450,267,False,,,
7,49,clustered_local,U0,second7/phase/16,dram-0-0,sram-8,16,13199,13211,12,False,,,
7,49,clustered_local,U0,second22/phase/13,sram-23,dram-16-0,16384,13204,13471,267,False,,,
7,49,clustered_local,U0,second8/phase/16,dram-2-0,sram-9,16,13220,13232,12,False,,,
7,49,clustered_local,U0,second23/phase/13,sram-24,dram-16-0,16384,13225,13492,267,False,,,
7,49,clustered_local,U0,second9/phase/16,dram-2-0,sram-10,16,13241,13253,12,False,,,
7,49,clustered_local,U0,second24/phase/13,sram-25,dram-18-0,16384,13246,13513,267,False,,,
7,49,clustered_local,U0,second10/phase/16,dram-4-0,sram-11,16,13262,13274,12,False,,,
7,49,clustered_local,U0,second25/phase/13,sram-26,dram-18-0,16384,13267,13534,267,False,,,
7,49,clustered_local,U0,second11/phase/16,dram-4-0,sram-12,16,13283,13295,12,False,,,
7,49,clustered_local,U0,second20/phase/13,sram-21,dram-14-0,16384,13288,13555,267,False,,,
7,49,clustered_local,U0,second6/phase/16,dram-0-0,sram-7,16,13304,13316,12,False,,,
7,49,clustered_local,U0,second26/phase/13,sram-27,dram-20-0,16384,13309,13576,267,False,,,
7,49,clustered_local,U0,second12/phase/16,dram-6-0,sram-13,16,13325,13337,12,False,,,
7,49,clustered_local,U0,second28/phase/13,sram-29,dram-28-0,16384,13330,13597,267,False,,,
7,49,clustered_local,U0,second14/phase/16,dram-14-0,sram-15,16,13346,13358,12,False,,,
7,49,clustered_local,U0,second29/phase/13,sram-30,dram-30-0,16384,13351,13618,267,False,,,
7,49,clustered_local,U0,second15/phase/16,dram-16-0,sram-16,16,13367,13379,12,False,,,
7,49,clustered_local,U0,second30/phase/13,sram-31,dram-30-0,16384,13372,13639,267,False,,,
7,49,clustered_local,U0,second16/phase/16,dram-16-0,sram-17,16,13388,13400,12,False,,,
7,49,clustered_local,U0,second31/phase/13,sram-32,dram-32-0,16384,13393,13660,267,False,,,
7,49,clustered_local,U0,second17/phase/16,dram-18-0,sram-18,16,13409,13421,12,False,,,
7,49,clustered_local,U0,second32/phase/13,sram-33,dram-32-0,16384,13414,13681,267,False,,,
7,49,clustered_local,U0,second18/phase/16,dram-18-0,sram-19,16,13430,13442,12,False,,,
7,49,clustered_local,U0,second27/phase/13,sram-28,dram-28-0,16384,13435,13702,267,False,,,
7,49,clustered_local,U0,second13/phase/16,dram-14-0,sram-14,16,13451,13463,12,False,,,
7,49,clustered_local,U0,second33/phase/13,sram-34,dram-34-0,16384,13456,13723,267,False,,,
7,49,clustered_local,U0,second19/phase/16,dram-20-0,sram-20,16,13472,13484,12,False,,,
7,49,clustered_local,U0,second35/phase/13,sram-36,dram-28-0,16384,13477,13744,267,False,,,
7,49,clustered_local,U0,second21/phase/16,dram-14-0,sram-22,16,13493,13505,12,False,,,
7,49,clustered_local,U0,second36/phase/13,sram-37,dram-30-0,16384,13498,13765,267,False,,,
7,49,clustered_local,U0,second22/phase/16,dram-16-0,sram-23,16,13514,13526,12,False,,,
7,49,clustered_local,U0,second37/phase/13,sram-38,dram-30-0,16384,13519,13786,267,False,,,
7,49,clustered_local,U0,second23/phase/16,dram-16-0,sram-24,16,13535,13547,12,False,,,
7,49,clustered_local,U0,second38/phase/13,sram-39,dram-32-0,16384,13540,13807,267,False,,,
7,49,clustered_local,U0,second24/phase/16,dram-18-0,sram-25,16,13556,13568,12,False,,,
7,49,clustered_local,U0,second39/phase/13,sram-40,dram-32-0,16384,13561,13828,267,False,,,
7,49,clustered_local,U0,second25/phase/16,dram-18-0,sram-26,16,13577,13589,12,False,,,
7,49,clustered_local,U0,second34/phase/13,sram-35,dram-28-0,16384,13582,13849,267,False,,,
7,49,clustered_local,U0,second20/phase/16,dram-14-0,sram-21,16,13598,13610,12,False,,,
7,49,clustered_local,U0,second40/phase/13,sram-41,dram-34-0,16384,13603,13870,267,False,,,
7,49,clustered_local,U0,second26/phase/16,dram-20-0,sram-27,16,13619,13631,12,False,,,
7,49,clustered_local,U0,second42/phase/13,sram-43,dram-42-0,16384,13624,13891,267,False,,,
7,49,clustered_local,U0,second28/phase/16,dram-28-0,sram-29,16,13640,13652,12,False,,,
7,49,clustered_local,U0,second43/phase/13,sram-44,dram-44-0,16384,13645,13912,267,False,,,
7,49,clustered_local,U0,second29/phase/16,dram-30-0,sram-30,16,13661,13673,12,False,,,
7,49,clustered_local,U0,second44/phase/13,sram-45,dram-44-0,16384,13666,13933,267,False,,,
7,49,clustered_local,U0,second30/phase/16,dram-30-0,sram-31,16,13682,13694,12,False,,,
7,49,clustered_local,U0,second45/phase/13,sram-46,dram-46-0,16384,13687,13954,267,False,,,
7,49,clustered_local,U0,second31/phase/16,dram-32-0,sram-32,16,13703,13715,12,False,,,
7,49,clustered_local,U0,second46/phase/13,sram-47,dram-46-0,16384,13708,13975,267,False,,,
7,49,clustered_local,U0,second32/phase/16,dram-32-0,sram-33,16,13724,13736,12,False,,,
7,49,clustered_local,U0,second41/phase/13,sram-42,dram-42-0,16384,13729,13996,267,False,,,
7,49,clustered_local,U0,second27/phase/16,dram-28-0,sram-28,16,13745,13757,12,False,,,
7,49,clustered_local,U0,second47/phase/13,sram-48,dram-48-0,16384,13750,14017,267,False,,,
7,49,clustered_local,U0,second33/phase/16,dram-34-0,sram-34,16,13766,13778,12,False,,,
7,49,clustered_local,U0,second35/phase/16,dram-28-0,sram-36,16,13787,13799,12,False,,,
7,49,clustered_local,U0,second36/phase/16,dram-30-0,sram-37,16,13808,13820,12,False,,,
7,49,clustered_local,U0,second37/phase/16,dram-30-0,sram-38,16,13829,13841,12,False,,,
7,49,clustered_local,U0,second38/phase/16,dram-32-0,sram-39,16,13850,13862,12,False,,,
7,49,clustered_local,U0,second39/phase/16,dram-32-0,sram-40,16,13871,13883,12,False,,,
7,49,clustered_local,U0,second34/phase/16,dram-28-0,sram-35,16,13892,13904,12,False,,,
7,49,clustered_local,U0,second40/phase/16,dram-34-0,sram-41,16,13913,13925,12,False,,,
7,49,clustered_local,U0,second42/phase/16,dram-42-0,sram-43,16,13934,13946,12,False,,,
7,49,clustered_local,U0,second43/phase/16,dram-44-0,sram-44,16,13955,13967,12,False,,,
7,49,clustered_local,U0,second44/phase/16,dram-44-0,sram-45,16,13976,13988,12,False,,,
7,49,clustered_local,U0,second48/phase/13,sram-0,dram-0-0,16384,13981,14248,267,False,,,
7,49,clustered_local,U0,second45/phase/16,dram-46-0,sram-46,16,13997,14009,12,False,,,
7,49,clustered_local,U0,second46/phase/16,dram-46-0,sram-47,16,14018,14030,12,False,,,
7,49,clustered_local,U0,second41/phase/16,dram-42-0,sram-42,16,14039,14051,12,False,,,
7,49,clustered_local,U0,second47/phase/16,dram-48-0,sram-48,16,14060,14072,12,False,,,
7,49,clustered_local,U0,second48/phase/16,dram-0-0,sram-0,16,14291,14303,12,False,,,
7,49,clustered_local,U0,second0/phase/13,sram-1,dram-0-0,16384,14450,14717,267,True,,,
7,49,clustered_local,U0,second0/phase/16,dram-0-0,sram-1,16,14760,14772,12,True,,,
7,49,clustered_local,U1,first0/phase/0,sram-0,host-memory,16,0,32,32,False,,,
7,49,clustered_local,U1,first1/phase/0,sram-1,dram-0-0,16,0,12,12,False,,,
7,49,clustered_local,U1,first2/phase/0,sram-2,dram-2-0,16,0,12,12,False,,,
7,49,clustered_local,U1,first3/phase/0,sram-3,dram-2-0,16,0,12,12,False,,,
7,49,clustered_local,U1,first4/phase/0,sram-4,dram-4-0,16,0,12,12,False,,,
7,49,clustered_local,U1,first5/phase/0,sram-5,dram-4-0,16,0,12,12,False,,,
7,49,clustered_local,U1,first6/phase/0,sram-6,dram-6-0,16,0,12,12,True,,,
7,49,clustered_local,U1,first7/phase/0,sram-7,dram-0-0,16,0,12,12,False,,,
7,49,clustered_local,U1,first8/phase/0,sram-8,dram-0-0,16,0,12,12,False,,,
7,49,clustered_local,U1,first9/phase/0,sram-9,dram-2-0,16,0,12,12,False,,,
7,49,clustered_local,U1,first10/phase/0,sram-10,dram-2-0,16,0,12,12,False,,,
7,49,clustered_local,U1,first11/phase/0,sram-11,dram-4-0,16,0,12,12,False,,,
7,49,clustered_local,U1,first12/phase/0,sram-12,dram-4-0,16,0,12,12,False,,,
7,49,clustered_local,U1,first13/phase/0,sram-13,dram-6-0,16,0,12,12,False,,,
7,49,clustered_local,U1,first14/phase/0,sram-14,dram-14-0,16,0,12,12,False,,,
7,49,clustered_local,U1,first15/phase/0,sram-15,dram-14-0,16,0,12,12,False,,,
7,49,clustered_local,U1,first16/phase/0,sram-16,dram-16-0,16,0,12,12,False,,,
7,49,clustered_local,U1,first17/phase/0,sram-17,dram-16-0,16,0,12,12,False,,,
7,49,clustered_local,U1,first18/phase/0,sram-18,dram-18-0,16,0,12,12,False,,,
7,49,clustered_local,U1,first19/phase/0,sram-19,dram-18-0,16,0,12,12,False,,,
7,49,clustered_local,U1,first20/phase/0,sram-20,dram-20-0,16,0,12,12,False,,,
7,49,clustered_local,U1,first21/phase/0,sram-21,dram-14-0,16,0,12,12,False,,,
7,49,clustered_local,U1,first22/phase/0,sram-22,dram-14-0,16,0,12,12,False,,,
7,49,clustered_local,U1,first23/phase/0,sram-23,dram-16-0,16,0,12,12,False,,,
7,49,clustered_local,U1,first24/phase/0,sram-24,dram-16-0,16,0,12,12,False,,,
7,49,clustered_local,U1,first25/phase/0,sram-25,dram-18-0,16,0,12,12,False,,,
7,49,clustered_local,U1,first26/phase/0,sram-26,dram-18-0,16,0,12,12,False,,,
7,49,clustered_local,U1,first27/phase/0,sram-27,dram-20-0,16,0,12,12,False,,,
7,49,clustered_local,U1,first28/phase/0,sram-28,dram-28-0,16,0,12,12,False,,,
7,49,clustered_local,U1,first29/phase/0,sram-29,dram-28-0,16,0,12,12,False,,,
7,49,clustered_local,U1,first30/phase/0,sram-30,dram-30-0,16,0,12,12,False,,,
7,49,clustered_local,U1,first31/phase/0,sram-31,dram-30-0,16,0,12,12,False,,,
7,49,clustered_local,U1,first32/phase/0,sram-32,dram-32-0,16,0,12,12,False,,,
7,49,clustered_local,U1,first33/phase/0,sram-33,dram-32-0,16,0,12,12,False,,,
7,49,clustered_local,U1,first34/phase/0,sram-34,dram-34-0,16,0,12,12,False,,,
7,49,clustered_local,U1,first35/phase/0,sram-35,dram-28-0,16,0,12,12,False,,,
7,49,clustered_local,U1,first36/phase/0,sram-36,dram-28-0,16,0,12,12,False,,,
7,49,clustered_local,U1,first37/phase/0,sram-37,dram-30-0,16,0,12,12,False,,,
7,49,clustered_local,U1,first38/phase/0,sram-38,dram-30-0,16,0,12,12,False,,,
7,49,clustered_local,U1,first39/phase/0,sram-39,dram-32-0,16,0,12,12,False,,,
7,49,clustered_local,U1,first40/phase/0,sram-40,dram-32-0,16,0,12,12,False,,,
7,49,clustered_local,U1,first41/phase/0,sram-41,dram-34-0,16,0,12,12,False,,,
7,49,clustered_local,U1,first42/phase/0,sram-42,dram-42-0,16,0,12,12,False,,,
7,49,clustered_local,U1,first43/phase/0,sram-43,dram-42-0,16,0,12,12,False,,,
7,49,clustered_local,U1,first44/phase/0,sram-44,dram-44-0,16,0,12,12,False,,,
7,49,clustered_local,U1,first45/phase/0,sram-45,dram-44-0,16,0,12,12,False,,,
7,49,clustered_local,U1,first46/phase/0,sram-46,dram-46-0,16,0,12,12,False,,,
7,49,clustered_local,U1,first47/phase/0,sram-47,dram-46-0,16,0,12,12,False,,,
7,49,clustered_local,U1,first48/phase/0,sram-48,dram-48-0,16,0,12,12,False,,,
7,49,clustered_local,U1,first0/phase/4,host-memory,sram-0,16384,888,1430,542,False,,,
7,49,clustered_local,U1,first0/phase/6,sram-0,dram-0-0,16,1686,1698,12,False,,,
7,49,clustered_local,U1,first1/phase/4,dram-0-0,sram-1,65536,3118,4153,1035,False,,,
7,49,clustered_local,U1,first2/phase/4,dram-2-0,sram-2,65536,3118,4153,1035,False,,,
7,49,clustered_local,U1,first4/phase/4,dram-4-0,sram-4,65536,3118,4153,1035,False,,,
7,49,clustered_local,U1,first6/phase/4,dram-6-0,sram-6,65536,3118,4153,1035,True,,,
7,49,clustered_local,U1,first14/phase/4,dram-14-0,sram-14,65536,3118,4153,1035,False,,,
7,49,clustered_local,U1,first16/phase/4,dram-16-0,sram-16,65536,3118,4153,1035,False,,,
7,49,clustered_local,U1,first18/phase/4,dram-18-0,sram-18,65536,3118,4153,1035,False,,,
7,49,clustered_local,U1,first20/phase/4,dram-20-0,sram-20,65536,3118,4153,1035,False,,,
7,49,clustered_local,U1,first28/phase/4,dram-28-0,sram-28,65536,3118,4153,1035,False,,,
7,49,clustered_local,U1,first30/phase/4,dram-30-0,sram-30,65536,3118,4153,1035,False,,,
7,49,clustered_local,U1,first32/phase/4,dram-32-0,sram-32,65536,3118,4153,1035,False,,,
7,49,clustered_local,U1,first34/phase/4,dram-34-0,sram-34,65536,3118,4153,1035,False,,,
7,49,clustered_local,U1,first42/phase/4,dram-42-0,sram-42,65536,3118,4153,1035,False,,,
7,49,clustered_local,U1,first44/phase/4,dram-44-0,sram-44,65536,3118,4153,1035,False,,,
7,49,clustered_local,U1,first46/phase/4,dram-46-0,sram-46,65536,3118,4153,1035,False,,,
7,49,clustered_local,U1,first48/phase/4,dram-48-0,sram-48,65536,3118,4153,1035,False,,,
7,49,clustered_local,U1,first3/phase/4,dram-2-0,sram-3,65536,5166,6201,1035,False,,,
7,49,clustered_local,U1,first5/phase/4,dram-4-0,sram-5,65536,5166,6201,1035,False,,,
7,49,clustered_local,U1,first7/phase/4,dram-0-0,sram-7,65536,5166,6201,1035,False,,,
7,49,clustered_local,U1,first13/phase/4,dram-6-0,sram-13,65536,5166,6201,1035,False,,,
7,49,clustered_local,U1,first15/phase/4,dram-14-0,sram-15,65536,5166,6201,1035,False,,,
7,49,clustered_local,U1,first17/phase/4,dram-16-0,sram-17,65536,5166,6201,1035,False,,,
7,49,clustered_local,U1,first19/phase/4,dram-18-0,sram-19,65536,5166,6201,1035,False,,,
7,49,clustered_local,U1,first27/phase/4,dram-20-0,sram-27,65536,5166,6201,1035,False,,,
7,49,clustered_local,U1,first29/phase/4,dram-28-0,sram-29,65536,5166,6201,1035,False,,,
7,49,clustered_local,U1,first31/phase/4,dram-30-0,sram-31,65536,5166,6201,1035,False,,,
7,49,clustered_local,U1,first33/phase/4,dram-32-0,sram-33,65536,5166,6201,1035,False,,,
7,49,clustered_local,U1,first41/phase/4,dram-34-0,sram-41,65536,5166,6201,1035,False,,,
7,49,clustered_local,U1,first43/phase/4,dram-42-0,sram-43,65536,5166,6201,1035,False,,,
7,49,clustered_local,U1,first45/phase/4,dram-44-0,sram-45,65536,5166,6201,1035,False,,,
7,49,clustered_local,U1,first47/phase/4,dram-46-0,sram-47,65536,5166,6201,1035,False,,,
7,49,clustered_local,U1,first8/phase/4,dram-0-0,sram-8,65536,7214,8249,1035,False,,,
7,49,clustered_local,U1,first9/phase/4,dram-2-0,sram-9,65536,7214,8249,1035,False,,,
7,49,clustered_local,U1,first11/phase/4,dram-4-0,sram-11,65536,7214,8249,1035,False,,,
7,49,clustered_local,U1,first21/phase/4,dram-14-0,sram-21,65536,7214,8249,1035,False,,,
7,49,clustered_local,U1,first23/phase/4,dram-16-0,sram-23,65536,7214,8249,1035,False,,,
7,49,clustered_local,U1,first25/phase/4,dram-18-0,sram-25,65536,7214,8249,1035,False,,,
7,49,clustered_local,U1,first35/phase/4,dram-28-0,sram-35,65536,7214,8249,1035,False,,,
7,49,clustered_local,U1,first37/phase/4,dram-30-0,sram-37,65536,7214,8249,1035,False,,,
7,49,clustered_local,U1,first39/phase/4,dram-32-0,sram-39,65536,7214,8249,1035,False,,,
7,49,clustered_local,U1,second1/phase/1,sram-1,sram-2,16384,9017,9557,540,False,,,
7,49,clustered_local,U1,second2/phase/1,sram-2,sram-3,16384,9017,9556,539,False,,,
7,49,clustered_local,U1,second4/phase/1,sram-4,sram-5,16384,9017,9556,539,False,,,
7,49,clustered_local,U1,second6/phase/1,sram-6,sram-7,16384,9017,9682,665,True,,,
7,49,clustered_local,U1,second14/phase/1,sram-14,sram-15,16384,9017,9556,539,False,,,
7,49,clustered_local,U1,second16/phase/1,sram-16,sram-17,16384,9017,9556,539,False,,,
7,49,clustered_local,U1,second18/phase/1,sram-18,sram-19,16384,9017,9556,539,False,,,
7,49,clustered_local,U1,second20/phase/1,sram-20,sram-21,16384,9017,9682,665,False,,,
7,49,clustered_local,U1,second28/phase/1,sram-28,sram-29,16384,9017,9556,539,False,,,
7,49,clustered_local,U1,second30/phase/1,sram-30,sram-31,16384,9017,9556,539,False,,,
7,49,clustered_local,U1,second32/phase/1,sram-32,sram-33,16384,9017,9556,539,False,,,
7,49,clustered_local,U1,second34/phase/1,sram-34,sram-35,16384,9017,9682,665,False,,,
7,49,clustered_local,U1,second42/phase/1,sram-42,sram-43,16384,9017,9556,539,False,,,
7,49,clustered_local,U1,second44/phase/1,sram-44,sram-45,16384,9017,9556,539,False,,,
7,49,clustered_local,U1,second46/phase/1,sram-46,sram-47,16384,9017,9556,539,False,,,
7,49,clustered_local,U1,second48/phase/1,sram-48,sram-0,16384,9017,9788,771,False,,,
7,49,clustered_local,U1,first10/phase/4,dram-2-0,sram-10,65536,9262,10297,1035,False,,,
7,49,clustered_local,U1,first12/phase/4,dram-4-0,sram-12,65536,9262,10297,1035,False,,,
7,49,clustered_local,U1,first22/phase/4,dram-14-0,sram-22,65536,9262,10297,1035,False,,,
7,49,clustered_local,U1,first24/phase/4,dram-16-0,sram-24,65536,9262,10297,1035,False,,,
7,49,clustered_local,U1,first26/phase/4,dram-18-0,sram-26,65536,9262,10297,1035,False,,,
7,49,clustered_local,U1,first36/phase/4,dram-28-0,sram-36,65536,9262,10297,1035,False,,,
7,49,clustered_local,U1,first38/phase/4,dram-30-0,sram-38,65536,9262,10297,1035,False,,,
7,49,clustered_local,U1,first40/phase/4,dram-32-0,sram-40,65536,9262,10297,1035,False,,,
7,49,clustered_local,U1,first0/phase/10,dram-0-0,sram-0,65536,9262,10297,1035,False,,,
7,49,clustered_local,U1,second2/phase/3,sram-3,dram-2-1,16,9812,9824,12,False,,,
7,49,clustered_local,U1,second4/phase/3,sram-5,dram-4-1,16,9812,9824,12,False,,,
7,49,clustered_local,U1,second14/phase/3,sram-15,dram-14-1,16,9812,9824,12,False,,,
7,49,clustered_local,U1,second16/phase/3,sram-17,dram-16-1,16,9812,9824,12,False,,,
7,49,clustered_local,U1,second18/phase/3,sram-19,dram-18-1,16,9812,9824,12,False,,,
7,49,clustered_local,U1,second28/phase/3,sram-29,dram-28-1,16,9812,9824,12,False,,,
7,49,clustered_local,U1,second30/phase/3,sram-31,dram-30-1,16,9812,9824,12,False,,,
7,49,clustered_local,U1,second32/phase/3,sram-33,dram-32-1,16,9812,9824,12,False,,,
7,49,clustered_local,U1,second42/phase/3,sram-43,dram-42-1,16,9812,9824,12,False,,,
7,49,clustered_local,U1,second44/phase/3,sram-45,dram-44-1,16,9812,9824,12,False,,,
7,49,clustered_local,U1,second46/phase/3,sram-47,dram-46-1,16,9812,9824,12,False,,,
7,49,clustered_local,U1,second1/phase/3,sram-2,dram-2-1,16,9813,9825,12,False,,,
7,49,clustered_local,U1,second6/phase/3,sram-7,dram-0-1,16,9938,9950,12,True,,,
7,49,clustered_local,U1,second48/phase/3,sram-0,dram-0-1,16,10044,10056,12,False,,,
7,49,clustered_local,U1,second20/phase/3,sram-21,dram-14-1,16,10809,10821,12,False,,,
7,49,clustered_local,U1,second34/phase/3,sram-35,dram-28-1,16,10809,10821,12,False,,,
7,49,clustered_local,U1,second3/phase/1,sram-3,sram-4,16384,11065,11604,539,False,,,
7,49,clustered_local,U1,second5/phase/1,sram-5,sram-6,16384,11065,11604,539,False,,,
7,49,clustered_local,U1,second7/phase/1,sram-7,sram-8,16384,11065,11604,539,False,,,
7,49,clustered_local,U1,second13/phase/1,sram-13,sram-14,16384,11065,11730,665,False,,,
7,49,clustered_local,U1,second15/phase/1,sram-15,sram-16,16384,11065,11604,539,False,,,
7,49,clustered_local,U1,second17/phase/1,sram-17,sram-18,16384,11065,11604,539,False,,,
7,49,clustered_local,U1,second19/phase/1,sram-19,sram-20,16384,11065,11604,539,False,,,
7,49,clustered_local,U1,second27/phase/1,sram-27,sram-28,16384,11065,11730,665,False,,,
7,49,clustered_local,U1,second29/phase/1,sram-29,sram-30,16384,11065,11604,539,False,,,
7,49,clustered_local,U1,second31/phase/1,sram-31,sram-32,16384,11065,11604,539,False,,,
7,49,clustered_local,U1,second33/phase/1,sram-33,sram-34,16384,11065,11604,539,False,,,
7,49,clustered_local,U1,second41/phase/1,sram-41,sram-42,16384,11065,11730,665,False,,,
7,49,clustered_local,U1,second43/phase/1,sram-43,sram-44,16384,11065,11604,539,False,,,
7,49,clustered_local,U1,second45/phase/1,sram-45,sram-46,16384,11065,11604,539,False,,,
7,49,clustered_local,U1,second47/phase/1,sram-47,sram-48,16384,11065,11604,539,False,,,
7,49,clustered_local,U1,second3/phase/3,sram-4,dram-4-1,16,11860,11872,12,False,,,
7,49,clustered_local,U1,second5/phase/3,sram-6,dram-6-1,16,11860,11872,12,False,,,
7,49,clustered_local,U1,second7/phase/3,sram-8,dram-0-1,16,11860,11872,12,False,,,
7,49,clustered_local,U1,second15/phase/3,sram-16,dram-16-1,16,11860,11872,12,False,,,
7,49,clustered_local,U1,second17/phase/3,sram-18,dram-18-1,16,11860,11872,12,False,,,
7,49,clustered_local,U1,second19/phase/3,sram-20,dram-20-1,16,11860,11872,12,False,,,
7,49,clustered_local,U1,second29/phase/3,sram-30,dram-30-1,16,11860,11872,12,False,,,
7,49,clustered_local,U1,second31/phase/3,sram-32,dram-32-1,16,11860,11872,12,False,,,
7,49,clustered_local,U1,second33/phase/3,sram-34,dram-34-1,16,11860,11872,12,False,,,
7,49,clustered_local,U1,second43/phase/3,sram-44,dram-44-1,16,11860,11872,12,False,,,
7,49,clustered_local,U1,second45/phase/3,sram-46,dram-46-1,16,11860,11872,12,False,,,
7,49,clustered_local,U1,second47/phase/3,sram-48,dram-48-1,16,11860,11872,12,False,,,
7,49,clustered_local,U1,second13/phase/3,sram-14,dram-14-1,16,11986,11998,12,False,,,
7,49,clustered_local,U1,second27/phase/3,sram-28,dram-28-1,16,11986,11998,12,False,,,
7,49,clustered_local,U1,second41/phase/3,sram-42,dram-42-1,16,11986,11998,12,False,,,
7,49,clustered_local,U1,second2/phase/7,dram-2-1,sram-3,65536,12930,13965,1035,False,,,
7,49,clustered_local,U1,second4/phase/7,dram-4-1,sram-5,65536,12930,13965,1035,False,,,
7,49,clustered_local,U1,second14/phase/7,dram-14-1,sram-15,65536,12930,13965,1035,False,,,
7,49,clustered_local,U1,second16/phase/7,dram-16-1,sram-17,65536,12930,13965,1035,False,,,
7,49,clustered_local,U1,second18/phase/7,dram-18-1,sram-19,65536,12930,13965,1035,False,,,
7,49,clustered_local,U1,second28/phase/7,dram-28-1,sram-29,65536,12930,13965,1035,False,,,
7,49,clustered_local,U1,second30/phase/7,dram-30-1,sram-31,65536,12930,13965,1035,False,,,
7,49,clustered_local,U1,second32/phase/7,dram-32-1,sram-33,65536,12930,13965,1035,False,,,
7,49,clustered_local,U1,second42/phase/7,dram-42-1,sram-43,65536,12930,13965,1035,False,,,
7,49,clustered_local,U1,second44/phase/7,dram-44-1,sram-45,65536,12930,13965,1035,False,,,
7,49,clustered_local,U1,second46/phase/7,dram-46-1,sram-47,65536,12930,13965,1035,False,,,
7,49,clustered_local,U1,second6/phase/7,dram-0-1,sram-7,65536,13056,14091,1035,False,,,
7,49,clustered_local,U1,second8/phase/1,sram-8,sram-9,16384,13113,13653,540,False,,,
7,49,clustered_local,U1,second9/phase/1,sram-9,sram-10,16384,13113,13652,539,False,,,
7,49,clustered_local,U1,second11/phase/1,sram-11,sram-12,16384,13113,13652,539,False,,,
7,49,clustered_local,U1,second21/phase/1,sram-21,sram-22,16384,13113,13652,539,False,,,
7,49,clustered_local,U1,second23/phase/1,sram-23,sram-24,16384,13113,13652,539,False,,,
7,49,clustered_local,U1,second25/phase/1,sram-25,sram-26,16384,13113,13652,539,False,,,
7,49,clustered_local,U1,second35/phase/1,sram-35,sram-36,16384,13113,13652,539,False,,,
7,49,clustered_local,U1,second37/phase/1,sram-37,sram-38,16384,13113,13652,539,False,,,
7,49,clustered_local,U1,second39/phase/1,sram-39,sram-40,16384,13113,13652,539,False,,,
7,49,clustered_local,U1,second9/phase/3,sram-10,dram-2-1,16,13908,13920,12,False,,,
7,49,clustered_local,U1,second11/phase/3,sram-12,dram-4-1,16,13908,13920,12,False,,,
7,49,clustered_local,U1,second21/phase/3,sram-22,dram-14-1,16,13908,13920,12,False,,,
7,49,clustered_local,U1,second23/phase/3,sram-24,dram-16-1,16,13908,13920,12,False,,,
7,49,clustered_local,U1,second25/phase/3,sram-26,dram-18-1,16,13908,13920,12,False,,,
7,49,clustered_local,U1,second35/phase/3,sram-36,dram-28-1,16,13908,13920,12,False,,,
7,49,clustered_local,U1,second37/phase/3,sram-38,dram-30-1,16,13908,13920,12,False,,,
7,49,clustered_local,U1,second39/phase/3,sram-40,dram-32-1,16,13908,13920,12,False,,,
7,49,clustered_local,U1,second8/phase/3,sram-9,dram-2-1,16,13909,13921,12,False,,,
7,49,clustered_local,U1,second1/phase/7,dram-2-1,sram-2,65536,14978,16013,1035,False,,,
7,49,clustered_local,U1,second20/phase/7,dram-14-1,sram-21,65536,14978,16013,1035,False,,,
7,49,clustered_local,U1,second34/phase/7,dram-28-1,sram-35,65536,14978,16013,1035,False,,,
7,49,clustered_local,U1,second3/phase/7,dram-4-1,sram-4,65536,14978,16013,1035,False,,,
7,49,clustered_local,U1,second5/phase/7,dram-6-1,sram-6,65536,14978,16013,1035,False,,,
7,49,clustered_local,U1,second15/phase/7,dram-16-1,sram-16,65536,14978,16013,1035,False,,,
7,49,clustered_local,U1,second17/phase/7,dram-18-1,sram-18,65536,14978,16013,1035,False,,,
7,49,clustered_local,U1,second19/phase/7,dram-20-1,sram-20,65536,14978,16013,1035,False,,,
7,49,clustered_local,U1,second29/phase/7,dram-30-1,sram-30,65536,14978,16013,1035,False,,,
7,49,clustered_local,U1,second31/phase/7,dram-32-1,sram-32,65536,14978,16013,1035,False,,,
7,49,clustered_local,U1,second33/phase/7,dram-34-1,sram-34,65536,14978,16013,1035,False,,,
7,49,clustered_local,U1,second43/phase/7,dram-44-1,sram-44,65536,14978,16013,1035,False,,,
7,49,clustered_local,U1,second45/phase/7,dram-46-1,sram-46,65536,14978,16013,1035,False,,,
7,49,clustered_local,U1,second47/phase/7,dram-48-1,sram-48,65536,14978,16013,1035,False,,,
7,49,clustered_local,U1,second48/phase/7,dram-0-1,sram-0,65536,15104,16139,1035,False,,,
7,49,clustered_local,U1,second41/phase/7,dram-42-1,sram-42,65536,15104,16139,1035,False,,,
7,49,clustered_local,U1,second10/phase/1,sram-10,sram-11,16384,15161,15700,539,False,,,
7,49,clustered_local,U1,second12/phase/1,sram-12,sram-13,16384,15161,15700,539,False,,,
7,49,clustered_local,U1,second22/phase/1,sram-22,sram-23,16384,15161,15700,539,False,,,
7,49,clustered_local,U1,second24/phase/1,sram-24,sram-25,16384,15161,15700,539,False,,,
7,49,clustered_local,U1,second26/phase/1,sram-26,sram-27,16384,15161,15700,539,False,,,
7,49,clustered_local,U1,second36/phase/1,sram-36,sram-37,16384,15161,15700,539,False,,,
7,49,clustered_local,U1,second38/phase/1,sram-38,sram-39,16384,15161,15700,539,False,,,
7,49,clustered_local,U1,second40/phase/1,sram-40,sram-41,16384,15161,15700,539,False,,,
7,49,clustered_local,U1,second0/phase/1,sram-0,sram-1,16384,15161,15700,539,False,,,
7,49,clustered_local,U1,second0/phase/3,sram-1,dram-0-1,16,15956,15968,12,False,,,
7,49,clustered_local,U1,second10/phase/3,sram-11,dram-4-1,16,15956,15968,12,False,,,
7,49,clustered_local,U1,second12/phase/3,sram-13,dram-6-1,16,15956,15968,12,False,,,
7,49,clustered_local,U1,second22/phase/3,sram-23,dram-16-1,16,15956,15968,12,False,,,
7,49,clustered_local,U1,second24/phase/3,sram-25,dram-18-1,16,15956,15968,12,False,,,
7,49,clustered_local,U1,second26/phase/3,sram-27,dram-20-1,16,15956,15968,12,False,,,
7,49,clustered_local,U1,second36/phase/3,sram-37,dram-30-1,16,15956,15968,12,False,,,
7,49,clustered_local,U1,second38/phase/3,sram-39,dram-32-1,16,15956,15968,12,False,,,
7,49,clustered_local,U1,second40/phase/3,sram-41,dram-34-1,16,15956,15968,12,False,,,
7,49,clustered_local,U1,second13/phase/7,dram-14-1,sram-14,65536,17026,18061,1035,False,,,
7,49,clustered_local,U1,second27/phase/7,dram-28-1,sram-28,65536,17026,18061,1035,False,,,
7,49,clustered_local,U1,second9/phase/7,dram-2-1,sram-10,65536,17026,18061,1035,False,,,
7,49,clustered_local,U1,second11/phase/7,dram-4-1,sram-12,65536,17026,18061,1035,False,,,
7,49,clustered_local,U1,second23/phase/7,dram-16-1,sram-24,65536,17026,18061,1035,False,,,
7,49,clustered_local,U1,second25/phase/7,dram-18-1,sram-26,65536,17026,18061,1035,False,,,
7,49,clustered_local,U1,second37/phase/7,dram-30-1,sram-38,65536,17026,18061,1035,False,,,
7,49,clustered_local,U1,second39/phase/7,dram-32-1,sram-40,65536,17026,18061,1035,False,,,
7,49,clustered_local,U1,second7/phase/7,dram-0-1,sram-8,65536,17152,18187,1035,False,,,
7,49,clustered_local,U1,second2/phase/13,sram-3,dram-2-0,16384,18829,19096,267,False,,,
7,49,clustered_local,U1,second4/phase/13,sram-5,dram-4-0,16384,18829,19096,267,False,,,
7,49,clustered_local,U1,second14/phase/13,sram-15,dram-14-0,16384,18829,19096,267,False,,,
7,49,clustered_local,U1,second16/phase/13,sram-17,dram-16-0,16384,18829,19096,267,False,,,
7,49,clustered_local,U1,second18/phase/13,sram-19,dram-18-0,16384,18829,19096,267,False,,,
7,49,clustered_local,U1,second28/phase/13,sram-29,dram-28-0,16384,18829,19096,267,False,,,
7,49,clustered_local,U1,second30/phase/13,sram-31,dram-30-0,16384,18829,19096,267,False,,,
7,49,clustered_local,U1,second32/phase/13,sram-33,dram-32-0,16384,18829,19096,267,False,,,
7,49,clustered_local,U1,second42/phase/13,sram-43,dram-42-0,16384,18829,19096,267,False,,,
7,49,clustered_local,U1,second44/phase/13,sram-45,dram-44-0,16384,18829,19096,267,False,,,
7,49,clustered_local,U1,second46/phase/13,sram-47,dram-46-0,16384,18829,19096,267,False,,,
7,49,clustered_local,U1,second6/phase/13,sram-7,dram-0-0,16384,18955,19222,267,False,,,
7,49,clustered_local,U1,second21/phase/7,dram-14-1,sram-22,65536,19074,20109,1035,False,,,
7,49,clustered_local,U1,second35/phase/7,dram-28-1,sram-36,65536,19074,20109,1035,False,,,
7,49,clustered_local,U1,second8/phase/7,dram-2-1,sram-9,65536,19074,20109,1035,False,,,
7,49,clustered_local,U1,second10/phase/7,dram-4-1,sram-11,65536,19074,20109,1035,False,,,
7,49,clustered_local,U1,second12/phase/7,dram-6-1,sram-13,65536,19074,20109,1035,False,,,
7,49,clustered_local,U1,second22/phase/7,dram-16-1,sram-23,65536,19074,20109,1035,False,,,
7,49,clustered_local,U1,second24/phase/7,dram-18-1,sram-25,65536,19074,20109,1035,False,,,
7,49,clustered_local,U1,second26/phase/7,dram-20-1,sram-27,65536,19074,20109,1035,False,,,
7,49,clustered_local,U1,second36/phase/7,dram-30-1,sram-37,65536,19074,20109,1035,False,,,
7,49,clustered_local,U1,second38/phase/7,dram-32-1,sram-39,65536,19074,20109,1035,False,,,
7,49,clustered_local,U1,second40/phase/7,dram-34-1,sram-41,65536,19074,20109,1035,False,,,
7,49,clustered_local,U1,second0/phase/7,dram-0-1,sram-1,65536,19200,20235,1035,True,,,
7,49,clustered_local,U1,second2/phase/16,dram-2-0,sram-3,16,19898,19910,12,False,,,
7,49,clustered_local,U1,second4/phase/16,dram-4-0,sram-5,16,19898,19910,12,False,,,
7,49,clustered_local,U1,second14/phase/16,dram-14-0,sram-15,16,19898,19910,12,False,,,
7,49,clustered_local,U1,second16/phase/16,dram-16-0,sram-17,16,19898,19910,12,False,,,
7,49,clustered_local,U1,second18/phase/16,dram-18-0,sram-19,16,19898,19910,12,False,,,
7,49,clustered_local,U1,second28/phase/16,dram-28-0,sram-29,16,19898,19910,12,False,,,
7,49,clustered_local,U1,second30/phase/16,dram-30-0,sram-31,16,19898,19910,12,False,,,
7,49,clustered_local,U1,second32/phase/16,dram-32-0,sram-33,16,19898,19910,12,False,,,
7,49,clustered_local,U1,second42/phase/16,dram-42-0,sram-43,16,19898,19910,12,False,,,
7,49,clustered_local,U1,second44/phase/16,dram-44-0,sram-45,16,19898,19910,12,False,,,
7,49,clustered_local,U1,second46/phase/16,dram-46-0,sram-47,16,19898,19910,12,False,,,
7,49,clustered_local,U1,second6/phase/16,dram-0-0,sram-7,16,20024,20036,12,False,,,
7,49,clustered_local,U1,second1/phase/13,sram-2,dram-2-0,16384,20877,21144,267,False,,,
7,49,clustered_local,U1,second20/phase/13,sram-21,dram-14-0,16384,20877,21144,267,False,,,
7,49,clustered_local,U1,second34/phase/13,sram-35,dram-28-0,16384,20877,21144,267,False,,,
7,49,clustered_local,U1,second3/phase/13,sram-4,dram-4-0,16384,20877,21144,267,False,,,
7,49,clustered_local,U1,second5/phase/13,sram-6,dram-6-0,16384,20877,21144,267,False,,,
7,49,clustered_local,U1,second15/phase/13,sram-16,dram-16-0,16384,20877,21144,267,False,,,
7,49,clustered_local,U1,second17/phase/13,sram-18,dram-18-0,16384,20877,21144,267,False,,,
7,49,clustered_local,U1,second19/phase/13,sram-20,dram-20-0,16384,20877,21144,267,False,,,
7,49,clustered_local,U1,second29/phase/13,sram-30,dram-30-0,16384,20877,21144,267,False,,,
7,49,clustered_local,U1,second31/phase/13,sram-32,dram-32-0,16384,20877,21144,267,False,,,
7,49,clustered_local,U1,second33/phase/13,sram-34,dram-34-0,16384,20877,21144,267,False,,,
7,49,clustered_local,U1,second43/phase/13,sram-44,dram-44-0,16384,20877,21144,267,False,,,
7,49,clustered_local,U1,second45/phase/13,sram-46,dram-46-0,16384,20877,21144,267,False,,,
7,49,clustered_local,U1,second47/phase/13,sram-48,dram-48-0,16384,20877,21144,267,False,,,
7,49,clustered_local,U1,second48/phase/13,sram-0,dram-0-0,16384,21003,21270,267,False,,,
7,49,clustered_local,U1,second41/phase/13,sram-42,dram-42-0,16384,21003,21270,267,False,,,
7,49,clustered_local,U1,second1/phase/16,dram-2-0,sram-2,16,21946,21958,12,False,,,
7,49,clustered_local,U1,second20/phase/16,dram-14-0,sram-21,16,21946,21958,12,False,,,
7,49,clustered_local,U1,second34/phase/16,dram-28-0,sram-35,16,21946,21958,12,False,,,
7,49,clustered_local,U1,second3/phase/16,dram-4-0,sram-4,16,21946,21958,12,False,,,
7,49,clustered_local,U1,second5/phase/16,dram-6-0,sram-6,16,21946,21958,12,False,,,
7,49,clustered_local,U1,second15/phase/16,dram-16-0,sram-16,16,21946,21958,12,False,,,
7,49,clustered_local,U1,second17/phase/16,dram-18-0,sram-18,16,21946,21958,12,False,,,
7,49,clustered_local,U1,second19/phase/16,dram-20-0,sram-20,16,21946,21958,12,False,,,
7,49,clustered_local,U1,second29/phase/16,dram-30-0,sram-30,16,21946,21958,12,False,,,
7,49,clustered_local,U1,second31/phase/16,dram-32-0,sram-32,16,21946,21958,12,False,,,
7,49,clustered_local,U1,second33/phase/16,dram-34-0,sram-34,16,21946,21958,12,False,,,
7,49,clustered_local,U1,second43/phase/16,dram-44-0,sram-44,16,21946,21958,12,False,,,
7,49,clustered_local,U1,second45/phase/16,dram-46-0,sram-46,16,21946,21958,12,False,,,
7,49,clustered_local,U1,second47/phase/16,dram-48-0,sram-48,16,21946,21958,12,False,,,
7,49,clustered_local,U1,second48/phase/16,dram-0-0,sram-0,16,22072,22084,12,False,,,
7,49,clustered_local,U1,second41/phase/16,dram-42-0,sram-42,16,22072,22084,12,False,,,
7,49,clustered_local,U1,second13/phase/13,sram-14,dram-14-0,16384,22925,23192,267,False,,,
7,49,clustered_local,U1,second27/phase/13,sram-28,dram-28-0,16384,22925,23192,267,False,,,
7,49,clustered_local,U1,second9/phase/13,sram-10,dram-2-0,16384,22925,23192,267,False,,,
7,49,clustered_local,U1,second11/phase/13,sram-12,dram-4-0,16384,22925,23192,267,False,,,
7,49,clustered_local,U1,second23/phase/13,sram-24,dram-16-0,16384,22925,23192,267,False,,,
7,49,clustered_local,U1,second25/phase/13,sram-26,dram-18-0,16384,22925,23192,267,False,,,
7,49,clustered_local,U1,second37/phase/13,sram-38,dram-30-0,16384,22925,23192,267,False,,,
7,49,clustered_local,U1,second39/phase/13,sram-40,dram-32-0,16384,22925,23192,267,False,,,
7,49,clustered_local,U1,second7/phase/13,sram-8,dram-0-0,16384,23051,23318,267,False,,,
7,49,clustered_local,U1,second13/phase/16,dram-14-0,sram-14,16,23994,24006,12,False,,,
7,49,clustered_local,U1,second27/phase/16,dram-28-0,sram-28,16,23994,24006,12,False,,,
7,49,clustered_local,U1,second9/phase/16,dram-2-0,sram-10,16,23994,24006,12,False,,,
7,49,clustered_local,U1,second11/phase/16,dram-4-0,sram-12,16,23994,24006,12,False,,,
7,49,clustered_local,U1,second23/phase/16,dram-16-0,sram-24,16,23994,24006,12,False,,,
7,49,clustered_local,U1,second25/phase/16,dram-18-0,sram-26,16,23994,24006,12,False,,,
7,49,clustered_local,U1,second37/phase/16,dram-30-0,sram-38,16,23994,24006,12,False,,,
7,49,clustered_local,U1,second39/phase/16,dram-32-0,sram-40,16,23994,24006,12,False,,,
7,49,clustered_local,U1,second7/phase/16,dram-0-0,sram-8,16,24120,24132,12,False,,,
7,49,clustered_local,U1,second21/phase/13,sram-22,dram-14-0,16384,24973,25240,267,False,,,
7,49,clustered_local,U1,second35/phase/13,sram-36,dram-28-0,16384,24973,25240,267,False,,,
7,49,clustered_local,U1,second8/phase/13,sram-9,dram-2-0,16384,24973,25240,267,False,,,
7,49,clustered_local,U1,second10/phase/13,sram-11,dram-4-0,16384,24973,25240,267,False,,,
7,49,clustered_local,U1,second12/phase/13,sram-13,dram-6-0,16384,24973,25240,267,False,,,
7,49,clustered_local,U1,second22/phase/13,sram-23,dram-16-0,16384,24973,25240,267,False,,,
7,49,clustered_local,U1,second24/phase/13,sram-25,dram-18-0,16384,24973,25240,267,False,,,
7,49,clustered_local,U1,second26/phase/13,sram-27,dram-20-0,16384,24973,25240,267,False,,,
7,49,clustered_local,U1,second36/phase/13,sram-37,dram-30-0,16384,24973,25240,267,False,,,
7,49,clustered_local,U1,second38/phase/13,sram-39,dram-32-0,16384,24973,25240,267,False,,,
7,49,clustered_local,U1,second40/phase/13,sram-41,dram-34-0,16384,24973,25240,267,False,,,
7,49,clustered_local,U1,second0/phase/13,sram-1,dram-0-0,16384,25099,25366,267,True,,,
7,49,clustered_local,U1,second21/phase/16,dram-14-0,sram-22,16,26042,26054,12,False,,,
7,49,clustered_local,U1,second35/phase/16,dram-28-0,sram-36,16,26042,26054,12,False,,,
7,49,clustered_local,U1,second8/phase/16,dram-2-0,sram-9,16,26042,26054,12,False,,,
7,49,clustered_local,U1,second10/phase/16,dram-4-0,sram-11,16,26042,26054,12,False,,,
7,49,clustered_local,U1,second12/phase/16,dram-6-0,sram-13,16,26042,26054,12,False,,,
7,49,clustered_local,U1,second22/phase/16,dram-16-0,sram-23,16,26042,26054,12,False,,,
7,49,clustered_local,U1,second24/phase/16,dram-18-0,sram-25,16,26042,26054,12,False,,,
7,49,clustered_local,U1,second26/phase/16,dram-20-0,sram-27,16,26042,26054,12,False,,,
7,49,clustered_local,U1,second36/phase/16,dram-30-0,sram-37,16,26042,26054,12,False,,,
7,49,clustered_local,U1,second38/phase/16,dram-32-0,sram-39,16,26042,26054,12,False,,,
7,49,clustered_local,U1,second40/phase/16,dram-34-0,sram-41,16,26042,26054,12,False,,,
7,49,clustered_local,U1,second0/phase/16,dram-0-0,sram-1,16,26168,26180,12,True,,,
7,49,clustered_local,S,first0/phase/0,sram-0,host-memory,16,0,32,32,False,0,0,1.0
7,49,clustered_local,S,first1/phase/0,sram-1,dram-0-0,16,0,34,34,True,0,0,2.0
7,49,clustered_local,S,first2/phase/0,sram-2,dram-2-0,16,0,13,13,False,0,0,1.0
7,49,clustered_local,S,first3/phase/0,sram-3,dram-2-0,16,0,34,34,False,0,0,2.0
7,49,clustered_local,S,first4/phase/0,sram-4,dram-4-0,16,0,13,13,False,0,0,1.0
7,49,clustered_local,S,first5/phase/0,sram-5,dram-4-0,16,0,34,34,False,0,0,2.0
7,49,clustered_local,S,first6/phase/0,sram-6,dram-6-0,16,0,13,13,False,0,0,1.0
7,49,clustered_local,S,first7/phase/0,sram-7,dram-0-0,16,0,36,36,False,0,0,2.0
7,49,clustered_local,S,first8/phase/0,sram-8,dram-0-0,16,0,55,55,False,0,0,3.0
7,49,clustered_local,S,first9/phase/0,sram-9,dram-2-0,16,0,36,36,False,0,0,2.0
7,49,clustered_local,S,first10/phase/0,sram-10,dram-2-0,16,0,55,55,False,0,0,3.0
7,49,clustered_local,S,first11/phase/0,sram-11,dram-4-0,16,0,36,36,False,0,0,2.0
7,49,clustered_local,S,first12/phase/0,sram-12,dram-4-0,16,0,55,55,False,0,0,3.0
7,49,clustered_local,S,first13/phase/0,sram-13,dram-6-0,16,0,34,34,False,0,0,2.0
7,49,clustered_local,S,first14/phase/0,sram-14,dram-14-0,16,0,13,13,False,0,0,1.0
7,49,clustered_local,S,first15/phase/0,sram-15,dram-14-0,16,0,34,34,False,0,0,2.0
7,49,clustered_local,S,first16/phase/0,sram-16,dram-16-0,16,0,13,13,False,0,0,1.0
7,49,clustered_local,S,first17/phase/0,sram-17,dram-16-0,16,0,34,34,False,0,0,2.0
7,49,clustered_local,S,first18/phase/0,sram-18,dram-18-0,16,0,13,13,False,0,0,1.0
7,49,clustered_local,S,first19/phase/0,sram-19,dram-18-0,16,0,34,34,False,0,0,2.0
7,49,clustered_local,S,first20/phase/0,sram-20,dram-20-0,16,0,13,13,False,0,0,1.0
7,49,clustered_local,S,first21/phase/0,sram-21,dram-14-0,16,0,36,36,False,0,0,2.0
7,49,clustered_local,S,first22/phase/0,sram-22,dram-14-0,16,0,55,55,False,0,0,3.0
7,49,clustered_local,S,first23/phase/0,sram-23,dram-16-0,16,0,36,36,False,0,0,2.0
7,49,clustered_local,S,first24/phase/0,sram-24,dram-16-0,16,0,55,55,False,0,0,3.0
7,49,clustered_local,S,first25/phase/0,sram-25,dram-18-0,16,0,36,36,False,0,0,2.0
7,49,clustered_local,S,first26/phase/0,sram-26,dram-18-0,16,0,55,55,False,0,0,3.0
7,49,clustered_local,S,first27/phase/0,sram-27,dram-20-0,16,0,34,34,False,0,0,2.0
7,49,clustered_local,S,first28/phase/0,sram-28,dram-28-0,16,0,13,13,False,0,0,1.0
7,49,clustered_local,S,first29/phase/0,sram-29,dram-28-0,16,0,34,34,False,0,0,2.0
7,49,clustered_local,S,first30/phase/0,sram-30,dram-30-0,16,0,13,13,False,0,0,1.0
7,49,clustered_local,S,first31/phase/0,sram-31,dram-30-0,16,0,34,34,False,0,0,2.0
7,49,clustered_local,S,first32/phase/0,sram-32,dram-32-0,16,0,13,13,False,0,0,1.0
7,49,clustered_local,S,first33/phase/0,sram-33,dram-32-0,16,0,34,34,False,0,0,2.0
7,49,clustered_local,S,first34/phase/0,sram-34,dram-34-0,16,0,13,13,False,0,0,1.0
7,49,clustered_local,S,first35/phase/0,sram-35,dram-28-0,16,0,36,36,False,0,0,2.0
7,49,clustered_local,S,first36/phase/0,sram-36,dram-28-0,16,0,55,55,False,0,0,3.0
7,49,clustered_local,S,first37/phase/0,sram-37,dram-30-0,16,0,36,36,False,0,0,2.0
7,49,clustered_local,S,first38/phase/0,sram-38,dram-30-0,16,0,55,55,False,0,0,3.0
7,49,clustered_local,S,first39/phase/0,sram-39,dram-32-0,16,0,36,36,False,0,0,2.0
7,49,clustered_local,S,first40/phase/0,sram-40,dram-32-0,16,0,55,55,False,0,0,3.0
7,49,clustered_local,S,first41/phase/0,sram-41,dram-34-0,16,0,34,34,False,0,0,2.0
7,49,clustered_local,S,first42/phase/0,sram-42,dram-42-0,16,0,13,13,False,0,0,1.0
7,49,clustered_local,S,first43/phase/0,sram-43,dram-42-0,16,0,34,34,False,0,0,2.0
7,49,clustered_local,S,first44/phase/0,sram-44,dram-44-0,16,0,13,13,False,0,0,1.0
7,49,clustered_local,S,first45/phase/0,sram-45,dram-44-0,16,0,34,34,False,0,0,2.0
7,49,clustered_local,S,first46/phase/0,sram-46,dram-46-0,16,0,13,13,False,0,0,1.0
7,49,clustered_local,S,first47/phase/0,sram-47,dram-46-0,16,0,34,34,False,0,0,2.0
7,49,clustered_local,S,first48/phase/0,sram-48,dram-48-0,16,0,13,13,False,0,0,1.0
7,49,clustered_local,S,first0/phase/4,host-memory,sram-0,16384,888,1430,542,False,0,451,1.0
7,49,clustered_local,S,first0/phase/6,sram-0,dram-0-0,16,1686,1699,13,False,0,0,1.0
7,49,clustered_local,S,first2/phase/4,dram-2-0,sram-2,65536,3119,5178,2059,False,0,1987,1.0
7,49,clustered_local,S,first4/phase/4,dram-4-0,sram-4,65536,3119,5178,2059,False,0,1987,1.0
7,49,clustered_local,S,first6/phase/4,dram-6-0,sram-6,65536,3119,5178,2059,False,0,1987,1.0
7,49,clustered_local,S,first14/phase/4,dram-14-0,sram-14,65536,3119,5178,2059,False,0,1987,1.0
7,49,clustered_local,S,first16/phase/4,dram-16-0,sram-16,65536,3119,5178,2059,False,0,1987,1.0
7,49,clustered_local,S,first18/phase/4,dram-18-0,sram-18,65536,3119,5178,2059,False,0,1987,1.0
7,49,clustered_local,S,first20/phase/4,dram-20-0,sram-20,65536,3119,5178,2059,False,0,1987,1.0
7,49,clustered_local,S,first28/phase/4,dram-28-0,sram-28,65536,3119,5178,2059,False,0,1987,1.0
7,49,clustered_local,S,first30/phase/4,dram-30-0,sram-30,65536,3119,5178,2059,False,0,1987,1.0
7,49,clustered_local,S,first32/phase/4,dram-32-0,sram-32,65536,3119,5178,2059,False,0,1987,1.0
7,49,clustered_local,S,first34/phase/4,dram-34-0,sram-34,65536,3119,5178,2059,False,0,1987,1.0
7,49,clustered_local,S,first42/phase/4,dram-42-0,sram-42,65536,3119,5178,2059,False,0,1987,1.0
7,49,clustered_local,S,first44/phase/4,dram-44-0,sram-44,65536,3119,5178,2059,False,0,1987,1.0
7,49,clustered_local,S,first46/phase/4,dram-46-0,sram-46,65536,3119,5178,2059,False,0,1987,1.0
7,49,clustered_local,S,first48/phase/4,dram-48-0,sram-48,65536,3119,5178,2059,False,0,1987,1.0
7,49,clustered_local,S,first1/phase/4,dram-0-0,sram-1,65536,3140,5220,2080,False,0,1987,2.0
7,49,clustered_local,S,first3/phase/4,dram-2-0,sram-3,65536,5167,7247,2080,False,0,1987,2.0
7,49,clustered_local,S,first5/phase/4,dram-4-0,sram-5,65536,5167,7247,2080,False,0,1987,2.0
7,49,clustered_local,S,first13/phase/4,dram-6-0,sram-13,65536,5167,7247,2080,False,0,1987,2.0
7,49,clustered_local,S,first15/phase/4,dram-14-0,sram-15,65536,5167,7247,2080,False,0,1987,2.0
7,49,clustered_local,S,first17/phase/4,dram-16-0,sram-17,65536,5167,7247,2080,False,0,1987,2.0
7,49,clustered_local,S,first19/phase/4,dram-18-0,sram-19,65536,5167,7247,2080,False,0,1987,2.0
7,49,clustered_local,S,first27/phase/4,dram-20-0,sram-27,65536,5167,7247,2080,False,0,1987,2.0
7,49,clustered_local,S,first29/phase/4,dram-28-0,sram-29,65536,5167,7247,2080,False,0,1987,2.0
7,49,clustered_local,S,first31/phase/4,dram-30-0,sram-31,65536,5167,7247,2080,False,0,1987,2.0
7,49,clustered_local,S,first33/phase/4,dram-32-0,sram-33,65536,5167,7247,2080,False,0,1987,2.0
7,49,clustered_local,S,first41/phase/4,dram-34-0,sram-41,65536,5167,7247,2080,False,0,1987,2.0
7,49,clustered_local,S,first43/phase/4,dram-42-0,sram-43,65536,5167,7247,2080,False,0,1987,2.0
7,49,clustered_local,S,first45/phase/4,dram-44-0,sram-45,65536,5167,7247,2080,False,0,1987,2.0
7,49,clustered_local,S,first47/phase/4,dram-46-0,sram-47,65536,5167,7247,2080,False,0,1987,2.0
7,49,clustered_local,S,first7/phase/4,dram-0-0,sram-7,65536,5188,7268,2080,False,0,1987,2.0
7,49,clustered_local,S,first9/phase/4,dram-2-0,sram-9,65536,7215,9295,2080,False,0,1987,2.0
7,49,clustered_local,S,first11/phase/4,dram-4-0,sram-11,65536,7215,9295,2080,False,0,1987,2.0
7,49,clustered_local,S,first21/phase/4,dram-14-0,sram-21,65536,7215,9295,2080,False,0,1987,2.0
7,49,clustered_local,S,first23/phase/4,dram-16-0,sram-23,65536,7215,9295,2080,False,0,1987,2.0
7,49,clustered_local,S,first25/phase/4,dram-18-0,sram-25,65536,7215,9295,2080,False,0,1987,2.0
7,49,clustered_local,S,first35/phase/4,dram-28-0,sram-35,65536,7215,9295,2080,False,0,1987,2.0
7,49,clustered_local,S,first37/phase/4,dram-30-0,sram-37,65536,7215,9295,2080,False,0,1987,2.0
7,49,clustered_local,S,first39/phase/4,dram-32-0,sram-39,65536,7215,9295,2080,False,0,1987,2.0
7,49,clustered_local,S,first8/phase/4,dram-0-0,sram-8,65536,7236,9337,2101,False,0,1987,3.0
7,49,clustered_local,S,first10/phase/4,dram-2-0,sram-10,65536,9263,11534,2271,False,0,2100,3.0
7,49,clustered_local,S,first12/phase/4,dram-4-0,sram-12,65536,9263,11534,2271,False,0,2100,3.0
7,49,clustered_local,S,first22/phase/4,dram-14-0,sram-22,65536,9263,11534,2271,False,0,2100,3.0
7,49,clustered_local,S,first24/phase/4,dram-16-0,sram-24,65536,9263,11534,2271,False,0,2100,3.0
7,49,clustered_local,S,first26/phase/4,dram-18-0,sram-26,65536,9263,11534,2271,False,0,2100,3.0
7,49,clustered_local,S,first36/phase/4,dram-28-0,sram-36,65536,9263,11534,2271,False,0,2100,3.0
7,49,clustered_local,S,first38/phase/4,dram-30-0,sram-38,65536,9263,11534,2271,False,0,2100,3.0
7,49,clustered_local,S,first40/phase/4,dram-32-0,sram-40,65536,9263,11534,2271,False,0,2100,3.0
7,49,clustered_local,S,first0/phase/10,dram-0-0,sram-0,65536,9284,11855,2571,True,0,2442,1.0
7,49,clustered_local,S,second2/phase/1,sram-2,sram-3,16384,10042,10757,715,False,0,601,1.0
7,49,clustered_local,S,second4/phase/1,sram-4,sram-5,16384,10042,10757,715,False,0,601,1.0
7,49,clustered_local,S,second6/phase/1,sram-6,sram-7,16384,10042,10707,665,False,0,451,7.0
7,49,clustered_local,S,second14/phase/1,sram-14,sram-15,16384,10042,10757,715,False,0,601,1.0
7,49,clustered_local,S,second16/phase/1,sram-16,sram-17,16384,10042,10757,715,False,0,601,1.0
7,49,clustered_local,S,second18/phase/1,sram-18,sram-19,16384,10042,10757,715,False,0,601,1.0
7,49,clustered_local,S,second20/phase/1,sram-20,sram-21,16384,10042,10707,665,False,0,451,7.0
7,49,clustered_local,S,second28/phase/1,sram-28,sram-29,16384,10042,10757,715,False,0,601,1.0
7,49,clustered_local,S,second30/phase/1,sram-30,sram-31,16384,10042,10757,715,False,0,601,1.0
7,49,clustered_local,S,second32/phase/1,sram-32,sram-33,16384,10042,10757,715,False,0,601,1.0
7,49,clustered_local,S,second34/phase/1,sram-34,sram-35,16384,10042,10707,665,False,0,451,7.0
7,49,clustered_local,S,second42/phase/1,sram-42,sram-43,16384,10042,10581,539,False,0,451,1.0
7,49,clustered_local,S,second44/phase/1,sram-44,sram-45,16384,10042,10581,539,False,0,451,1.0
7,49,clustered_local,S,second46/phase/1,sram-46,sram-47,16384,10042,10581,539,False,0,451,1.0
7,49,clustered_local,S,second48/phase/1,sram-48,sram-0,16384,10042,11315,1273,False,0,451,12.0
7,49,clustered_local,S,second1/phase/1,sram-1,sram-2,16384,10084,10624,540,False,0,451,1.0
7,49,clustered_local,S,second42/phase/3,sram-43,dram-42-1,16,10837,10871,34,False,0,0,2.0
7,49,clustered_local,S,second44/phase/3,sram-45,dram-44-1,16,10837,10871,34,False,0,0,2.0
7,49,clustered_local,S,second46/phase/3,sram-47,dram-46-1,16,10837,10871,34,False,0,0,2.0
7,49,clustered_local,S,second1/phase/3,sram-2,dram-2-1,16,10880,10894,14,False,0,0,1.0
7,49,clustered_local,S,second6/phase/3,sram-7,dram-0-1,16,10963,10998,35,False,0,0,2.0
7,49,clustered_local,S,second2/phase/3,sram-3,dram-2-1,16,11013,11104,91,False,0,0,2.0
7,49,clustered_local,S,second4/phase/3,sram-5,dram-4-1,16,11013,11048,35,False,0,0,2.0
7,49,clustered_local,S,second14/phase/3,sram-15,dram-14-1,16,11013,11048,35,False,0,0,2.0
7,49,clustered_local,S,second16/phase/3,sram-17,dram-16-1,16,11013,11048,35,False,0,0,2.0
7,49,clustered_local,S,second18/phase/3,sram-19,dram-18-1,16,11013,11048,35,False,0,0,2.0
7,49,clustered_local,S,second28/phase/3,sram-29,dram-28-1,16,11013,11048,35,False,0,0,2.0
7,49,clustered_local,S,second30/phase/3,sram-31,dram-30-1,16,11013,11048,35,False,0,0,2.0
7,49,clustered_local,S,second32/phase/3,sram-33,dram-32-1,16,11013,11048,35,False,0,0,2.0
7,49,clustered_local,S,second48/phase/3,sram-0,dram-0-1,16,11571,11585,14,False,0,0,1.0
7,49,clustered_local,S,second20/phase/3,sram-21,dram-14-1,16,11855,11889,34,False,0,0,2.0
7,49,clustered_local,S,second34/phase/3,sram-35,dram-28-1,16,11855,11889,34,False,0,0,2.0
7,49,clustered_local,S,second3/phase/1,sram-3,sram-4,16384,12111,12650,539,False,0,451,1.0
7,49,clustered_local,S,second5/phase/1,sram-5,sram-6,16384,12111,12650,539,False,0,451,1.0
7,49,clustered_local,S,second13/phase/1,sram-13,sram-14,16384,12111,12776,665,False,0,451,7.0
7,49,clustered_local,S,second15/phase/1,sram-15,sram-16,16384,12111,12650,539,False,0,451,1.0
7,49,clustered_local,S,second17/phase/1,sram-17,sram-18,16384,12111,12650,539,False,0,451,1.0
7,49,clustered_local,S,second19/phase/1,sram-19,sram-20,16384,12111,12650,539,False,0,451,1.0
7,49,clustered_local,S,second27/phase/1,sram-27,sram-28,16384,12111,12776,665,False,0,451,7.0
7,49,clustered_local,S,second29/phase/1,sram-29,sram-30,16384,12111,12650,539,False,0,451,1.0
7,49,clustered_local,S,second31/phase/1,sram-31,sram-32,16384,12111,12650,539,False,0,451,1.0
7,49,clustered_local,S,second33/phase/1,sram-33,sram-34,16384,12111,12650,539,False,0,451,1.0
7,49,clustered_local,S,second41/phase/1,sram-41,sram-42,16384,12111,12776,665,False,0,451,7.0
7,49,clustered_local,S,second43/phase/1,sram-43,sram-44,16384,12111,12650,539,False,0,451,1.0
7,49,clustered_local,S,second45/phase/1,sram-45,sram-46,16384,12111,12650,539,False,0,451,1.0
7,49,clustered_local,S,second47/phase/1,sram-47,sram-48,16384,12111,12650,539,False,0,451,1.0
7,49,clustered_local,S,second7/phase/1,sram-7,sram-8,16384,12132,12671,539,False,0,451,1.0
7,49,clustered_local,S,second3/phase/3,sram-4,dram-4-1,16,12906,12919,13,False,0,0,1.0
7,49,clustered_local,S,second5/phase/3,sram-6,dram-6-1,16,12906,12919,13,False,0,0,1.0
7,49,clustered_local,S,second15/phase/3,sram-16,dram-16-1,16,12906,12919,13,False,0,0,1.0
7,49,clustered_local,S,second17/phase/3,sram-18,dram-18-1,16,12906,12919,13,False,0,0,1.0
7,49,clustered_local,S,second19/phase/3,sram-20,dram-20-1,16,12906,12919,13,False,0,0,1.0
7,49,clustered_local,S,second29/phase/3,sram-30,dram-30-1,16,12906,12919,13,False,0,0,1.0
7,49,clustered_local,S,second31/phase/3,sram-32,dram-32-1,16,12906,12919,13,False,0,0,1.0
7,49,clustered_local,S,second33/phase/3,sram-34,dram-34-1,16,12906,12919,13,False,0,0,1.0
7,49,clustered_local,S,second43/phase/3,sram-44,dram-44-1,16,12906,12919,13,False,0,0,1.0
7,49,clustered_local,S,second45/phase/3,sram-46,dram-46-1,16,12906,12919,13,False,0,0,1.0
7,49,clustered_local,S,second47/phase/3,sram-48,dram-48-1,16,12906,12919,13,False,0,0,1.0
7,49,clustered_local,S,second7/phase/3,sram-8,dram-0-1,16,12927,12982,55,False,0,0,3.0
7,49,clustered_local,S,second13/phase/3,sram-14,dram-14-1,16,13032,13045,13,False,0,0,1.0
7,49,clustered_local,S,second27/phase/3,sram-28,dram-28-1,16,13032,13045,13,False,0,0,1.0
7,49,clustered_local,S,second41/phase/3,sram-42,dram-42-1,16,13032,13045,13,False,0,0,1.0
7,49,clustered_local,S,second42/phase/7,dram-42-1,sram-43,65536,13977,16057,2080,False,0,1987,2.0
7,49,clustered_local,S,second44/phase/7,dram-44-1,sram-45,65536,13977,16057,2080,False,0,1987,2.0
7,49,clustered_local,S,second46/phase/7,dram-46-1,sram-47,65536,13977,16057,2080,False,0,1987,2.0
7,49,clustered_local,S,second1/phase/7,dram-2-1,sram-2,65536,14000,16059,2059,False,0,1987,1.0
7,49,clustered_local,S,second6/phase/7,dram-0-1,sram-7,65536,14104,16184,2080,False,0,1987,2.0
7,49,clustered_local,S,second4/phase/7,dram-4-1,sram-5,65536,14154,16234,2080,False,0,1987,2.0
7,49,clustered_local,S,second14/phase/7,dram-14-1,sram-15,65536,14154,16234,2080,False,0,1987,2.0
7,49,clustered_local,S,second16/phase/7,dram-16-1,sram-17,65536,14154,16234,2080,False,0,1987,2.0
7,49,clustered_local,S,second18/phase/7,dram-18-1,sram-19,65536,14154,16234,2080,False,0,1987,2.0
7,49,clustered_local,S,second28/phase/7,dram-28-1,sram-29,65536,14154,16234,2080,False,0,1987,2.0
7,49,clustered_local,S,second30/phase/7,dram-30-1,sram-31,65536,14154,16234,2080,False,0,1987,2.0
7,49,clustered_local,S,second32/phase/7,dram-32-1,sram-33,65536,14154,16234,2080,False,0,1987,2.0
7,49,clustered_local,S,second9/phase/1,sram-9,sram-10,16384,14159,14698,539,False,0,451,1.0
7,49,clustered_local,S,second11/phase/1,sram-11,sram-12,16384,14159,14698,539,False,0,451,1.0
7,49,clustered_local,S,second21/phase/1,sram-21,sram-22,16384,14159,14698,539,False,0,451,1.0
7,49,clustered_local,S,second23/phase/1,sram-23,sram-24,16384,14159,14698,539,False,0,451,1.0
7,49,clustered_local,S,second25/phase/1,sram-25,sram-26,16384,14159,14698,539,False,0,451,1.0
7,49,clustered_local,S,second35/phase/1,sram-35,sram-36,16384,14159,14698,539,False,0,451,1.0
7,49,clustered_local,S,second37/phase/1,sram-37,sram-38,16384,14159,14698,539,False,0,451,1.0
7,49,clustered_local,S,second39/phase/1,sram-39,sram-40,16384,14159,14698,539,False,0,451,1.0
7,49,clustered_local,S,second8/phase/1,sram-8,sram-9,16384,14201,14741,540,False,0,451,1.0
7,49,clustered_local,S,second9/phase/3,sram-10,dram-2-1,16,14954,15010,56,False,0,0,3.0
7,49,clustered_local,S,second11/phase/3,sram-12,dram-4-1,16,14954,15010,56,False,0,0,3.0
7,49,clustered_local,S,second21/phase/3,sram-22,dram-14-1,16,14954,15010,56,False,0,0,3.0
7,49,clustered_local,S,second23/phase/3,sram-24,dram-16-1,16,14954,15010,56,False,0,0,3.0
7,49,clustered_local,S,second25/phase/3,sram-26,dram-18-1,16,14954,15010,56,False,0,0,3.0
7,49,clustered_local,S,second35/phase/3,sram-36,dram-28-1,16,14954,15010,56,False,0,0,3.0
7,49,clustered_local,S,second37/phase/3,sram-38,dram-30-1,16,14954,15010,56,False,0,0,3.0
7,49,clustered_local,S,second39/phase/3,sram-40,dram-32-1,16,14954,15010,56,False,0,0,3.0
7,49,clustered_local,S,second8/phase/3,sram-9,dram-2-1,16,14997,15032,35,False,0,0,2.0
7,49,clustered_local,S,second5/phase/7,dram-6-1,sram-6,65536,16025,18084,2059,False,0,1987,1.0
7,49,clustered_local,S,second19/phase/7,dram-20-1,sram-20,65536,16025,18084,2059,False,0,1987,1.0
7,49,clustered_local,S,second33/phase/7,dram-34-1,sram-34,65536,16025,18084,2059,False,0,1987,1.0
7,49,clustered_local,S,second43/phase/7,dram-44-1,sram-44,65536,16025,18084,2059,False,0,1987,1.0
7,49,clustered_local,S,second45/phase/7,dram-46-1,sram-46,65536,16025,18084,2059,False,0,1987,1.0
7,49,clustered_local,S,second47/phase/7,dram-48-1,sram-48,65536,16025,18084,2059,False,0,1987,1.0
7,49,clustered_local,S,second2/phase/7,dram-2-1,sram-3,65536,16048,18128,2080,False,0,1987,2.0
7,49,clustered_local,S,second41/phase/7,dram-42-1,sram-42,65536,16151,18210,2059,False,0,1987,1.0
7,49,clustered_local,S,second48/phase/7,dram-0-1,sram-0,65536,16152,18211,2059,False,0,1987,1.0
7,49,clustered_local,S,second20/phase/7,dram-14-1,sram-21,65536,16202,18282,2080,False,0,1987,2.0
7,49,clustered_local,S,second34/phase/7,dram-28-1,sram-35,65536,16202,18282,2080,False,0,1987,2.0
7,49,clustered_local,S,second3/phase/7,dram-4-1,sram-4,65536,16202,18261,2059,False,0,1987,1.0
7,49,clustered_local,S,second15/phase/7,dram-16-1,sram-16,65536,16202,18261,2059,False,0,1987,1.0
7,49,clustered_local,S,second17/phase/7,dram-18-1,sram-18,65536,16202,18261,2059,False,0,1987,1.0
7,49,clustered_local,S,second29/phase/7,dram-30-1,sram-30,65536,16202,18261,2059,False,0,1987,1.0
7,49,clustered_local,S,second31/phase/7,dram-32-1,sram-32,65536,16202,18261,2059,False,0,1987,1.0
7,49,clustered_local,S,second10/phase/1,sram-10,sram-11,16384,16398,16937,539,False,0,451,1.0
7,49,clustered_local,S,second12/phase/1,sram-12,sram-13,16384,16398,16937,539,False,0,451,1.0
7,49,clustered_local,S,second22/phase/1,sram-22,sram-23,16384,16398,16937,539,False,0,451,1.0
7,49,clustered_local,S,second24/phase/1,sram-24,sram-25,16384,16398,16937,539,False,0,451,1.0
7,49,clustered_local,S,second26/phase/1,sram-26,sram-27,16384,16398,16937,539,False,0,451,1.0
7,49,clustered_local,S,second36/phase/1,sram-36,sram-37,16384,16398,16937,539,False,0,451,1.0
7,49,clustered_local,S,second38/phase/1,sram-38,sram-39,16384,16398,16937,539,False,0,451,1.0
7,49,clustered_local,S,second40/phase/1,sram-40,sram-41,16384,16398,16937,539,False,0,451,1.0
7,49,clustered_local,S,second0/phase/1,sram-0,sram-1,16384,16719,17258,539,True,0,451,1.0
7,49,clustered_local,S,second10/phase/3,sram-11,dram-4-1,16,17193,17228,35,False,0,0,2.0
7,49,clustered_local,S,second12/phase/3,sram-13,dram-6-1,16,17193,17227,34,False,0,0,2.0
7,49,clustered_local,S,second22/phase/3,sram-23,dram-16-1,16,17193,17228,35,False,0,0,2.0
7,49,clustered_local,S,second24/phase/3,sram-25,dram-18-1,16,17193,17228,35,False,0,0,2.0
7,49,clustered_local,S,second26/phase/3,sram-27,dram-20-1,16,17193,17227,34,False,0,0,2.0
7,49,clustered_local,S,second36/phase/3,sram-37,dram-30-1,16,17193,17228,35,False,0,0,2.0
7,49,clustered_local,S,second38/phase/3,sram-39,dram-32-1,16,17193,17228,35,False,0,0,2.0
7,49,clustered_local,S,second40/phase/3,sram-41,dram-34-1,16,17193,17227,34,False,0,0,2.0
7,49,clustered_local,S,second0/phase/3,sram-1,dram-0-1,16,17514,17548,34,True,0,0,2.0
7,49,clustered_local,S,second9/phase/7,dram-2-1,sram-10,65536,18116,20217,2101,False,0,1987,3.0
7,49,clustered_local,S,second7/phase/7,dram-0-1,sram-8,65536,18200,20301,2101,False,0,1987,3.0
7,49,clustered_local,S,second13/phase/7,dram-14-1,sram-14,65536,18250,20309,2059,False,0,1987,1.0
7,49,clustered_local,S,second27/phase/7,dram-28-1,sram-28,65536,18250,20309,2059,False,0,1987,1.0
7,49,clustered_local,S,second11/phase/7,dram-4-1,sram-12,65536,18250,20351,2101,False,0,1987,3.0
7,49,clustered_local,S,second23/phase/7,dram-16-1,sram-24,65536,18250,20351,2101,False,0,1987,3.0
7,49,clustered_local,S,second25/phase/7,dram-18-1,sram-26,65536,18250,20351,2101,False,0,1987,3.0
7,49,clustered_local,S,second37/phase/7,dram-30-1,sram-38,65536,18250,20351,2101,False,0,1987,3.0
7,49,clustered_local,S,second39/phase/7,dram-32-1,sram-40,65536,18250,20351,2101,False,0,1987,3.0
7,49,clustered_local,S,second8/phase/7,dram-2-1,sram-9,65536,20164,22244,2080,False,0,1987,2.0
7,49,clustered_local,S,second21/phase/7,dram-14-1,sram-22,65536,20298,22399,2101,False,0,1987,3.0
7,49,clustered_local,S,second35/phase/7,dram-28-1,sram-36,65536,20298,22399,2101,False,0,1987,3.0
7,49,clustered_local,S,second12/phase/7,dram-6-1,sram-13,65536,20333,22413,2080,False,0,1987,2.0
7,49,clustered_local,S,second26/phase/7,dram-20-1,sram-27,65536,20333,22413,2080,False,0,1987,2.0
7,49,clustered_local,S,second40/phase/7,dram-34-1,sram-41,65536,20333,22413,2080,False,0,1987,2.0
7,49,clustered_local,S,second10/phase/7,dram-4-1,sram-11,65536,20334,22414,2080,False,0,1987,2.0
7,49,clustered_local,S,second22/phase/7,dram-16-1,sram-23,65536,20334,22414,2080,False,0,1987,2.0
7,49,clustered_local,S,second24/phase/7,dram-18-1,sram-25,65536,20334,22414,2080,False,0,1987,2.0
7,49,clustered_local,S,second36/phase/7,dram-30-1,sram-37,65536,20334,22414,2080,False,0,1987,2.0
7,49,clustered_local,S,second38/phase/7,dram-32-1,sram-39,65536,20334,22414,2080,False,0,1987,2.0
7,49,clustered_local,S,second0/phase/7,dram-0-1,sram-1,65536,20654,22736,2082,True,0,1989,2.0
7,49,clustered_local,S,second42/phase/13,sram-43,dram-42-0,16384,20921,21465,544,False,0,451,2.0
7,49,clustered_local,S,second44/phase/13,sram-45,dram-44-0,16384,20921,21465,544,False,0,451,2.0
7,49,clustered_local,S,second46/phase/13,sram-47,dram-46-0,16384,20921,21465,544,False,0,451,2.0
7,49,clustered_local,S,second1/phase/13,sram-2,dram-2-0,16384,20923,21446,523,False,0,451,1.0
7,49,clustered_local,S,second6/phase/13,sram-7,dram-0-0,16384,21048,21592,544,False,0,451,2.0
7,49,clustered_local,S,second4/phase/13,sram-5,dram-4-0,16384,21098,21642,544,False,0,451,2.0
7,49,clustered_local,S,second14/phase/13,sram-15,dram-14-0,16384,21098,21642,544,False,0,451,2.0
7,49,clustered_local,S,second16/phase/13,sram-17,dram-16-0,16384,21098,21642,544,False,0,451,2.0
7,49,clustered_local,S,second18/phase/13,sram-19,dram-18-0,16384,21098,21642,544,False,0,451,2.0
7,49,clustered_local,S,second28/phase/13,sram-29,dram-28-0,16384,21098,21642,544,False,0,451,2.0
7,49,clustered_local,S,second30/phase/13,sram-31,dram-30-0,16384,21098,21642,544,False,0,451,2.0
7,49,clustered_local,S,second32/phase/13,sram-33,dram-32-0,16384,21098,21642,544,False,0,451,2.0
7,49,clustered_local,S,second1/phase/16,dram-2-0,sram-2,16,22248,22261,13,False,0,0,1.0
7,49,clustered_local,S,second42/phase/16,dram-42-0,sram-43,16,22267,22301,34,False,0,0,2.0
7,49,clustered_local,S,second44/phase/16,dram-44-0,sram-45,16,22267,22301,34,False,0,0,2.0
7,49,clustered_local,S,second46/phase/16,dram-46-0,sram-47,16,22267,22301,34,False,0,0,2.0
7,49,clustered_local,S,second6/phase/16,dram-0-0,sram-7,16,22394,22428,34,False,0,0,2.0
7,49,clustered_local,S,second4/phase/16,dram-4-0,sram-5,16,22444,22478,34,False,0,0,2.0
7,49,clustered_local,S,second14/phase/16,dram-14-0,sram-15,16,22444,22478,34,False,0,0,2.0
7,49,clustered_local,S,second16/phase/16,dram-16-0,sram-17,16,22444,22478,34,False,0,0,2.0
7,49,clustered_local,S,second18/phase/16,dram-18-0,sram-19,16,22444,22478,34,False,0,0,2.0
7,49,clustered_local,S,second28/phase/16,dram-28-0,sram-29,16,22444,22478,34,False,0,0,2.0
7,49,clustered_local,S,second30/phase/16,dram-30-0,sram-31,16,22444,22478,34,False,0,0,2.0
7,49,clustered_local,S,second32/phase/16,dram-32-0,sram-33,16,22444,22478,34,False,0,0,2.0
7,49,clustered_local,S,second5/phase/13,sram-6,dram-6-0,16384,22948,23471,523,False,0,451,1.0
7,49,clustered_local,S,second19/phase/13,sram-20,dram-20-0,16384,22948,23471,523,False,0,451,1.0
7,49,clustered_local,S,second33/phase/13,sram-34,dram-34-0,16384,22948,23471,523,False,0,451,1.0
7,49,clustered_local,S,second43/phase/13,sram-44,dram-44-0,16384,22948,23471,523,False,0,451,1.0
7,49,clustered_local,S,second45/phase/13,sram-46,dram-46-0,16384,22948,23471,523,False,0,451,1.0
7,49,clustered_local,S,second47/phase/13,sram-48,dram-48-0,16384,22948,23471,523,False,0,451,1.0
7,49,clustered_local,S,second2/phase/13,sram-3,dram-2-0,16384,22992,23536,544,False,0,451,2.0
7,49,clustered_local,S,second41/phase/13,sram-42,dram-42-0,16384,23074,23597,523,False,0,451,1.0
7,49,clustered_local,S,second48/phase/13,sram-0,dram-0-0,16384,23075,23598,523,False,0,451,1.0
7,49,clustered_local,S,second3/phase/13,sram-4,dram-4-0,16384,23125,23648,523,False,0,451,1.0
7,49,clustered_local,S,second15/phase/13,sram-16,dram-16-0,16384,23125,23648,523,False,0,451,1.0
7,49,clustered_local,S,second17/phase/13,sram-18,dram-18-0,16384,23125,23648,523,False,0,451,1.0
7,49,clustered_local,S,second29/phase/13,sram-30,dram-30-0,16384,23125,23648,523,False,0,451,1.0
7,49,clustered_local,S,second31/phase/13,sram-32,dram-32-0,16384,23125,23648,523,False,0,451,1.0
7,49,clustered_local,S,second20/phase/13,sram-21,dram-14-0,16384,23146,23690,544,False,0,451,2.0
7,49,clustered_local,S,second34/phase/13,sram-35,dram-28-0,16384,23146,23690,544,False,0,451,2.0
7,49,clustered_local,S,second5/phase/16,dram-6-0,sram-6,16,24273,24286,13,False,0,0,1.0
7,49,clustered_local,S,second19/phase/16,dram-20-0,sram-20,16,24273,24286,13,False,0,0,1.0
7,49,clustered_local,S,second33/phase/16,dram-34-0,sram-34,16,24273,24286,13,False,0,0,1.0
7,49,clustered_local,S,second43/phase/16,dram-44-0,sram-44,16,24273,24286,13,False,0,0,1.0
7,49,clustered_local,S,second45/phase/16,dram-46-0,sram-46,16,24273,24286,13,False,0,0,1.0
7,49,clustered_local,S,second47/phase/16,dram-48-0,sram-48,16,24273,24286,13,False,0,0,1.0
7,49,clustered_local,S,second2/phase/16,dram-2-0,sram-3,16,24338,24372,34,False,0,0,2.0
7,49,clustered_local,S,second41/phase/16,dram-42-0,sram-42,16,24399,24412,13,False,0,0,1.0
7,49,clustered_local,S,second48/phase/16,dram-0-0,sram-0,16,24400,24413,13,False,0,0,1.0
7,49,clustered_local,S,second3/phase/16,dram-4-0,sram-4,16,24450,24463,13,False,0,0,1.0
7,49,clustered_local,S,second15/phase/16,dram-16-0,sram-16,16,24450,24463,13,False,0,0,1.0
7,49,clustered_local,S,second17/phase/16,dram-18-0,sram-18,16,24450,24463,13,False,0,0,1.0
7,49,clustered_local,S,second29/phase/16,dram-30-0,sram-30,16,24450,24463,13,False,0,0,1.0
7,49,clustered_local,S,second31/phase/16,dram-32-0,sram-32,16,24450,24463,13,False,0,0,1.0
7,49,clustered_local,S,second20/phase/16,dram-14-0,sram-21,16,24492,24526,34,False,0,0,2.0
7,49,clustered_local,S,second34/phase/16,dram-28-0,sram-35,16,24492,24526,34,False,0,0,2.0
7,49,clustered_local,S,second9/phase/13,sram-10,dram-2-0,16384,25081,25646,565,False,0,451,3.0
7,49,clustered_local,S,second7/phase/13,sram-8,dram-0-0,16384,25165,25730,565,False,0,451,3.0
7,49,clustered_local,S,second13/phase/13,sram-14,dram-14-0,16384,25173,25696,523,False,0,451,1.0
7,49,clustered_local,S,second27/phase/13,sram-28,dram-28-0,16384,25173,25696,523,False,0,451,1.0
7,49,clustered_local,S,second11/phase/13,sram-12,dram-4-0,16384,25215,25780,565,False,0,451,3.0
7,49,clustered_local,S,second23/phase/13,sram-24,dram-16-0,16384,25215,25780,565,False,0,451,3.0
7,49,clustered_local,S,second25/phase/13,sram-26,dram-18-0,16384,25215,25780,565,False,0,451,3.0
7,49,clustered_local,S,second37/phase/13,sram-38,dram-30-0,16384,25215,25780,565,False,0,451,3.0
7,49,clustered_local,S,second39/phase/13,sram-40,dram-32-0,16384,25215,25780,565,False,0,451,3.0
7,49,clustered_local,S,second9/phase/16,dram-2-0,sram-10,16,26448,26503,55,False,0,0,3.0
7,49,clustered_local,S,second13/phase/16,dram-14-0,sram-14,16,26498,26511,13,False,0,0,1.0
7,49,clustered_local,S,second27/phase/16,dram-28-0,sram-28,16,26498,26511,13,False,0,0,1.0
7,49,clustered_local,S,second7/phase/16,dram-0-0,sram-8,16,26532,26587,55,False,0,0,3.0
7,49,clustered_local,S,second11/phase/16,dram-4-0,sram-12,16,26582,26637,55,False,0,0,3.0
7,49,clustered_local,S,second23/phase/16,dram-16-0,sram-24,16,26582,26637,55,False,0,0,3.0
7,49,clustered_local,S,second25/phase/16,dram-18-0,sram-26,16,26582,26637,55,False,0,0,3.0
7,49,clustered_local,S,second37/phase/16,dram-30-0,sram-38,16,26582,26637,55,False,0,0,3.0
7,49,clustered_local,S,second39/phase/16,dram-32-0,sram-40,16,26582,26637,55,False,0,0,3.0
7,49,clustered_local,S,second8/phase/13,sram-9,dram-2-0,16384,27108,27652,544,False,0,451,2.0
7,49,clustered_local,S,second21/phase/13,sram-22,dram-14-0,16384,27263,27828,565,False,0,451,3.0
7,49,clustered_local,S,second35/phase/13,sram-36,dram-28-0,16384,27263,27828,565,False,0,451,3.0
7,49,clustered_local,S,second12/phase/13,sram-13,dram-6-0,16384,27277,27821,544,False,0,451,2.0
7,49,clustered_local,S,second26/phase/13,sram-27,dram-20-0,16384,27277,27821,544,False,0,451,2.0
7,49,clustered_local,S,second40/phase/13,sram-41,dram-34-0,16384,27277,27821,544,False,0,451,2.0
7,49,clustered_local,S,second10/phase/13,sram-11,dram-4-0,16384,27278,27822,544,False,0,451,2.0
7,49,clustered_local,S,second22/phase/13,sram-23,dram-16-0,16384,27278,27822,544,False,0,451,2.0
7,49,clustered_local,S,second24/phase/13,sram-25,dram-18-0,16384,27278,27822,544,False,0,451,2.0
7,49,clustered_local,S,second36/phase/13,sram-37,dram-30-0,16384,27278,27822,544,False,0,451,2.0
7,49,clustered_local,S,second38/phase/13,sram-39,dram-32-0,16384,27278,27822,544,False,0,451,2.0
7,49,clustered_local,S,second0/phase/13,sram-1,dram-0-0,16384,27600,28144,544,True,0,451,2.0
7,49,clustered_local,S,second8/phase/16,dram-2-0,sram-9,16,28454,28488,34,False,0,0,2.0
7,49,clustered_local,S,second12/phase/16,dram-6-0,sram-13,16,28623,28657,34,False,0,0,2.0
7,49,clustered_local,S,second26/phase/16,dram-20-0,sram-27,16,28623,28657,34,False,0,0,2.0
7,49,clustered_local,S,second40/phase/16,dram-34-0,sram-41,16,28623,28657,34,False,0,0,2.0
7,49,clustered_local,S,second10/phase/16,dram-4-0,sram-11,16,28624,28658,34,False,0,0,2.0
7,49,clustered_local,S,second22/phase/16,dram-16-0,sram-23,16,28624,28658,34,False,0,0,2.0
7,49,clustered_local,S,second24/phase/16,dram-18-0,sram-25,16,28624,28658,34,False,0,0,2.0
7,49,clustered_local,S,second36/phase/16,dram-30-0,sram-37,16,28624,28658,34,False,0,0,2.0
7,49,clustered_local,S,second38/phase/16,dram-32-0,sram-39,16,28624,28658,34,False,0,0,2.0
7,49,clustered_local,S,second21/phase/16,dram-14-0,sram-22,16,28630,28685,55,False,0,0,3.0
7,49,clustered_local,S,second35/phase/16,dram-28-0,sram-36,16,28630,28685,55,False,0,0,3.0
7,49,clustered_local,S,second0/phase/16,dram-0-0,sram-1,16,28946,28980,34,True,0,0,2.0
7,49,remote_balanced,U0,first0/phase/0,sram-0,host-memory,16,0,32,32,True,,,
7,49,remote_balanced,U0,first1/phase/0,sram-1,dram-22-0,16,0,12,12,False,,,
7,49,remote_balanced,U0,first2/phase/0,sram-2,dram-23-0,16,0,12,12,False,,,
7,49,remote_balanced,U0,first3/phase/0,sram-3,dram-24-0,16,0,12,12,False,,,
7,49,remote_balanced,U0,first4/phase/0,sram-4,dram-25-0,16,0,12,12,False,,,
7,49,remote_balanced,U0,first5/phase/0,sram-5,dram-26-0,16,0,12,12,False,,,
7,49,remote_balanced,U0,first6/phase/0,sram-6,dram-27-0,16,0,12,12,False,,,
7,49,remote_balanced,U0,first7/phase/0,sram-7,dram-28-0,16,0,12,12,False,,,
7,49,remote_balanced,U0,first8/phase/0,sram-8,dram-29-0,16,0,12,12,False,,,
7,49,remote_balanced,U0,first9/phase/0,sram-9,dram-30-0,16,0,12,12,False,,,
7,49,remote_balanced,U0,first10/phase/0,sram-10,dram-31-0,16,0,12,12,False,,,
7,49,remote_balanced,U0,first11/phase/0,sram-11,dram-32-0,16,0,12,12,False,,,
7,49,remote_balanced,U0,first12/phase/0,sram-12,dram-33-0,16,0,12,12,False,,,
7,49,remote_balanced,U0,first13/phase/0,sram-13,dram-34-0,16,0,12,12,False,,,
7,49,remote_balanced,U0,first14/phase/0,sram-14,dram-35-0,16,0,12,12,False,,,
7,49,remote_balanced,U0,first15/phase/0,sram-15,dram-36-0,16,0,12,12,False,,,
7,49,remote_balanced,U0,first16/phase/0,sram-16,dram-37-0,16,0,12,12,False,,,
7,49,remote_balanced,U0,first17/phase/0,sram-17,dram-38-0,16,0,12,12,False,,,
7,49,remote_balanced,U0,first18/phase/0,sram-18,dram-39-0,16,0,12,12,False,,,
7,49,remote_balanced,U0,first19/phase/0,sram-19,dram-40-0,16,0,12,12,False,,,
7,49,remote_balanced,U0,first20/phase/0,sram-20,dram-41-0,16,0,12,12,False,,,
7,49,remote_balanced,U0,first21/phase/0,sram-21,dram-42-0,16,0,12,12,False,,,
7,49,remote_balanced,U0,first22/phase/0,sram-22,dram-43-0,16,0,12,12,False,,,
7,49,remote_balanced,U0,first23/phase/0,sram-23,dram-44-0,16,0,12,12,False,,,
7,49,remote_balanced,U0,first24/phase/0,sram-24,dram-45-0,16,0,12,12,False,,,
7,49,remote_balanced,U0,first25/phase/0,sram-25,dram-46-0,16,0,12,12,False,,,
7,49,remote_balanced,U0,first26/phase/0,sram-26,dram-47-0,16,0,12,12,False,,,
7,49,remote_balanced,U0,first27/phase/0,sram-27,dram-48-0,16,0,12,12,False,,,
7,49,remote_balanced,U0,first28/phase/0,sram-28,dram-0-0,16,0,12,12,False,,,
7,49,remote_balanced,U0,first29/phase/0,sram-29,dram-1-0,16,0,12,12,False,,,
7,49,remote_balanced,U0,first30/phase/0,sram-30,dram-2-0,16,0,12,12,False,,,
7,49,remote_balanced,U0,first31/phase/0,sram-31,dram-3-0,16,0,12,12,False,,,
7,49,remote_balanced,U0,first32/phase/0,sram-32,dram-4-0,16,0,12,12,False,,,
7,49,remote_balanced,U0,first33/phase/0,sram-33,dram-5-0,16,0,12,12,False,,,
7,49,remote_balanced,U0,first34/phase/0,sram-34,dram-6-0,16,0,12,12,False,,,
7,49,remote_balanced,U0,first35/phase/0,sram-35,dram-7-0,16,0,12,12,False,,,
7,49,remote_balanced,U0,first36/phase/0,sram-36,dram-8-0,16,0,12,12,False,,,
7,49,remote_balanced,U0,first37/phase/0,sram-37,dram-9-0,16,0,12,12,False,,,
7,49,remote_balanced,U0,first38/phase/0,sram-38,dram-10-0,16,0,12,12,False,,,
7,49,remote_balanced,U0,first39/phase/0,sram-39,dram-11-0,16,0,12,12,False,,,
7,49,remote_balanced,U0,first40/phase/0,sram-40,dram-12-0,16,0,12,12,False,,,
7,49,remote_balanced,U0,first41/phase/0,sram-41,dram-13-0,16,0,12,12,False,,,
7,49,remote_balanced,U0,first42/phase/0,sram-42,dram-14-0,16,0,12,12,False,,,
7,49,remote_balanced,U0,first43/phase/0,sram-43,dram-15-0,16,0,12,12,False,,,
7,49,remote_balanced,U0,first44/phase/0,sram-44,dram-16-0,16,0,12,12,False,,,
7,49,remote_balanced,U0,first45/phase/0,sram-45,dram-17-0,16,0,12,12,False,,,
7,49,remote_balanced,U0,first46/phase/0,sram-46,dram-18-0,16,0,12,12,False,,,
7,49,remote_balanced,U0,first47/phase/0,sram-47,dram-19-0,16,0,12,12,False,,,
7,49,remote_balanced,U0,first48/phase/0,sram-48,dram-20-0,16,0,12,12,False,,,
7,49,remote_balanced,U0,first1/phase/4,dram-22-0,sram-1,65536,85,1120,1035,False,,,
7,49,remote_balanced,U0,first2/phase/4,dram-23-0,sram-2,65536,106,1141,1035,False,,,
7,49,remote_balanced,U0,first3/phase/4,dram-24-0,sram-3,65536,127,1162,1035,False,,,
7,49,remote_balanced,U0,first4/phase/4,dram-25-0,sram-4,65536,148,1183,1035,False,,,
7,49,remote_balanced,U0,first5/phase/4,dram-26-0,sram-5,65536,169,1204,1035,False,,,
7,49,remote_balanced,U0,first6/phase/4,dram-27-0,sram-6,65536,190,1225,1035,False,,,
7,49,remote_balanced,U0,first7/phase/4,dram-28-0,sram-7,65536,211,1246,1035,False,,,
7,49,remote_balanced,U0,first8/phase/4,dram-29-0,sram-8,65536,232,1267,1035,False,,,
7,49,remote_balanced,U0,first9/phase/4,dram-30-0,sram-9,65536,253,1288,1035,False,,,
7,49,remote_balanced,U0,first10/phase/4,dram-31-0,sram-10,65536,274,1309,1035,False,,,
7,49,remote_balanced,U0,first11/phase/4,dram-32-0,sram-11,65536,295,1330,1035,False,,,
7,49,remote_balanced,U0,first12/phase/4,dram-33-0,sram-12,65536,316,1351,1035,False,,,
7,49,remote_balanced,U0,first13/phase/4,dram-34-0,sram-13,65536,337,1372,1035,False,,,
7,49,remote_balanced,U0,first14/phase/4,dram-35-0,sram-14,65536,358,1393,1035,False,,,
7,49,remote_balanced,U0,first15/phase/4,dram-36-0,sram-15,65536,379,1414,1035,False,,,
7,49,remote_balanced,U0,first16/phase/4,dram-37-0,sram-16,65536,400,1435,1035,False,,,
7,49,remote_balanced,U0,first17/phase/4,dram-38-0,sram-17,65536,421,1456,1035,False,,,
7,49,remote_balanced,U0,first18/phase/4,dram-39-0,sram-18,65536,442,1477,1035,False,,,
7,49,remote_balanced,U0,first19/phase/4,dram-40-0,sram-19,65536,463,1498,1035,False,,,
7,49,remote_balanced,U0,first20/phase/4,dram-41-0,sram-20,65536,484,1519,1035,False,,,
7,49,remote_balanced,U0,first21/phase/4,dram-42-0,sram-21,65536,505,1540,1035,False,,,
7,49,remote_balanced,U0,first22/phase/4,dram-43-0,sram-22,65536,526,1561,1035,False,,,
7,49,remote_balanced,U0,first23/phase/4,dram-44-0,sram-23,65536,547,1582,1035,False,,,
7,49,remote_balanced,U0,first24/phase/4,dram-45-0,sram-24,65536,568,1603,1035,False,,,
7,49,remote_balanced,U0,first25/phase/4,dram-46-0,sram-25,65536,589,1624,1035,False,,,
7,49,remote_balanced,U0,first26/phase/4,dram-47-0,sram-26,65536,610,1645,1035,False,,,
7,49,remote_balanced,U0,first27/phase/4,dram-48-0,sram-27,65536,631,1666,1035,False,,,
7,49,remote_balanced,U0,first28/phase/4,dram-0-0,sram-28,65536,652,1687,1035,False,,,
7,49,remote_balanced,U0,first29/phase/4,dram-1-0,sram-29,65536,673,1708,1035,False,,,
7,49,remote_balanced,U0,first30/phase/4,dram-2-0,sram-30,65536,694,1729,1035,False,,,
7,49,remote_balanced,U0,first31/phase/4,dram-3-0,sram-31,65536,715,1750,1035,False,,,
7,49,remote_balanced,U0,first32/phase/4,dram-4-0,sram-32,65536,736,1771,1035,False,,,
7,49,remote_balanced,U0,first33/phase/4,dram-5-0,sram-33,65536,757,1792,1035,False,,,
7,49,remote_balanced,U0,first34/phase/4,dram-6-0,sram-34,65536,778,1813,1035,False,,,
7,49,remote_balanced,U0,first35/phase/4,dram-7-0,sram-35,65536,799,1834,1035,False,,,
7,49,remote_balanced,U0,first36/phase/4,dram-8-0,sram-36,65536,820,1855,1035,False,,,
7,49,remote_balanced,U0,first37/phase/4,dram-9-0,sram-37,65536,841,1876,1035,False,,,
7,49,remote_balanced,U0,first38/phase/4,dram-10-0,sram-38,65536,862,1897,1035,False,,,
7,49,remote_balanced,U0,first39/phase/4,dram-11-0,sram-39,65536,883,1918,1035,False,,,
7,49,remote_balanced,U0,first0/phase/4,host-memory,sram-0,16384,888,1430,542,True,,,
7,49,remote_balanced,U0,first40/phase/4,dram-12-0,sram-40,65536,904,1939,1035,False,,,
7,49,remote_balanced,U0,first41/phase/4,dram-13-0,sram-41,65536,925,1960,1035,False,,,
7,49,remote_balanced,U0,first42/phase/4,dram-14-0,sram-42,65536,946,1981,1035,False,,,
7,49,remote_balanced,U0,first43/phase/4,dram-15-0,sram-43,65536,967,2002,1035,False,,,
7,49,remote_balanced,U0,first44/phase/4,dram-16-0,sram-44,65536,988,2023,1035,False,,,
7,49,remote_balanced,U0,first45/phase/4,dram-17-0,sram-45,65536,1009,2044,1035,False,,,
7,49,remote_balanced,U0,first46/phase/4,dram-18-0,sram-46,65536,1030,2065,1035,False,,,
7,49,remote_balanced,U0,first47/phase/4,dram-19-0,sram-47,65536,1051,2086,1035,False,,,
7,49,remote_balanced,U0,first48/phase/4,dram-20-0,sram-48,65536,1072,2107,1035,False,,,
7,49,remote_balanced,U0,first0/phase/6,sram-0,dram-21-0,16,1686,1698,12,True,,,
7,49,remote_balanced,U0,first0/phase/10,dram-21-0,sram-0,65536,1771,2806,1035,True,,,
7,49,remote_balanced,U0,second1/phase/1,sram-1,sram-2,16384,5984,6523,539,False,,,
7,49,remote_balanced,U0,second2/phase/1,sram-2,sram-3,16384,6005,6544,539,False,,,
7,49,remote_balanced,U0,second3/phase/1,sram-3,sram-4,16384,6026,6565,539,False,,,
7,49,remote_balanced,U0,second4/phase/1,sram-4,sram-5,16384,6047,6586,539,False,,,
7,49,remote_balanced,U0,second5/phase/1,sram-5,sram-6,16384,6068,6607,539,False,,,
7,49,remote_balanced,U0,second6/phase/1,sram-6,sram-7,16384,6089,6754,665,False,,,
7,49,remote_balanced,U0,second7/phase/1,sram-7,sram-8,16384,6110,6649,539,False,,,
7,49,remote_balanced,U0,second8/phase/1,sram-8,sram-9,16384,6131,6670,539,False,,,
7,49,remote_balanced,U0,second9/phase/1,sram-9,sram-10,16384,6152,6691,539,False,,,
7,49,remote_balanced,U0,second10/phase/1,sram-10,sram-11,16384,6173,6712,539,False,,,
7,49,remote_balanced,U0,second11/phase/1,sram-11,sram-12,16384,6194,6733,539,False,,,
7,49,remote_balanced,U0,second12/phase/1,sram-12,sram-13,16384,6215,6754,539,False,,,
7,49,remote_balanced,U0,second13/phase/1,sram-13,sram-14,16384,6236,6901,665,False,,,
7,49,remote_balanced,U0,second14/phase/1,sram-14,sram-15,16384,6257,6796,539,False,,,
7,49,remote_balanced,U0,second15/phase/1,sram-15,sram-16,16384,6278,6817,539,False,,,
7,49,remote_balanced,U0,second16/phase/1,sram-16,sram-17,16384,6299,6838,539,False,,,
7,49,remote_balanced,U0,second17/phase/1,sram-17,sram-18,16384,6320,6859,539,False,,,
7,49,remote_balanced,U0,second18/phase/1,sram-18,sram-19,16384,6341,6880,539,False,,,
7,49,remote_balanced,U0,second19/phase/1,sram-19,sram-20,16384,6362,6901,539,False,,,
7,49,remote_balanced,U0,second20/phase/1,sram-20,sram-21,16384,6383,7048,665,False,,,
7,49,remote_balanced,U0,second21/phase/1,sram-21,sram-22,16384,6404,6943,539,False,,,
7,49,remote_balanced,U0,second22/phase/1,sram-22,sram-23,16384,6425,6964,539,False,,,
7,49,remote_balanced,U0,second23/phase/1,sram-23,sram-24,16384,6446,6985,539,False,,,
7,49,remote_balanced,U0,second24/phase/1,sram-24,sram-25,16384,6467,7006,539,False,,,
7,49,remote_balanced,U0,second25/phase/1,sram-25,sram-26,16384,6488,7027,539,False,,,
7,49,remote_balanced,U0,second26/phase/1,sram-26,sram-27,16384,6509,7048,539,False,,,
7,49,remote_balanced,U0,second27/phase/1,sram-27,sram-28,16384,6530,7195,665,False,,,
7,49,remote_balanced,U0,second28/phase/1,sram-28,sram-29,16384,6551,7090,539,False,,,
7,49,remote_balanced,U0,second29/phase/1,sram-29,sram-30,16384,6572,7111,539,False,,,
7,49,remote_balanced,U0,second30/phase/1,sram-30,sram-31,16384,6593,7132,539,False,,,
7,49,remote_balanced,U0,second31/phase/1,sram-31,sram-32,16384,6614,7153,539,False,,,
7,49,remote_balanced,U0,second32/phase/1,sram-32,sram-33,16384,6635,7174,539,False,,,
7,49,remote_balanced,U0,second33/phase/1,sram-33,sram-34,16384,6656,7195,539,False,,,
7,49,remote_balanced,U0,second34/phase/1,sram-34,sram-35,16384,6677,7342,665,False,,,
7,49,remote_balanced,U0,second35/phase/1,sram-35,sram-36,16384,6698,7237,539,False,,,
7,49,remote_balanced,U0,second36/phase/1,sram-36,sram-37,16384,6719,7258,539,False,,,
7,49,remote_balanced,U0,second37/phase/1,sram-37,sram-38,16384,6740,7279,539,False,,,
7,49,remote_balanced,U0,second38/phase/1,sram-38,sram-39,16384,6761,7300,539,False,,,
7,49,remote_balanced,U0,second1/phase/3,sram-2,dram-23-1,16,6779,6791,12,False,,,
7,49,remote_balanced,U0,second39/phase/1,sram-39,sram-40,16384,6782,7321,539,False,,,
7,49,remote_balanced,U0,second2/phase/3,sram-3,dram-24-1,16,6800,6812,12,False,,,
7,49,remote_balanced,U0,second40/phase/1,sram-40,sram-41,16384,6803,7342,539,False,,,
7,49,remote_balanced,U0,second3/phase/3,sram-4,dram-25-1,16,6821,6833,12,False,,,
7,49,remote_balanced,U0,second41/phase/1,sram-41,sram-42,16384,6824,7489,665,False,,,
7,49,remote_balanced,U0,second4/phase/3,sram-5,dram-26-1,16,6842,6854,12,False,,,
7,49,remote_balanced,U0,second42/phase/1,sram-42,sram-43,16384,6845,7384,539,False,,,
7,49,remote_balanced,U0,second5/phase/3,sram-6,dram-27-1,16,6863,6875,12,False,,,
7,49,remote_balanced,U0,second1/phase/7,dram-23-1,sram-2,65536,6864,7899,1035,False,,,
7,49,remote_balanced,U0,second43/phase/1,sram-43,sram-44,16384,6866,7405,539,False,,,
7,49,remote_balanced,U0,second2/phase/7,dram-24-1,sram-3,65536,6885,7920,1035,False,,,
7,49,remote_balanced,U0,second44/phase/1,sram-44,sram-45,16384,6887,7426,539,False,,,
7,49,remote_balanced,U0,second7/phase/3,sram-8,dram-29-1,16,6905,6917,12,False,,,
7,49,remote_balanced,U0,second3/phase/7,dram-25-1,sram-4,65536,6906,7941,1035,False,,,
7,49,remote_balanced,U0,second45/phase/1,sram-45,sram-46,16384,6908,7447,539,False,,,
7,49,remote_balanced,U0,second8/phase/3,sram-9,dram-30-1,16,6926,6938,12,False,,,
7,49,remote_balanced,U0,second4/phase/7,dram-26-1,sram-5,65536,6927,7962,1035,False,,,
7,49,remote_balanced,U0,second46/phase/1,sram-46,sram-47,16384,6929,7468,539,False,,,
7,49,remote_balanced,U0,second9/phase/3,sram-10,dram-31-1,16,6947,6959,12,False,,,
7,49,remote_balanced,U0,second5/phase/7,dram-27-1,sram-6,65536,6948,7983,1035,False,,,
7,49,remote_balanced,U0,second47/phase/1,sram-47,sram-48,16384,6950,7489,539,False,,,
7,49,remote_balanced,U0,second10/phase/3,sram-11,dram-32-1,16,6968,6980,12,False,,,
7,49,remote_balanced,U0,second48/phase/1,sram-48,sram-0,16384,6971,7741,770,False,,,
7,49,remote_balanced,U0,second11/phase/3,sram-12,dram-33-1,16,6989,7001,12,False,,,
7,49,remote_balanced,U0,second7/phase/7,dram-29-1,sram-8,65536,6990,8025,1035,False,,,
7,49,remote_balanced,U0,second6/phase/3,sram-7,dram-28-1,16,7010,7022,12,False,,,
7,49,remote_balanced,U0,second12/phase/3,sram-13,dram-34-1,16,7010,7022,12,False,,,
7,49,remote_balanced,U0,second8/phase/7,dram-30-1,sram-9,65536,7011,8046,1035,False,,,
7,49,remote_balanced,U0,second9/phase/7,dram-31-1,sram-10,65536,7032,8067,1035,False,,,
7,49,remote_balanced,U0,second14/phase/3,sram-15,dram-36-1,16,7052,7064,12,False,,,
7,49,remote_balanced,U0,second10/phase/7,dram-32-1,sram-11,65536,7053,8088,1035,False,,,
7,49,remote_balanced,U0,second15/phase/3,sram-16,dram-37-1,16,7073,7085,12,False,,,
7,49,remote_balanced,U0,second11/phase/7,dram-33-1,sram-12,65536,7074,8109,1035,False,,,
7,49,remote_balanced,U0,second16/phase/3,sram-17,dram-38-1,16,7094,7106,12,False,,,
7,49,remote_balanced,U0,second6/phase/7,dram-28-1,sram-7,65536,7095,8130,1035,False,,,
7,49,remote_balanced,U0,second17/phase/3,sram-18,dram-39-1,16,7115,7127,12,False,,,
7,49,remote_balanced,U0,second12/phase/7,dram-34-1,sram-13,65536,7116,8151,1035,False,,,
7,49,remote_balanced,U0,second18/phase/3,sram-19,dram-40-1,16,7136,7148,12,False,,,
7,49,remote_balanced,U0,second14/phase/7,dram-36-1,sram-15,65536,7137,8172,1035,False,,,
7,49,remote_balanced,U0,second13/phase/3,sram-14,dram-35-1,16,7157,7169,12,False,,,
7,49,remote_balanced,U0,second19/phase/3,sram-20,dram-41-1,16,7157,7169,12,False,,,
7,49,remote_balanced,U0,second15/phase/7,dram-37-1,sram-16,65536,7158,8193,1035,False,,,
7,49,remote_balanced,U0,second16/phase/7,dram-38-1,sram-17,65536,7179,8214,1035,False,,,
7,49,remote_balanced,U0,second21/phase/3,sram-22,dram-43-1,16,7199,7211,12,False,,,
7,49,remote_balanced,U0,second17/phase/7,dram-39-1,sram-18,65536,7200,8235,1035,False,,,
7,49,remote_balanced,U0,second22/phase/3,sram-23,dram-44-1,16,7220,7232,12,False,,,
7,49,remote_balanced,U0,second18/phase/7,dram-40-1,sram-19,65536,7221,8256,1035,False,,,
7,49,remote_balanced,U0,second23/phase/3,sram-24,dram-45-1,16,7241,7253,12,False,,,
7,49,remote_balanced,U0,second13/phase/7,dram-35-1,sram-14,65536,7242,8277,1035,False,,,
7,49,remote_balanced,U0,second24/phase/3,sram-25,dram-46-1,16,7262,7274,12,False,,,
7,49,remote_balanced,U0,second19/phase/7,dram-41-1,sram-20,65536,7263,8298,1035,False,,,
7,49,remote_balanced,U0,second25/phase/3,sram-26,dram-47-1,16,7283,7295,12,False,,,
7,49,remote_balanced,U0,second21/phase/7,dram-43-1,sram-22,65536,7284,8319,1035,False,,,
7,49,remote_balanced,U0,second20/phase/3,sram-21,dram-42-1,16,7304,7316,12,False,,,
7,49,remote_balanced,U0,second26/phase/3,sram-27,dram-48-1,16,7304,7316,12,False,,,
7,49,remote_balanced,U0,second22/phase/7,dram-44-1,sram-23,65536,7305,8340,1035,False,,,
7,49,remote_balanced,U0,second23/phase/7,dram-45-1,sram-24,65536,7326,8361,1035,False,,,
7,49,remote_balanced,U0,second28/phase/3,sram-29,dram-1-1,16,7346,7358,12,False,,,
7,49,remote_balanced,U0,second24/phase/7,dram-46-1,sram-25,65536,7347,8382,1035,False,,,
7,49,remote_balanced,U0,second29/phase/3,sram-30,dram-2-1,16,7367,7379,12,False,,,
7,49,remote_balanced,U0,second25/phase/7,dram-47-1,sram-26,65536,7368,8403,1035,False,,,
7,49,remote_balanced,U0,second30/phase/3,sram-31,dram-3-1,16,7388,7400,12,False,,,
7,49,remote_balanced,U0,second20/phase/7,dram-42-1,sram-21,65536,7389,8424,1035,False,,,
7,49,remote_balanced,U0,second31/phase/3,sram-32,dram-4-1,16,7409,7421,12,False,,,
7,49,remote_balanced,U0,second26/phase/7,dram-48-1,sram-27,65536,7410,8445,1035,False,,,
7,49,remote_balanced,U0,second32/phase/3,sram-33,dram-5-1,16,7430,7442,12,False,,,
7,49,remote_balanced,U0,second28/phase/7,dram-1-1,sram-29,65536,7431,8466,1035,False,,,
7,49,remote_balanced,U0,second27/phase/3,sram-28,dram-0-1,16,7451,7463,12,False,,,
7,49,remote_balanced,U0,second33/phase/3,sram-34,dram-6-1,16,7451,7463,12,False,,,
7,49,remote_balanced,U0,second29/phase/7,dram-2-1,sram-30,65536,7452,8487,1035,False,,,
7,49,remote_balanced,U0,second30/phase/7,dram-3-1,sram-31,65536,7473,8508,1035,False,,,
7,49,remote_balanced,U0,second35/phase/3,sram-36,dram-8-1,16,7493,7505,12,False,,,
7,49,remote_balanced,U0,second31/phase/7,dram-4-1,sram-32,65536,7494,8529,1035,False,,,
7,49,remote_balanced,U0,second36/phase/3,sram-37,dram-9-1,16,7514,7526,12,False,,,
7,49,remote_balanced,U0,second32/phase/7,dram-5-1,sram-33,65536,7515,8550,1035,False,,,
7,49,remote_balanced,U0,second37/phase/3,sram-38,dram-10-1,16,7535,7547,12,False,,,
7,49,remote_balanced,U0,second27/phase/7,dram-0-1,sram-28,65536,7536,8571,1035,False,,,
7,49,remote_balanced,U0,second38/phase/3,sram-39,dram-11-1,16,7556,7568,12,False,,,
7,49,remote_balanced,U0,second33/phase/7,dram-6-1,sram-34,65536,7557,8592,1035,False,,,
7,49,remote_balanced,U0,second39/phase/3,sram-40,dram-12-1,16,7577,7589,12,False,,,
7,49,remote_balanced,U0,second35/phase/7,dram-8-1,sram-36,65536,7578,8613,1035,False,,,
7,49,remote_balanced,U0,second34/phase/3,sram-35,dram-7-1,16,7598,7610,12,False,,,
7,49,remote_balanced,U0,second40/phase/3,sram-41,dram-13-1,16,7598,7610,12,False,,,
7,49,remote_balanced,U0,second36/phase/7,dram-9-1,sram-37,65536,7599,8634,1035,False,,,
7,49,remote_balanced,U0,second37/phase/7,dram-10-1,sram-38,65536,7620,8655,1035,False,,,
7,49,remote_balanced,U0,second42/phase/3,sram-43,dram-15-1,16,7640,7652,12,False,,,
7,49,remote_balanced,U0,second38/phase/7,dram-11-1,sram-39,65536,7641,8676,1035,False,,,
7,49,remote_balanced,U0,second43/phase/3,sram-44,dram-16-1,16,7661,7673,12,False,,,
7,49,remote_balanced,U0,second39/phase/7,dram-12-1,sram-40,65536,7662,8697,1035,False,,,
7,49,remote_balanced,U0,second0/phase/1,sram-0,sram-1,16384,7670,8210,540,True,,,
7,49,remote_balanced,U0,second44/phase/3,sram-45,dram-17-1,16,7682,7694,12,False,,,
7,49,remote_balanced,U0,second34/phase/7,dram-7-1,sram-35,65536,7683,8718,1035,False,,,
7,49,remote_balanced,U0,second45/phase/3,sram-46,dram-18-1,16,7703,7715,12,False,,,
7,49,remote_balanced,U0,second40/phase/7,dram-13-1,sram-41,65536,7704,8739,1035,False,,,
7,49,remote_balanced,U0,second46/phase/3,sram-47,dram-19-1,16,7724,7736,12,False,,,
7,49,remote_balanced,U0,second42/phase/7,dram-15-1,sram-43,65536,7725,8760,1035,False,,,
7,49,remote_balanced,U0,second41/phase/3,sram-42,dram-14-1,16,7745,7757,12,False,,,
7,49,remote_balanced,U0,second47/phase/3,sram-48,dram-20-1,16,7745,7757,12,False,,,
7,49,remote_balanced,U0,second43/phase/7,dram-16-1,sram-44,65536,7746,8781,1035,False,,,
7,49,remote_balanced,U0,second44/phase/7,dram-17-1,sram-45,65536,7767,8802,1035,False,,,
7,49,remote_balanced,U0,second45/phase/7,dram-18-1,sram-46,65536,7788,8823,1035,False,,,
7,49,remote_balanced,U0,second46/phase/7,dram-19-1,sram-47,65536,7809,8844,1035,False,,,
7,49,remote_balanced,U0,second41/phase/7,dram-14-1,sram-42,65536,7830,8865,1035,False,,,
7,49,remote_balanced,U0,second47/phase/7,dram-20-1,sram-48,65536,7851,8886,1035,False,,,
7,49,remote_balanced,U0,second48/phase/3,sram-0,dram-21-1,16,7997,8009,12,False,,,
7,49,remote_balanced,U0,second48/phase/7,dram-21-1,sram-0,65536,8082,9117,1035,False,,,
7,49,remote_balanced,U0,second0/phase/3,sram-1,dram-22-1,16,8466,8478,12,True,,,
7,49,remote_balanced,U0,second0/phase/7,dram-22-1,sram-1,65536,8551,9586,1035,True,,,
7,49,remote_balanced,U0,second1/phase/13,sram-2,dram-23-0,16384,12763,13030,267,False,,,
7,49,remote_balanced,U0,second2/phase/13,sram-3,dram-24-0,16384,12784,13051,267,False,,,
7,49,remote_balanced,U0,second3/phase/13,sram-4,dram-25-0,16384,12805,13072,267,False,,,
7,49,remote_balanced,U0,second4/phase/13,sram-5,dram-26-0,16384,12826,13093,267,False,,,
7,49,remote_balanced,U0,second5/phase/13,sram-6,dram-27-0,16384,12847,13114,267,False,,,
7,49,remote_balanced,U0,second7/phase/13,sram-8,dram-29-0,16384,12889,13156,267,False,,,
7,49,remote_balanced,U0,second8/phase/13,sram-9,dram-30-0,16384,12910,13177,267,False,,,
7,49,remote_balanced,U0,second9/phase/13,sram-10,dram-31-0,16384,12931,13198,267,False,,,
7,49,remote_balanced,U0,second10/phase/13,sram-11,dram-32-0,16384,12952,13219,267,False,,,
7,49,remote_balanced,U0,second11/phase/13,sram-12,dram-33-0,16384,12973,13240,267,False,,,
7,49,remote_balanced,U0,second6/phase/13,sram-7,dram-28-0,16384,12994,13261,267,False,,,
7,49,remote_balanced,U0,second12/phase/13,sram-13,dram-34-0,16384,13015,13282,267,False,,,
7,49,remote_balanced,U0,second14/phase/13,sram-15,dram-36-0,16384,13036,13303,267,False,,,
7,49,remote_balanced,U0,second15/phase/13,sram-16,dram-37-0,16384,13057,13324,267,False,,,
7,49,remote_balanced,U0,second1/phase/16,dram-23-0,sram-2,16,13073,13085,12,False,,,
7,49,remote_balanced,U0,second16/phase/13,sram-17,dram-38-0,16384,13078,13345,267,False,,,
7,49,remote_balanced,U0,second2/phase/16,dram-24-0,sram-3,16,13094,13106,12,False,,,
7,49,remote_balanced,U0,second17/phase/13,sram-18,dram-39-0,16384,13099,13366,267,False,,,
7,49,remote_balanced,U0,second3/phase/16,dram-25-0,sram-4,16,13115,13127,12,False,,,
7,49,remote_balanced,U0,second18/phase/13,sram-19,dram-40-0,16384,13120,13387,267,False,,,
7,49,remote_balanced,U0,second4/phase/16,dram-26-0,sram-5,16,13136,13148,12,False,,,
7,49,remote_balanced,U0,second13/phase/13,sram-14,dram-35-0,16384,13141,13408,267,False,,,
7,49,remote_balanced,U0,second5/phase/16,dram-27-0,sram-6,16,13157,13169,12,False,,,
7,49,remote_balanced,U0,second19/phase/13,sram-20,dram-41-0,16384,13162,13429,267,False,,,
7,49,remote_balanced,U0,second21/phase/13,sram-22,dram-43-0,16384,13183,13450,267,False,,,
7,49,remote_balanced,U0,second7/phase/16,dram-29-0,sram-8,16,13199,13211,12,False,,,
7,49,remote_balanced,U0,second22/phase/13,sram-23,dram-44-0,16384,13204,13471,267,False,,,
7,49,remote_balanced,U0,second8/phase/16,dram-30-0,sram-9,16,13220,13232,12,False,,,
7,49,remote_balanced,U0,second23/phase/13,sram-24,dram-45-0,16384,13225,13492,267,False,,,
7,49,remote_balanced,U0,second9/phase/16,dram-31-0,sram-10,16,13241,13253,12,False,,,
7,49,remote_balanced,U0,second24/phase/13,sram-25,dram-46-0,16384,13246,13513,267,False,,,
7,49,remote_balanced,U0,second10/phase/16,dram-32-0,sram-11,16,13262,13274,12,False,,,
7,49,remote_balanced,U0,second25/phase/13,sram-26,dram-47-0,16384,13267,13534,267,False,,,
7,49,remote_balanced,U0,second11/phase/16,dram-33-0,sram-12,16,13283,13295,12,False,,,
7,49,remote_balanced,U0,second20/phase/13,sram-21,dram-42-0,16384,13288,13555,267,False,,,
7,49,remote_balanced,U0,second6/phase/16,dram-28-0,sram-7,16,13304,13316,12,False,,,
7,49,remote_balanced,U0,second26/phase/13,sram-27,dram-48-0,16384,13309,13576,267,False,,,
7,49,remote_balanced,U0,second12/phase/16,dram-34-0,sram-13,16,13325,13337,12,False,,,
7,49,remote_balanced,U0,second28/phase/13,sram-29,dram-1-0,16384,13330,13597,267,False,,,
7,49,remote_balanced,U0,second14/phase/16,dram-36-0,sram-15,16,13346,13358,12,False,,,
7,49,remote_balanced,U0,second29/phase/13,sram-30,dram-2-0,16384,13351,13618,267,False,,,
7,49,remote_balanced,U0,second15/phase/16,dram-37-0,sram-16,16,13367,13379,12,False,,,
7,49,remote_balanced,U0,second30/phase/13,sram-31,dram-3-0,16384,13372,13639,267,False,,,
7,49,remote_balanced,U0,second16/phase/16,dram-38-0,sram-17,16,13388,13400,12,False,,,
7,49,remote_balanced,U0,second31/phase/13,sram-32,dram-4-0,16384,13393,13660,267,False,,,
7,49,remote_balanced,U0,second17/phase/16,dram-39-0,sram-18,16,13409,13421,12,False,,,
7,49,remote_balanced,U0,second32/phase/13,sram-33,dram-5-0,16384,13414,13681,267,False,,,
7,49,remote_balanced,U0,second18/phase/16,dram-40-0,sram-19,16,13430,13442,12,False,,,
7,49,remote_balanced,U0,second27/phase/13,sram-28,dram-0-0,16384,13435,13702,267,False,,,
7,49,remote_balanced,U0,second13/phase/16,dram-35-0,sram-14,16,13451,13463,12,False,,,
7,49,remote_balanced,U0,second33/phase/13,sram-34,dram-6-0,16384,13456,13723,267,False,,,
7,49,remote_balanced,U0,second19/phase/16,dram-41-0,sram-20,16,13472,13484,12,False,,,
7,49,remote_balanced,U0,second35/phase/13,sram-36,dram-8-0,16384,13477,13744,267,False,,,
7,49,remote_balanced,U0,second21/phase/16,dram-43-0,sram-22,16,13493,13505,12,False,,,
7,49,remote_balanced,U0,second36/phase/13,sram-37,dram-9-0,16384,13498,13765,267,False,,,
7,49,remote_balanced,U0,second22/phase/16,dram-44-0,sram-23,16,13514,13526,12,False,,,
7,49,remote_balanced,U0,second37/phase/13,sram-38,dram-10-0,16384,13519,13786,267,False,,,
7,49,remote_balanced,U0,second23/phase/16,dram-45-0,sram-24,16,13535,13547,12,False,,,
7,49,remote_balanced,U0,second38/phase/13,sram-39,dram-11-0,16384,13540,13807,267,False,,,
7,49,remote_balanced,U0,second24/phase/16,dram-46-0,sram-25,16,13556,13568,12,False,,,
7,49,remote_balanced,U0,second39/phase/13,sram-40,dram-12-0,16384,13561,13828,267,False,,,
7,49,remote_balanced,U0,second25/phase/16,dram-47-0,sram-26,16,13577,13589,12,False,,,
7,49,remote_balanced,U0,second34/phase/13,sram-35,dram-7-0,16384,13582,13849,267,False,,,
7,49,remote_balanced,U0,second20/phase/16,dram-42-0,sram-21,16,13598,13610,12,False,,,
7,49,remote_balanced,U0,second40/phase/13,sram-41,dram-13-0,16384,13603,13870,267,False,,,
7,49,remote_balanced,U0,second26/phase/16,dram-48-0,sram-27,16,13619,13631,12,False,,,
7,49,remote_balanced,U0,second42/phase/13,sram-43,dram-15-0,16384,13624,13891,267,False,,,
7,49,remote_balanced,U0,second28/phase/16,dram-1-0,sram-29,16,13640,13652,12,False,,,
7,49,remote_balanced,U0,second43/phase/13,sram-44,dram-16-0,16384,13645,13912,267,False,,,
7,49,remote_balanced,U0,second29/phase/16,dram-2-0,sram-30,16,13661,13673,12,False,,,
7,49,remote_balanced,U0,second44/phase/13,sram-45,dram-17-0,16384,13666,13933,267,False,,,
7,49,remote_balanced,U0,second30/phase/16,dram-3-0,sram-31,16,13682,13694,12,False,,,
7,49,remote_balanced,U0,second45/phase/13,sram-46,dram-18-0,16384,13687,13954,267,False,,,
7,49,remote_balanced,U0,second31/phase/16,dram-4-0,sram-32,16,13703,13715,12,False,,,
7,49,remote_balanced,U0,second46/phase/13,sram-47,dram-19-0,16384,13708,13975,267,False,,,
7,49,remote_balanced,U0,second32/phase/16,dram-5-0,sram-33,16,13724,13736,12,False,,,
7,49,remote_balanced,U0,second41/phase/13,sram-42,dram-14-0,16384,13729,13996,267,False,,,
7,49,remote_balanced,U0,second27/phase/16,dram-0-0,sram-28,16,13745,13757,12,False,,,
7,49,remote_balanced,U0,second47/phase/13,sram-48,dram-20-0,16384,13750,14017,267,False,,,
7,49,remote_balanced,U0,second33/phase/16,dram-6-0,sram-34,16,13766,13778,12,False,,,
7,49,remote_balanced,U0,second35/phase/16,dram-8-0,sram-36,16,13787,13799,12,False,,,
7,49,remote_balanced,U0,second36/phase/16,dram-9-0,sram-37,16,13808,13820,12,False,,,
7,49,remote_balanced,U0,second37/phase/16,dram-10-0,sram-38,16,13829,13841,12,False,,,
7,49,remote_balanced,U0,second38/phase/16,dram-11-0,sram-39,16,13850,13862,12,False,,,
7,49,remote_balanced,U0,second39/phase/16,dram-12-0,sram-40,16,13871,13883,12,False,,,
7,49,remote_balanced,U0,second34/phase/16,dram-7-0,sram-35,16,13892,13904,12,False,,,
7,49,remote_balanced,U0,second40/phase/16,dram-13-0,sram-41,16,13913,13925,12,False,,,
7,49,remote_balanced,U0,second42/phase/16,dram-15-0,sram-43,16,13934,13946,12,False,,,
7,49,remote_balanced,U0,second43/phase/16,dram-16-0,sram-44,16,13955,13967,12,False,,,
7,49,remote_balanced,U0,second44/phase/16,dram-17-0,sram-45,16,13976,13988,12,False,,,
7,49,remote_balanced,U0,second48/phase/13,sram-0,dram-21-0,16384,13981,14248,267,False,,,
7,49,remote_balanced,U0,second45/phase/16,dram-18-0,sram-46,16,13997,14009,12,False,,,
7,49,remote_balanced,U0,second46/phase/16,dram-19-0,sram-47,16,14018,14030,12,False,,,
7,49,remote_balanced,U0,second41/phase/16,dram-14-0,sram-42,16,14039,14051,12,False,,,
7,49,remote_balanced,U0,second47/phase/16,dram-20-0,sram-48,16,14060,14072,12,False,,,
7,49,remote_balanced,U0,second48/phase/16,dram-21-0,sram-0,16,14291,14303,12,False,,,
7,49,remote_balanced,U0,second0/phase/13,sram-1,dram-22-0,16384,14450,14717,267,True,,,
7,49,remote_balanced,U0,second0/phase/16,dram-22-0,sram-1,16,14760,14772,12,True,,,
7,49,remote_balanced,U1,first0/phase/0,sram-0,host-memory,16,0,32,32,True,,,
7,49,remote_balanced,U1,first1/phase/0,sram-1,dram-22-0,16,0,12,12,False,,,
7,49,remote_balanced,U1,first2/phase/0,sram-2,dram-23-0,16,0,12,12,False,,,
7,49,remote_balanced,U1,first3/phase/0,sram-3,dram-24-0,16,0,12,12,False,,,
7,49,remote_balanced,U1,first4/phase/0,sram-4,dram-25-0,16,0,12,12,False,,,
7,49,remote_balanced,U1,first5/phase/0,sram-5,dram-26-0,16,0,12,12,False,,,
7,49,remote_balanced,U1,first6/phase/0,sram-6,dram-27-0,16,0,12,12,False,,,
7,49,remote_balanced,U1,first7/phase/0,sram-7,dram-28-0,16,0,12,12,False,,,
7,49,remote_balanced,U1,first8/phase/0,sram-8,dram-29-0,16,0,12,12,False,,,
7,49,remote_balanced,U1,first9/phase/0,sram-9,dram-30-0,16,0,12,12,False,,,
7,49,remote_balanced,U1,first10/phase/0,sram-10,dram-31-0,16,0,12,12,False,,,
7,49,remote_balanced,U1,first11/phase/0,sram-11,dram-32-0,16,0,12,12,False,,,
7,49,remote_balanced,U1,first12/phase/0,sram-12,dram-33-0,16,0,12,12,False,,,
7,49,remote_balanced,U1,first13/phase/0,sram-13,dram-34-0,16,0,12,12,False,,,
7,49,remote_balanced,U1,first14/phase/0,sram-14,dram-35-0,16,0,12,12,False,,,
7,49,remote_balanced,U1,first15/phase/0,sram-15,dram-36-0,16,0,12,12,False,,,
7,49,remote_balanced,U1,first16/phase/0,sram-16,dram-37-0,16,0,12,12,False,,,
7,49,remote_balanced,U1,first17/phase/0,sram-17,dram-38-0,16,0,12,12,False,,,
7,49,remote_balanced,U1,first18/phase/0,sram-18,dram-39-0,16,0,12,12,False,,,
7,49,remote_balanced,U1,first19/phase/0,sram-19,dram-40-0,16,0,12,12,False,,,
7,49,remote_balanced,U1,first20/phase/0,sram-20,dram-41-0,16,0,12,12,False,,,
7,49,remote_balanced,U1,first21/phase/0,sram-21,dram-42-0,16,0,12,12,False,,,
7,49,remote_balanced,U1,first22/phase/0,sram-22,dram-43-0,16,0,12,12,False,,,
7,49,remote_balanced,U1,first23/phase/0,sram-23,dram-44-0,16,0,12,12,False,,,
7,49,remote_balanced,U1,first24/phase/0,sram-24,dram-45-0,16,0,12,12,False,,,
7,49,remote_balanced,U1,first25/phase/0,sram-25,dram-46-0,16,0,12,12,False,,,
7,49,remote_balanced,U1,first26/phase/0,sram-26,dram-47-0,16,0,12,12,False,,,
7,49,remote_balanced,U1,first27/phase/0,sram-27,dram-48-0,16,0,12,12,False,,,
7,49,remote_balanced,U1,first28/phase/0,sram-28,dram-0-0,16,0,12,12,False,,,
7,49,remote_balanced,U1,first29/phase/0,sram-29,dram-1-0,16,0,12,12,False,,,
7,49,remote_balanced,U1,first30/phase/0,sram-30,dram-2-0,16,0,12,12,False,,,
7,49,remote_balanced,U1,first31/phase/0,sram-31,dram-3-0,16,0,12,12,False,,,
7,49,remote_balanced,U1,first32/phase/0,sram-32,dram-4-0,16,0,12,12,False,,,
7,49,remote_balanced,U1,first33/phase/0,sram-33,dram-5-0,16,0,12,12,False,,,
7,49,remote_balanced,U1,first34/phase/0,sram-34,dram-6-0,16,0,12,12,False,,,
7,49,remote_balanced,U1,first35/phase/0,sram-35,dram-7-0,16,0,12,12,False,,,
7,49,remote_balanced,U1,first36/phase/0,sram-36,dram-8-0,16,0,12,12,False,,,
7,49,remote_balanced,U1,first37/phase/0,sram-37,dram-9-0,16,0,12,12,False,,,
7,49,remote_balanced,U1,first38/phase/0,sram-38,dram-10-0,16,0,12,12,False,,,
7,49,remote_balanced,U1,first39/phase/0,sram-39,dram-11-0,16,0,12,12,False,,,
7,49,remote_balanced,U1,first40/phase/0,sram-40,dram-12-0,16,0,12,12,False,,,
7,49,remote_balanced,U1,first41/phase/0,sram-41,dram-13-0,16,0,12,12,False,,,
7,49,remote_balanced,U1,first42/phase/0,sram-42,dram-14-0,16,0,12,12,False,,,
7,49,remote_balanced,U1,first43/phase/0,sram-43,dram-15-0,16,0,12,12,False,,,
7,49,remote_balanced,U1,first44/phase/0,sram-44,dram-16-0,16,0,12,12,False,,,
7,49,remote_balanced,U1,first45/phase/0,sram-45,dram-17-0,16,0,12,12,False,,,
7,49,remote_balanced,U1,first46/phase/0,sram-46,dram-18-0,16,0,12,12,False,,,
7,49,remote_balanced,U1,first47/phase/0,sram-47,dram-19-0,16,0,12,12,False,,,
7,49,remote_balanced,U1,first48/phase/0,sram-48,dram-20-0,16,0,12,12,False,,,
7,49,remote_balanced,U1,first0/phase/4,host-memory,sram-0,16384,888,1430,542,True,,,
7,49,remote_balanced,U1,first0/phase/6,sram-0,dram-21-0,16,1686,1698,12,True,,,
7,49,remote_balanced,U1,first1/phase/4,dram-22-0,sram-1,65536,3118,4153,1035,False,,,
7,49,remote_balanced,U1,first2/phase/4,dram-23-0,sram-2,65536,3118,4153,1035,False,,,
7,49,remote_balanced,U1,first3/phase/4,dram-24-0,sram-3,65536,3118,4153,1035,False,,,
7,49,remote_balanced,U1,first4/phase/4,dram-25-0,sram-4,65536,3118,4153,1035,False,,,
7,49,remote_balanced,U1,first5/phase/4,dram-26-0,sram-5,65536,3118,4153,1035,False,,,
7,49,remote_balanced,U1,first6/phase/4,dram-27-0,sram-6,65536,3118,4153,1035,False,,,
7,49,remote_balanced,U1,first7/phase/4,dram-28-0,sram-7,65536,3118,4153,1035,False,,,
7,49,remote_balanced,U1,first8/phase/4,dram-29-0,sram-8,65536,3118,4153,1035,False,,,
7,49,remote_balanced,U1,first9/phase/4,dram-30-0,sram-9,65536,3118,4153,1035,False,,,
7,49,remote_balanced,U1,first10/phase/4,dram-31-0,sram-10,65536,3118,4153,1035,False,,,
7,49,remote_balanced,U1,first11/phase/4,dram-32-0,sram-11,65536,3118,4153,1035,False,,,
7,49,remote_balanced,U1,first12/phase/4,dram-33-0,sram-12,65536,3118,4153,1035,False,,,
7,49,remote_balanced,U1,first13/phase/4,dram-34-0,sram-13,65536,3118,4153,1035,False,,,
7,49,remote_balanced,U1,first14/phase/4,dram-35-0,sram-14,65536,3118,4153,1035,False,,,
7,49,remote_balanced,U1,first15/phase/4,dram-36-0,sram-15,65536,3118,4153,1035,False,,,
7,49,remote_balanced,U1,first16/phase/4,dram-37-0,sram-16,65536,3118,4153,1035,False,,,
7,49,remote_balanced,U1,first17/phase/4,dram-38-0,sram-17,65536,3118,4153,1035,False,,,
7,49,remote_balanced,U1,first18/phase/4,dram-39-0,sram-18,65536,3118,4153,1035,False,,,
7,49,remote_balanced,U1,first19/phase/4,dram-40-0,sram-19,65536,3118,4153,1035,False,,,
7,49,remote_balanced,U1,first20/phase/4,dram-41-0,sram-20,65536,3118,4153,1035,False,,,
7,49,remote_balanced,U1,first21/phase/4,dram-42-0,sram-21,65536,3118,4153,1035,False,,,
7,49,remote_balanced,U1,first22/phase/4,dram-43-0,sram-22,65536,3118,4153,1035,False,,,
7,49,remote_balanced,U1,first23/phase/4,dram-44-0,sram-23,65536,3118,4153,1035,False,,,
7,49,remote_balanced,U1,first24/phase/4,dram-45-0,sram-24,65536,3118,4153,1035,False,,,
7,49,remote_balanced,U1,first25/phase/4,dram-46-0,sram-25,65536,3118,4153,1035,False,,,
7,49,remote_balanced,U1,first26/phase/4,dram-47-0,sram-26,65536,3118,4153,1035,False,,,
7,49,remote_balanced,U1,first27/phase/4,dram-48-0,sram-27,65536,3118,4153,1035,False,,,
7,49,remote_balanced,U1,first28/phase/4,dram-0-0,sram-28,65536,3118,4153,1035,False,,,
7,49,remote_balanced,U1,first29/phase/4,dram-1-0,sram-29,65536,3118,4153,1035,False,,,
7,49,remote_balanced,U1,first30/phase/4,dram-2-0,sram-30,65536,3118,4153,1035,False,,,
7,49,remote_balanced,U1,first31/phase/4,dram-3-0,sram-31,65536,3118,4153,1035,False,,,
7,49,remote_balanced,U1,first32/phase/4,dram-4-0,sram-32,65536,3118,4153,1035,False,,,
7,49,remote_balanced,U1,first33/phase/4,dram-5-0,sram-33,65536,3118,4153,1035,False,,,
7,49,remote_balanced,U1,first34/phase/4,dram-6-0,sram-34,65536,3118,4153,1035,False,,,
7,49,remote_balanced,U1,first35/phase/4,dram-7-0,sram-35,65536,3118,4153,1035,False,,,
7,49,remote_balanced,U1,first36/phase/4,dram-8-0,sram-36,65536,3118,4153,1035,False,,,
7,49,remote_balanced,U1,first37/phase/4,dram-9-0,sram-37,65536,3118,4153,1035,False,,,
7,49,remote_balanced,U1,first38/phase/4,dram-10-0,sram-38,65536,3118,4153,1035,False,,,
7,49,remote_balanced,U1,first39/phase/4,dram-11-0,sram-39,65536,3118,4153,1035,False,,,
7,49,remote_balanced,U1,first40/phase/4,dram-12-0,sram-40,65536,3118,4153,1035,False,,,
7,49,remote_balanced,U1,first41/phase/4,dram-13-0,sram-41,65536,3118,4153,1035,False,,,
7,49,remote_balanced,U1,first42/phase/4,dram-14-0,sram-42,65536,3118,4153,1035,False,,,
7,49,remote_balanced,U1,first43/phase/4,dram-15-0,sram-43,65536,3118,4153,1035,False,,,
7,49,remote_balanced,U1,first44/phase/4,dram-16-0,sram-44,65536,3118,4153,1035,False,,,
7,49,remote_balanced,U1,first45/phase/4,dram-17-0,sram-45,65536,3118,4153,1035,False,,,
7,49,remote_balanced,U1,first46/phase/4,dram-18-0,sram-46,65536,3118,4153,1035,False,,,
7,49,remote_balanced,U1,first47/phase/4,dram-19-0,sram-47,65536,3118,4153,1035,False,,,
7,49,remote_balanced,U1,first48/phase/4,dram-20-0,sram-48,65536,3118,4153,1035,False,,,
7,49,remote_balanced,U1,first0/phase/10,dram-21-0,sram-0,65536,4804,5839,1035,True,,,
7,49,remote_balanced,U1,second1/phase/1,sram-1,sram-2,16384,9017,9557,540,False,,,
7,49,remote_balanced,U1,second2/phase/1,sram-2,sram-3,16384,9017,9557,540,False,,,
7,49,remote_balanced,U1,second3/phase/1,sram-3,sram-4,16384,9017,9557,540,False,,,
7,49,remote_balanced,U1,second4/phase/1,sram-4,sram-5,16384,9017,9557,540,False,,,
7,49,remote_balanced,U1,second5/phase/1,sram-5,sram-6,16384,9017,9557,540,False,,,
7,49,remote_balanced,U1,second6/phase/1,sram-6,sram-7,16384,9017,9689,672,False,,,
7,49,remote_balanced,U1,second7/phase/1,sram-7,sram-8,16384,9017,9557,540,False,,,
7,49,remote_balanced,U1,second8/phase/1,sram-8,sram-9,16384,9017,9557,540,False,,,
7,49,remote_balanced,U1,second9/phase/1,sram-9,sram-10,16384,9017,9557,540,False,,,
7,49,remote_balanced,U1,second10/phase/1,sram-10,sram-11,16384,9017,9557,540,False,,,
7,49,remote_balanced,U1,second11/phase/1,sram-11,sram-12,16384,9017,9557,540,False,,,
7,49,remote_balanced,U1,second12/phase/1,sram-12,sram-13,16384,9017,9557,540,False,,,
7,49,remote_balanced,U1,second13/phase/1,sram-13,sram-14,16384,9017,9689,672,False,,,
7,49,remote_balanced,U1,second14/phase/1,sram-14,sram-15,16384,9017,9557,540,False,,,
7,49,remote_balanced,U1,second15/phase/1,sram-15,sram-16,16384,9017,9557,540,False,,,
7,49,remote_balanced,U1,second16/phase/1,sram-16,sram-17,16384,9017,9557,540,False,,,
7,49,remote_balanced,U1,second17/phase/1,sram-17,sram-18,16384,9017,9557,540,False,,,
7,49,remote_balanced,U1,second18/phase/1,sram-18,sram-19,16384,9017,9557,540,False,,,
7,49,remote_balanced,U1,second19/phase/1,sram-19,sram-20,16384,9017,9557,540,False,,,
7,49,remote_balanced,U1,second20/phase/1,sram-20,sram-21,16384,9017,9689,672,False,,,
7,49,remote_balanced,U1,second21/phase/1,sram-21,sram-22,16384,9017,9557,540,False,,,
7,49,remote_balanced,U1,second22/phase/1,sram-22,sram-23,16384,9017,9557,540,False,,,
7,49,remote_balanced,U1,second23/phase/1,sram-23,sram-24,16384,9017,9557,540,False,,,
7,49,remote_balanced,U1,second24/phase/1,sram-24,sram-25,16384,9017,9557,540,False,,,
7,49,remote_balanced,U1,second25/phase/1,sram-25,sram-26,16384,9017,9557,540,False,,,
7,49,remote_balanced,U1,second26/phase/1,sram-26,sram-27,16384,9017,9557,540,False,,,
7,49,remote_balanced,U1,second27/phase/1,sram-27,sram-28,16384,9017,9689,672,False,,,
7,49,remote_balanced,U1,second28/phase/1,sram-28,sram-29,16384,9017,9557,540,False,,,
7,49,remote_balanced,U1,second29/phase/1,sram-29,sram-30,16384,9017,9557,540,False,,,
7,49,remote_balanced,U1,second30/phase/1,sram-30,sram-31,16384,9017,9557,540,False,,,
7,49,remote_balanced,U1,second31/phase/1,sram-31,sram-32,16384,9017,9557,540,False,,,
7,49,remote_balanced,U1,second32/phase/1,sram-32,sram-33,16384,9017,9557,540,False,,,
7,49,remote_balanced,U1,second33/phase/1,sram-33,sram-34,16384,9017,9557,540,False,,,
7,49,remote_balanced,U1,second34/phase/1,sram-34,sram-35,16384,9017,9689,672,False,,,
7,49,remote_balanced,U1,second35/phase/1,sram-35,sram-36,16384,9017,9557,540,False,,,
7,49,remote_balanced,U1,second36/phase/1,sram-36,sram-37,16384,9017,9557,540,False,,,
7,49,remote_balanced,U1,second37/phase/1,sram-37,sram-38,16384,9017,9557,540,False,,,
7,49,remote_balanced,U1,second38/phase/1,sram-38,sram-39,16384,9017,9557,540,False,,,
7,49,remote_balanced,U1,second39/phase/1,sram-39,sram-40,16384,9017,9557,540,False,,,
7,49,remote_balanced,U1,second40/phase/1,sram-40,sram-41,16384,9017,9557,540,False,,,
7,49,remote_balanced,U1,second41/phase/1,sram-41,sram-42,16384,9017,9703,686,False,,,
7,49,remote_balanced,U1,second42/phase/1,sram-42,sram-43,16384,9017,9557,540,False,,,
7,49,remote_balanced,U1,second43/phase/1,sram-43,sram-44,16384,9017,9557,540,False,,,
7,49,remote_balanced,U1,second44/phase/1,sram-44,sram-45,16384,9017,9557,540,False,,,
7,49,remote_balanced,U1,second45/phase/1,sram-45,sram-46,16384,9017,9557,540,False,,,
7,49,remote_balanced,U1,second46/phase/1,sram-46,sram-47,16384,9017,9557,540,False,,,
7,49,remote_balanced,U1,second47/phase/1,sram-47,sram-48,16384,9017,9557,540,False,,,
7,49,remote_balanced,U1,second48/phase/1,sram-48,sram-0,16384,9017,9812,795,False,,,
7,49,remote_balanced,U1,second1/phase/3,sram-2,dram-23-1,16,9813,9825,12,False,,,
7,49,remote_balanced,U1,second2/phase/3,sram-3,dram-24-1,16,9813,9825,12,False,,,
7,49,remote_balanced,U1,second3/phase/3,sram-4,dram-25-1,16,9813,9825,12,False,,,
7,49,remote_balanced,U1,second4/phase/3,sram-5,dram-26-1,16,9813,9825,12,False,,,
7,49,remote_balanced,U1,second5/phase/3,sram-6,dram-27-1,16,9813,9825,12,False,,,
7,49,remote_balanced,U1,second7/phase/3,sram-8,dram-29-1,16,9813,9825,12,False,,,
7,49,remote_balanced,U1,second8/phase/3,sram-9,dram-30-1,16,9813,9825,12,False,,,
7,49,remote_balanced,U1,second9/phase/3,sram-10,dram-31-1,16,9813,9825,12,False,,,
7,49,remote_balanced,U1,second10/phase/3,sram-11,dram-32-1,16,9813,9825,12,False,,,
7,49,remote_balanced,U1,second11/phase/3,sram-12,dram-33-1,16,9813,9825,12,False,,,
7,49,remote_balanced,U1,second12/phase/3,sram-13,dram-34-1,16,9813,9825,12,False,,,
7,49,remote_balanced,U1,second14/phase/3,sram-15,dram-36-1,16,9813,9825,12,False,,,
7,49,remote_balanced,U1,second15/phase/3,sram-16,dram-37-1,16,9813,9825,12,False,,,
7,49,remote_balanced,U1,second16/phase/3,sram-17,dram-38-1,16,9813,9825,12,False,,,
7,49,remote_balanced,U1,second17/phase/3,sram-18,dram-39-1,16,9813,9825,12,False,,,
7,49,remote_balanced,U1,second18/phase/3,sram-19,dram-40-1,16,9813,9825,12,False,,,
7,49,remote_balanced,U1,second19/phase/3,sram-20,dram-41-1,16,9813,9825,12,False,,,
7,49,remote_balanced,U1,second21/phase/3,sram-22,dram-43-1,16,9813,9825,12,False,,,
7,49,remote_balanced,U1,second22/phase/3,sram-23,dram-44-1,16,9813,9825,12,False,,,
7,49,remote_balanced,U1,second23/phase/3,sram-24,dram-45-1,16,9813,9825,12,False,,,
7,49,remote_balanced,U1,second24/phase/3,sram-25,dram-46-1,16,9813,9825,12,False,,,
7,49,remote_balanced,U1,second25/phase/3,sram-26,dram-47-1,16,9813,9825,12,False,,,
7,49,remote_balanced,U1,second26/phase/3,sram-27,dram-48-1,16,9813,9825,12,False,,,
7,49,remote_balanced,U1,second28/phase/3,sram-29,dram-1-1,16,9813,9825,12,False,,,
7,49,remote_balanced,U1,second29/phase/3,sram-30,dram-2-1,16,9813,9825,12,False,,,
7,49,remote_balanced,U1,second30/phase/3,sram-31,dram-3-1,16,9813,9825,12,False,,,
7,49,remote_balanced,U1,second31/phase/3,sram-32,dram-4-1,16,9813,9825,12,False,,,
7,49,remote_balanced,U1,second32/phase/3,sram-33,dram-5-1,16,9813,9825,12,False,,,
7,49,remote_balanced,U1,second33/phase/3,sram-34,dram-6-1,16,9813,9825,12,False,,,
7,49,remote_balanced,U1,second35/phase/3,sram-36,dram-8-1,16,9813,9825,12,False,,,
7,49,remote_balanced,U1,second36/phase/3,sram-37,dram-9-1,16,9813,9825,12,False,,,
7,49,remote_balanced,U1,second37/phase/3,sram-38,dram-10-1,16,9813,9825,12,False,,,
7,49,remote_balanced,U1,second38/phase/3,sram-39,dram-11-1,16,9813,9825,12,False,,,
7,49,remote_balanced,U1,second39/phase/3,sram-40,dram-12-1,16,9813,9825,12,False,,,
7,49,remote_balanced,U1,second40/phase/3,sram-41,dram-13-1,16,9813,9825,12,False,,,
7,49,remote_balanced,U1,second42/phase/3,sram-43,dram-15-1,16,9813,9825,12,False,,,
7,49,remote_balanced,U1,second43/phase/3,sram-44,dram-16-1,16,9813,9825,12,False,,,
7,49,remote_balanced,U1,second44/phase/3,sram-45,dram-17-1,16,9813,9825,12,False,,,
7,49,remote_balanced,U1,second45/phase/3,sram-46,dram-18-1,16,9813,9825,12,False,,,
7,49,remote_balanced,U1,second46/phase/3,sram-47,dram-19-1,16,9813,9825,12,False,,,
7,49,remote_balanced,U1,second47/phase/3,sram-48,dram-20-1,16,9813,9825,12,False,,,
7,49,remote_balanced,U1,second6/phase/3,sram-7,dram-28-1,16,9945,9957,12,False,,,
7,49,remote_balanced,U1,second13/phase/3,sram-14,dram-35-1,16,9945,9957,12,False,,,
7,49,remote_balanced,U1,second20/phase/3,sram-21,dram-42-1,16,9945,9957,12,False,,,
7,49,remote_balanced,U1,second27/phase/3,sram-28,dram-0-1,16,9945,9957,12,False,,,
7,49,remote_balanced,U1,second34/phase/3,sram-35,dram-7-1,16,9945,9957,12,False,,,
7,49,remote_balanced,U1,second41/phase/3,sram-42,dram-14-1,16,9959,9971,12,False,,,
7,49,remote_balanced,U1,second48/phase/3,sram-0,dram-21-1,16,10068,10080,12,False,,,
7,49,remote_balanced,U1,second0/phase/1,sram-0,sram-1,16384,10703,11242,539,True,,,
7,49,remote_balanced,U1,second0/phase/3,sram-1,dram-22-1,16,11498,11510,12,True,,,
7,49,remote_balanced,U1,second1/phase/7,dram-23-1,sram-2,65536,12931,13966,1035,False,,,
7,49,remote_balanced,U1,second2/phase/7,dram-24-1,sram-3,65536,12931,13966,1035,False,,,
7,49,remote_balanced,U1,second3/phase/7,dram-25-1,sram-4,65536,12931,13966,1035,False,,,
7,49,remote_balanced,U1,second4/phase/7,dram-26-1,sram-5,65536,12931,13966,1035,False,,,
7,49,remote_balanced,U1,second5/phase/7,dram-27-1,sram-6,65536,12931,13966,1035,False,,,
7,49,remote_balanced,U1,second7/phase/7,dram-29-1,sram-8,65536,12931,13966,1035,False,,,
7,49,remote_balanced,U1,second8/phase/7,dram-30-1,sram-9,65536,12931,13966,1035,False,,,
7,49,remote_balanced,U1,second9/phase/7,dram-31-1,sram-10,65536,12931,13966,1035,False,,,
7,49,remote_balanced,U1,second10/phase/7,dram-32-1,sram-11,65536,12931,13966,1035,False,,,
7,49,remote_balanced,U1,second11/phase/7,dram-33-1,sram-12,65536,12931,13966,1035,False,,,
7,49,remote_balanced,U1,second12/phase/7,dram-34-1,sram-13,65536,12931,13966,1035,False,,,
7,49,remote_balanced,U1,second14/phase/7,dram-36-1,sram-15,65536,12931,13966,1035,False,,,
7,49,remote_balanced,U1,second15/phase/7,dram-37-1,sram-16,65536,12931,13966,1035,False,,,
7,49,remote_balanced,U1,second16/phase/7,dram-38-1,sram-17,65536,12931,13966,1035,False,,,
7,49,remote_balanced,U1,second17/phase/7,dram-39-1,sram-18,65536,12931,13966,1035,False,,,
7,49,remote_balanced,U1,second18/phase/7,dram-40-1,sram-19,65536,12931,13966,1035,False,,,
7,49,remote_balanced,U1,second19/phase/7,dram-41-1,sram-20,65536,12931,13966,1035,False,,,
7,49,remote_balanced,U1,second21/phase/7,dram-43-1,sram-22,65536,12931,13966,1035,False,,,
7,49,remote_balanced,U1,second22/phase/7,dram-44-1,sram-23,65536,12931,13966,1035,False,,,
7,49,remote_balanced,U1,second23/phase/7,dram-45-1,sram-24,65536,12931,13966,1035,False,,,
7,49,remote_balanced,U1,second24/phase/7,dram-46-1,sram-25,65536,12931,13966,1035,False,,,
7,49,remote_balanced,U1,second25/phase/7,dram-47-1,sram-26,65536,12931,13966,1035,False,,,
7,49,remote_balanced,U1,second26/phase/7,dram-48-1,sram-27,65536,12931,13966,1035,False,,,
7,49,remote_balanced,U1,second28/phase/7,dram-1-1,sram-29,65536,12931,13966,1035,False,,,
7,49,remote_balanced,U1,second29/phase/7,dram-2-1,sram-30,65536,12931,13966,1035,False,,,
7,49,remote_balanced,U1,second30/phase/7,dram-3-1,sram-31,65536,12931,13966,1035,False,,,
7,49,remote_balanced,U1,second31/phase/7,dram-4-1,sram-32,65536,12931,13966,1035,False,,,
7,49,remote_balanced,U1,second32/phase/7,dram-5-1,sram-33,65536,12931,13966,1035,False,,,
7,49,remote_balanced,U1,second33/phase/7,dram-6-1,sram-34,65536,12931,13966,1035,False,,,
7,49,remote_balanced,U1,second35/phase/7,dram-8-1,sram-36,65536,12931,13966,1035,False,,,
7,49,remote_balanced,U1,second36/phase/7,dram-9-1,sram-37,65536,12931,13966,1035,False,,,
7,49,remote_balanced,U1,second37/phase/7,dram-10-1,sram-38,65536,12931,13966,1035,False,,,
7,49,remote_balanced,U1,second38/phase/7,dram-11-1,sram-39,65536,12931,13966,1035,False,,,
7,49,remote_balanced,U1,second39/phase/7,dram-12-1,sram-40,65536,12931,13966,1035,False,,,
7,49,remote_balanced,U1,second40/phase/7,dram-13-1,sram-41,65536,12931,13966,1035,False,,,
7,49,remote_balanced,U1,second42/phase/7,dram-15-1,sram-43,65536,12931,13966,1035,False,,,
7,49,remote_balanced,U1,second43/phase/7,dram-16-1,sram-44,65536,12931,13966,1035,False,,,
7,49,remote_balanced,U1,second44/phase/7,dram-17-1,sram-45,65536,12931,13966,1035,False,,,
7,49,remote_balanced,U1,second45/phase/7,dram-18-1,sram-46,65536,12931,13966,1035,False,,,
7,49,remote_balanced,U1,second46/phase/7,dram-19-1,sram-47,65536,12931,13966,1035,False,,,
7,49,remote_balanced,U1,second47/phase/7,dram-20-1,sram-48,65536,12931,13966,1035,False,,,
7,49,remote_balanced,U1,second6/phase/7,dram-28-1,sram-7,65536,13063,14098,1035,False,,,
7,49,remote_balanced,U1,second13/phase/7,dram-35-1,sram-14,65536,13063,14098,1035,False,,,
7,49,remote_balanced,U1,second20/phase/7,dram-42-1,sram-21,65536,13063,14098,1035,False,,,
7,49,remote_balanced,U1,second27/phase/7,dram-0-1,sram-28,65536,13063,14098,1035,False,,,
7,49,remote_balanced,U1,second34/phase/7,dram-7-1,sram-35,65536,13063,14098,1035,False,,,
7,49,remote_balanced,U1,second41/phase/7,dram-14-1,sram-42,65536,13077,14112,1035,False,,,
7,49,remote_balanced,U1,second48/phase/7,dram-21-1,sram-0,65536,13186,14221,1035,False,,,
7,49,remote_balanced,U1,second0/phase/7,dram-22-1,sram-1,65536,14616,15651,1035,True,,,
7,49,remote_balanced,U1,second1/phase/13,sram-2,dram-23-0,16384,18830,19097,267,False,,,
7,49,remote_balanced,U1,second2/phase/13,sram-3,dram-24-0,16384,18830,19097,267,False,,,
7,49,remote_balanced,U1,second3/phase/13,sram-4,dram-25-0,16384,18830,19097,267,False,,,
7,49,remote_balanced,U1,second4/phase/13,sram-5,dram-26-0,16384,18830,19097,267,False,,,
7,49,remote_balanced,U1,second5/phase/13,sram-6,dram-27-0,16384,18830,19097,267,False,,,
7,49,remote_balanced,U1,second7/phase/13,sram-8,dram-29-0,16384,18830,19097,267,False,,,
7,49,remote_balanced,U1,second8/phase/13,sram-9,dram-30-0,16384,18830,19097,267,False,,,
7,49,remote_balanced,U1,second9/phase/13,sram-10,dram-31-0,16384,18830,19097,267,False,,,
7,49,remote_balanced,U1,second10/phase/13,sram-11,dram-32-0,16384,18830,19097,267,False,,,
7,49,remote_balanced,U1,second11/phase/13,sram-12,dram-33-0,16384,18830,19097,267,False,,,
7,49,remote_balanced,U1,second12/phase/13,sram-13,dram-34-0,16384,18830,19097,267,False,,,
7,49,remote_balanced,U1,second14/phase/13,sram-15,dram-36-0,16384,18830,19097,267,False,,,
7,49,remote_balanced,U1,second15/phase/13,sram-16,dram-37-0,16384,18830,19097,267,False,,,
7,49,remote_balanced,U1,second16/phase/13,sram-17,dram-38-0,16384,18830,19097,267,False,,,
7,49,remote_balanced,U1,second17/phase/13,sram-18,dram-39-0,16384,18830,19097,267,False,,,
7,49,remote_balanced,U1,second18/phase/13,sram-19,dram-40-0,16384,18830,19097,267,False,,,
7,49,remote_balanced,U1,second19/phase/13,sram-20,dram-41-0,16384,18830,19097,267,False,,,
7,49,remote_balanced,U1,second21/phase/13,sram-22,dram-43-0,16384,18830,19097,267,False,,,
7,49,remote_balanced,U1,second22/phase/13,sram-23,dram-44-0,16384,18830,19097,267,False,,,
7,49,remote_balanced,U1,second23/phase/13,sram-24,dram-45-0,16384,18830,19097,267,False,,,
7,49,remote_balanced,U1,second24/phase/13,sram-25,dram-46-0,16384,18830,19097,267,False,,,
7,49,remote_balanced,U1,second25/phase/13,sram-26,dram-47-0,16384,18830,19097,267,False,,,
7,49,remote_balanced,U1,second26/phase/13,sram-27,dram-48-0,16384,18830,19097,267,False,,,
7,49,remote_balanced,U1,second28/phase/13,sram-29,dram-1-0,16384,18830,19097,267,False,,,
7,49,remote_balanced,U1,second29/phase/13,sram-30,dram-2-0,16384,18830,19097,267,False,,,
7,49,remote_balanced,U1,second30/phase/13,sram-31,dram-3-0,16384,18830,19097,267,False,,,
7,49,remote_balanced,U1,second31/phase/13,sram-32,dram-4-0,16384,18830,19097,267,False,,,
7,49,remote_balanced,U1,second32/phase/13,sram-33,dram-5-0,16384,18830,19097,267,False,,,
7,49,remote_balanced,U1,second33/phase/13,sram-34,dram-6-0,16384,18830,19097,267,False,,,
7,49,remote_balanced,U1,second35/phase/13,sram-36,dram-8-0,16384,18830,19097,267,False,,,
7,49,remote_balanced,U1,second36/phase/13,sram-37,dram-9-0,16384,18830,19097,267,False,,,
7,49,remote_balanced,U1,second37/phase/13,sram-38,dram-10-0,16384,18830,19097,267,False,,,
7,49,remote_balanced,U1,second38/phase/13,sram-39,dram-11-0,16384,18830,19097,267,False,,,
7,49,remote_balanced,U1,second39/phase/13,sram-40,dram-12-0,16384,18830,19097,267,False,,,
7,49,remote_balanced,U1,second40/phase/13,sram-41,dram-13-0,16384,18830,19097,267,False,,,
7,49,remote_balanced,U1,second42/phase/13,sram-43,dram-15-0,16384,18830,19097,267,False,,,
7,49,remote_balanced,U1,second43/phase/13,sram-44,dram-16-0,16384,18830,19097,267,False,,,
7,49,remote_balanced,U1,second44/phase/13,sram-45,dram-17-0,16384,18830,19097,267,False,,,
7,49,remote_balanced,U1,second45/phase/13,sram-46,dram-18-0,16384,18830,19097,267,False,,,
7,49,remote_balanced,U1,second46/phase/13,sram-47,dram-19-0,16384,18830,19097,267,False,,,
7,49,remote_balanced,U1,second47/phase/13,sram-48,dram-20-0,16384,18830,19097,267,False,,,
7,49,remote_balanced,U1,second6/phase/13,sram-7,dram-28-0,16384,18962,19229,267,False,,,
7,49,remote_balanced,U1,second13/phase/13,sram-14,dram-35-0,16384,18962,19229,267,False,,,
7,49,remote_balanced,U1,second20/phase/13,sram-21,dram-42-0,16384,18962,19229,267,False,,,
7,49,remote_balanced,U1,second27/phase/13,sram-28,dram-0-0,16384,18962,19229,267,False,,,
7,49,remote_balanced,U1,second34/phase/13,sram-35,dram-7-0,16384,18962,19229,267,False,,,
7,49,remote_balanced,U1,second41/phase/13,sram-42,dram-14-0,16384,18976,19243,267,False,,,
7,49,remote_balanced,U1,second48/phase/13,sram-0,dram-21-0,16384,19085,19352,267,False,,,
7,49,remote_balanced,U1,second1/phase/16,dram-23-0,sram-2,16,19899,19911,12,False,,,
7,49,remote_balanced,U1,second2/phase/16,dram-24-0,sram-3,16,19899,19911,12,False,,,
7,49,remote_balanced,U1,second3/phase/16,dram-25-0,sram-4,16,19899,19911,12,False,,,
7,49,remote_balanced,U1,second4/phase/16,dram-26-0,sram-5,16,19899,19911,12,False,,,
7,49,remote_balanced,U1,second5/phase/16,dram-27-0,sram-6,16,19899,19911,12,False,,,
7,49,remote_balanced,U1,second7/phase/16,dram-29-0,sram-8,16,19899,19911,12,False,,,
7,49,remote_balanced,U1,second8/phase/16,dram-30-0,sram-9,16,19899,19911,12,False,,,
7,49,remote_balanced,U1,second9/phase/16,dram-31-0,sram-10,16,19899,19911,12,False,,,
7,49,remote_balanced,U1,second10/phase/16,dram-32-0,sram-11,16,19899,19911,12,False,,,
7,49,remote_balanced,U1,second11/phase/16,dram-33-0,sram-12,16,19899,19911,12,False,,,
7,49,remote_balanced,U1,second12/phase/16,dram-34-0,sram-13,16,19899,19911,12,False,,,
7,49,remote_balanced,U1,second14/phase/16,dram-36-0,sram-15,16,19899,19911,12,False,,,
7,49,remote_balanced,U1,second15/phase/16,dram-37-0,sram-16,16,19899,19911,12,False,,,
7,49,remote_balanced,U1,second16/phase/16,dram-38-0,sram-17,16,19899,19911,12,False,,,
7,49,remote_balanced,U1,second17/phase/16,dram-39-0,sram-18,16,19899,19911,12,False,,,
7,49,remote_balanced,U1,second18/phase/16,dram-40-0,sram-19,16,19899,19911,12,False,,,
7,49,remote_balanced,U1,second19/phase/16,dram-41-0,sram-20,16,19899,19911,12,False,,,
7,49,remote_balanced,U1,second21/phase/16,dram-43-0,sram-22,16,19899,19911,12,False,,,
7,49,remote_balanced,U1,second22/phase/16,dram-44-0,sram-23,16,19899,19911,12,False,,,
7,49,remote_balanced,U1,second23/phase/16,dram-45-0,sram-24,16,19899,19911,12,False,,,
7,49,remote_balanced,U1,second24/phase/16,dram-46-0,sram-25,16,19899,19911,12,False,,,
7,49,remote_balanced,U1,second25/phase/16,dram-47-0,sram-26,16,19899,19911,12,False,,,
7,49,remote_balanced,U1,second26/phase/16,dram-48-0,sram-27,16,19899,19911,12,False,,,
7,49,remote_balanced,U1,second28/phase/16,dram-1-0,sram-29,16,19899,19911,12,False,,,
7,49,remote_balanced,U1,second29/phase/16,dram-2-0,sram-30,16,19899,19911,12,False,,,
7,49,remote_balanced,U1,second30/phase/16,dram-3-0,sram-31,16,19899,19911,12,False,,,
7,49,remote_balanced,U1,second31/phase/16,dram-4-0,sram-32,16,19899,19911,12,False,,,
7,49,remote_balanced,U1,second32/phase/16,dram-5-0,sram-33,16,19899,19911,12,False,,,
7,49,remote_balanced,U1,second33/phase/16,dram-6-0,sram-34,16,19899,19911,12,False,,,
7,49,remote_balanced,U1,second35/phase/16,dram-8-0,sram-36,16,19899,19911,12,False,,,
7,49,remote_balanced,U1,second36/phase/16,dram-9-0,sram-37,16,19899,19911,12,False,,,
7,49,remote_balanced,U1,second37/phase/16,dram-10-0,sram-38,16,19899,19911,12,False,,,
7,49,remote_balanced,U1,second38/phase/16,dram-11-0,sram-39,16,19899,19911,12,False,,,
7,49,remote_balanced,U1,second39/phase/16,dram-12-0,sram-40,16,19899,19911,12,False,,,
7,49,remote_balanced,U1,second40/phase/16,dram-13-0,sram-41,16,19899,19911,12,False,,,
7,49,remote_balanced,U1,second42/phase/16,dram-15-0,sram-43,16,19899,19911,12,False,,,
7,49,remote_balanced,U1,second43/phase/16,dram-16-0,sram-44,16,19899,19911,12,False,,,
7,49,remote_balanced,U1,second44/phase/16,dram-17-0,sram-45,16,19899,19911,12,False,,,
7,49,remote_balanced,U1,second45/phase/16,dram-18-0,sram-46,16,19899,19911,12,False,,,
7,49,remote_balanced,U1,second46/phase/16,dram-19-0,sram-47,16,19899,19911,12,False,,,
7,49,remote_balanced,U1,second47/phase/16,dram-20-0,sram-48,16,19899,19911,12,False,,,
7,49,remote_balanced,U1,second6/phase/16,dram-28-0,sram-7,16,20031,20043,12,False,,,
7,49,remote_balanced,U1,second13/phase/16,dram-35-0,sram-14,16,20031,20043,12,False,,,
7,49,remote_balanced,U1,second20/phase/16,dram-42-0,sram-21,16,20031,20043,12,False,,,
7,49,remote_balanced,U1,second27/phase/16,dram-0-0,sram-28,16,20031,20043,12,False,,,
7,49,remote_balanced,U1,second34/phase/16,dram-7-0,sram-35,16,20031,20043,12,False,,,
7,49,remote_balanced,U1,second41/phase/16,dram-14-0,sram-42,16,20045,20057,12,False,,,
7,49,remote_balanced,U1,second48/phase/16,dram-21-0,sram-0,16,20154,20166,12,False,,,
7,49,remote_balanced,U1,second0/phase/13,sram-1,dram-22-0,16384,20515,20782,267,True,,,
7,49,remote_balanced,U1,second0/phase/16,dram-22-0,sram-1,16,21584,21596,12,True,,,
7,49,remote_balanced,S,first0/phase/0,sram-0,host-memory,16,0,32,32,False,0,0,1.0
7,49,remote_balanced,S,first1/phase/0,sram-1,dram-22-0,16,0,76,76,False,0,0,4.0
7,49,remote_balanced,S,first2/phase/0,sram-2,dram-23-0,16,0,76,76,False,0,0,4.0
7,49,remote_balanced,S,first3/phase/0,sram-3,dram-24-0,16,0,76,76,False,0,0,4.0
7,49,remote_balanced,S,first4/phase/0,sram-4,dram-25-0,16,0,76,76,False,0,0,4.0
7,49,remote_balanced,S,first5/phase/0,sram-5,dram-26-0,16,0,76,76,False,0,0,4.0
7,49,remote_balanced,S,first6/phase/0,sram-6,dram-27-0,16,0,76,76,False,0,0,4.0
7,49,remote_balanced,S,first7/phase/0,sram-7,dram-28-0,16,0,76,76,False,0,0,4.0
7,49,remote_balanced,S,first8/phase/0,sram-8,dram-29-0,16,0,76,76,False,0,0,4.0
7,49,remote_balanced,S,first9/phase/0,sram-9,dram-30-0,16,0,76,76,False,0,0,4.0
7,49,remote_balanced,S,first10/phase/0,sram-10,dram-31-0,16,0,76,76,False,0,0,4.0
7,49,remote_balanced,S,first11/phase/0,sram-11,dram-32-0,16,0,76,76,False,0,0,4.0
7,49,remote_balanced,S,first12/phase/0,sram-12,dram-33-0,16,0,76,76,False,0,0,4.0
7,49,remote_balanced,S,first13/phase/0,sram-13,dram-34-0,16,0,76,76,False,0,0,4.0
7,49,remote_balanced,S,first14/phase/0,sram-14,dram-35-0,16,0,76,76,False,0,0,4.0
7,49,remote_balanced,S,first15/phase/0,sram-15,dram-36-0,16,0,76,76,False,0,0,4.0
7,49,remote_balanced,S,first16/phase/0,sram-16,dram-37-0,16,0,76,76,False,0,0,4.0
7,49,remote_balanced,S,first17/phase/0,sram-17,dram-38-0,16,0,76,76,False,0,0,4.0
7,49,remote_balanced,S,first18/phase/0,sram-18,dram-39-0,16,0,76,76,False,0,0,4.0
7,49,remote_balanced,S,first19/phase/0,sram-19,dram-40-0,16,0,76,76,False,0,0,4.0
7,49,remote_balanced,S,first20/phase/0,sram-20,dram-41-0,16,0,76,76,False,0,0,4.0
7,49,remote_balanced,S,first21/phase/0,sram-21,dram-42-0,16,0,76,76,True,0,0,4.0
7,49,remote_balanced,S,first22/phase/0,sram-22,dram-43-0,16,0,76,76,False,0,0,4.0
7,49,remote_balanced,S,first23/phase/0,sram-23,dram-44-0,16,0,76,76,False,0,0,4.0
7,49,remote_balanced,S,first24/phase/0,sram-24,dram-45-0,16,0,76,76,False,0,0,4.0
7,49,remote_balanced,S,first25/phase/0,sram-25,dram-46-0,16,0,76,76,False,0,0,4.0
7,49,remote_balanced,S,first26/phase/0,sram-26,dram-47-0,16,0,76,76,False,0,0,4.0
7,49,remote_balanced,S,first27/phase/0,sram-27,dram-48-0,16,0,76,76,False,0,0,4.0
7,49,remote_balanced,S,first28/phase/0,sram-28,dram-0-0,16,0,97,97,False,0,0,5.0
7,49,remote_balanced,S,first29/phase/0,sram-29,dram-1-0,16,0,97,97,False,0,0,5.0
7,49,remote_balanced,S,first30/phase/0,sram-30,dram-2-0,16,0,97,97,False,0,0,5.0
7,49,remote_balanced,S,first31/phase/0,sram-31,dram-3-0,16,0,97,97,False,0,0,5.0
7,49,remote_balanced,S,first32/phase/0,sram-32,dram-4-0,16,0,97,97,False,0,0,5.0
7,49,remote_balanced,S,first33/phase/0,sram-33,dram-5-0,16,0,97,97,False,0,0,5.0
7,49,remote_balanced,S,first34/phase/0,sram-34,dram-6-0,16,0,97,97,False,0,0,5.0
7,49,remote_balanced,S,first35/phase/0,sram-35,dram-7-0,16,0,97,97,False,0,0,5.0
7,49,remote_balanced,S,first36/phase/0,sram-36,dram-8-0,16,0,97,97,False,0,0,5.0
7,49,remote_balanced,S,first37/phase/0,sram-37,dram-9-0,16,0,97,97,False,0,0,5.0
7,49,remote_balanced,S,first38/phase/0,sram-38,dram-10-0,16,0,97,97,False,0,0,5.0
7,49,remote_balanced,S,first39/phase/0,sram-39,dram-11-0,16,0,97,97,False,0,0,5.0
7,49,remote_balanced,S,first40/phase/0,sram-40,dram-12-0,16,0,97,97,False,0,0,5.0
7,49,remote_balanced,S,first41/phase/0,sram-41,dram-13-0,16,0,97,97,False,0,0,5.0
7,49,remote_balanced,S,first42/phase/0,sram-42,dram-14-0,16,0,97,97,False,0,0,5.0
7,49,remote_balanced,S,first43/phase/0,sram-43,dram-15-0,16,0,97,97,False,0,0,5.0
7,49,remote_balanced,S,first44/phase/0,sram-44,dram-16-0,16,0,97,97,False,0,0,5.0
7,49,remote_balanced,S,first45/phase/0,sram-45,dram-17-0,16,0,97,97,False,0,0,5.0
7,49,remote_balanced,S,first46/phase/0,sram-46,dram-18-0,16,0,97,97,False,0,0,5.0
7,49,remote_balanced,S,first47/phase/0,sram-47,dram-19-0,16,0,97,97,False,0,0,5.0
7,49,remote_balanced,S,first48/phase/0,sram-48,dram-20-0,16,0,97,97,False,0,0,5.0
7,49,remote_balanced,S,first0/phase/4,host-memory,sram-0,16384,888,1430,542,False,0,451,1.0
7,49,remote_balanced,S,first0/phase/6,sram-0,dram-21-0,16,1686,1762,76,False,0,0,4.0
7,49,remote_balanced,S,first1/phase/4,dram-22-0,sram-1,65536,3182,7332,4150,False,0,3828,4.0
7,49,remote_balanced,S,first2/phase/4,dram-23-0,sram-2,65536,3182,7332,4150,False,0,3828,4.0
7,49,remote_balanced,S,first3/phase/4,dram-24-0,sram-3,65536,3182,7332,4150,False,0,3828,4.0
7,49,remote_balanced,S,first4/phase/4,dram-25-0,sram-4,65536,3182,7332,4150,False,0,3828,4.0
7,49,remote_balanced,S,first5/phase/4,dram-26-0,sram-5,65536,3182,7332,4150,False,0,3828,4.0
7,49,remote_balanced,S,first6/phase/4,dram-27-0,sram-6,65536,3182,7332,4150,False,0,3828,4.0
7,49,remote_balanced,S,first7/phase/4,dram-28-0,sram-7,65536,3182,8536,5354,False,0,4847,4.0
7,49,remote_balanced,S,first8/phase/4,dram-29-0,sram-8,65536,3182,8704,5522,False,0,5176,4.0
7,49,remote_balanced,S,first9/phase/4,dram-30-0,sram-9,65536,3182,8704,5522,False,0,5176,4.0
7,49,remote_balanced,S,first10/phase/4,dram-31-0,sram-10,65536,3182,8704,5522,False,0,5176,4.0
7,49,remote_balanced,S,first11/phase/4,dram-32-0,sram-11,65536,3182,8704,5522,False,0,5176,4.0
7,49,remote_balanced,S,first12/phase/4,dram-33-0,sram-12,65536,3182,8704,5522,False,0,5176,4.0
7,49,remote_balanced,S,first13/phase/4,dram-34-0,sram-13,65536,3182,8704,5522,False,0,5176,4.0
7,49,remote_balanced,S,first14/phase/4,dram-35-0,sram-14,65536,3182,10561,7379,False,0,7009,4.0
7,49,remote_balanced,S,first15/phase/4,dram-36-0,sram-15,65536,3182,10730,7548,False,0,7178,4.0
7,49,remote_balanced,S,first16/phase/4,dram-37-0,sram-16,65536,3182,10730,7548,False,0,7178,4.0
7,49,remote_balanced,S,first17/phase/4,dram-38-0,sram-17,65536,3182,10730,7548,False,0,7178,4.0
7,49,remote_balanced,S,first18/phase/4,dram-39-0,sram-18,65536,3182,10730,7548,False,0,7178,4.0
7,49,remote_balanced,S,first19/phase/4,dram-40-0,sram-19,65536,3182,10730,7548,False,0,7178,4.0
7,49,remote_balanced,S,first20/phase/4,dram-41-0,sram-20,65536,3182,10730,7548,False,0,7178,4.0
7,49,remote_balanced,S,first21/phase/4,dram-42-0,sram-21,65536,3182,10562,7380,True,0,6941,4.0
7,49,remote_balanced,S,first22/phase/4,dram-43-0,sram-22,65536,3182,10731,7549,False,0,7110,4.0
7,49,remote_balanced,S,first23/phase/4,dram-44-0,sram-23,65536,3182,10731,7549,False,0,7110,4.0
7,49,remote_balanced,S,first24/phase/4,dram-45-0,sram-24,65536,3182,10731,7549,False,0,7110,4.0
7,49,remote_balanced,S,first25/phase/4,dram-46-0,sram-25,65536,3182,10731,7549,False,0,7110,4.0
7,49,remote_balanced,S,first26/phase/4,dram-47-0,sram-26,65536,3182,10731,7549,False,0,7110,4.0
7,49,remote_balanced,S,first27/phase/4,dram-48-0,sram-27,65536,3182,10731,7549,False,0,7110,4.0
7,49,remote_balanced,S,first28/phase/4,dram-0-0,sram-28,65536,3203,9401,6198,False,0,5762,5.0
7,49,remote_balanced,S,first29/phase/4,dram-1-0,sram-29,65536,3203,9401,6198,False,0,5762,5.0
7,49,remote_balanced,S,first30/phase/4,dram-2-0,sram-30,65536,3203,9401,6198,False,0,5762,5.0
7,49,remote_balanced,S,first31/phase/4,dram-3-0,sram-31,65536,3203,9401,6198,False,0,5762,5.0
7,49,remote_balanced,S,first32/phase/4,dram-4-0,sram-32,65536,3203,9401,6198,False,0,5762,5.0
7,49,remote_balanced,S,first33/phase/4,dram-5-0,sram-33,65536,3203,9401,6198,False,0,5762,5.0
7,49,remote_balanced,S,first34/phase/4,dram-6-0,sram-34,65536,3203,9401,6198,False,0,5762,5.0
7,49,remote_balanced,S,first35/phase/4,dram-7-0,sram-35,65536,3203,9400,6197,False,0,5830,5.0
7,49,remote_balanced,S,first36/phase/4,dram-8-0,sram-36,65536,3203,9401,6198,False,0,5830,5.0
7,49,remote_balanced,S,first37/phase/4,dram-9-0,sram-37,65536,3203,9401,6198,False,0,5830,5.0
7,49,remote_balanced,S,first38/phase/4,dram-10-0,sram-38,65536,3203,9401,6198,False,0,5830,5.0
7,49,remote_balanced,S,first39/phase/4,dram-11-0,sram-39,65536,3203,9401,6198,False,0,5830,5.0
7,49,remote_balanced,S,first40/phase/4,dram-12-0,sram-40,65536,3203,9401,6198,False,0,5830,5.0
7,49,remote_balanced,S,first41/phase/4,dram-13-0,sram-41,65536,3203,9401,6198,False,0,5830,5.0
7,49,remote_balanced,S,first42/phase/4,dram-14-0,sram-42,65536,3203,7374,4171,False,0,3828,5.0
7,49,remote_balanced,S,first43/phase/4,dram-15-0,sram-43,65536,3203,7375,4172,False,0,3828,5.0
7,49,remote_balanced,S,first44/phase/4,dram-16-0,sram-44,65536,3203,7375,4172,False,0,3828,5.0
7,49,remote_balanced,S,first45/phase/4,dram-17-0,sram-45,65536,3203,7375,4172,False,0,3828,5.0
7,49,remote_balanced,S,first46/phase/4,dram-18-0,sram-46,65536,3203,7375,4172,False,0,3828,5.0
7,49,remote_balanced,S,first47/phase/4,dram-19-0,sram-47,65536,3203,7375,4172,False,0,3828,5.0
7,49,remote_balanced,S,first48/phase/4,dram-20-0,sram-48,65536,3203,7375,4172,False,0,3828,5.0
7,49,remote_balanced,S,first0/phase/10,dram-21-0,sram-0,65536,4868,9040,4172,False,0,3849,4.0
7,49,remote_balanced,S,second1/phase/1,sram-1,sram-2,16384,12196,12736,540,False,0,451,1.0
7,49,remote_balanced,S,second2/phase/1,sram-2,sram-3,16384,12196,12736,540,False,0,451,1.0
7,49,remote_balanced,S,second3/phase/1,sram-3,sram-4,16384,12196,12736,540,False,0,451,1.0
7,49,remote_balanced,S,second4/phase/1,sram-4,sram-5,16384,12196,12736,540,False,0,451,1.0
7,49,remote_balanced,S,second5/phase/1,sram-5,sram-6,16384,12196,12736,540,False,0,451,1.0
7,49,remote_balanced,S,second6/phase/1,sram-6,sram-7,16384,12196,12861,665,False,0,451,7.0
7,49,remote_balanced,S,second42/phase/1,sram-42,sram-43,16384,12238,12777,539,False,0,451,1.0
7,49,remote_balanced,S,second43/phase/1,sram-43,sram-44,16384,12239,12779,540,False,0,451,1.0
7,49,remote_balanced,S,second44/phase/1,sram-44,sram-45,16384,12239,12779,540,False,0,451,1.0
7,49,remote_balanced,S,second45/phase/1,sram-45,sram-46,16384,12239,12779,540,False,0,451,1.0
7,49,remote_balanced,S,second46/phase/1,sram-46,sram-47,16384,12239,12779,540,False,0,451,1.0
7,49,remote_balanced,S,second47/phase/1,sram-47,sram-48,16384,12239,12779,540,False,0,451,1.0
7,49,remote_balanced,S,second48/phase/1,sram-48,sram-0,16384,12239,13015,776,False,0,451,12.0
7,49,remote_balanced,S,second1/phase/3,sram-2,dram-23-1,16,12992,13068,76,False,0,0,4.0
7,49,remote_balanced,S,second2/phase/3,sram-3,dram-24-1,16,12992,13068,76,False,0,0,4.0
7,49,remote_balanced,S,second3/phase/3,sram-4,dram-25-1,16,12992,13068,76,False,0,0,4.0
7,49,remote_balanced,S,second4/phase/3,sram-5,dram-26-1,16,12992,13068,76,False,0,0,4.0
7,49,remote_balanced,S,second5/phase/3,sram-6,dram-27-1,16,12992,13068,76,False,0,0,4.0
7,49,remote_balanced,S,second42/phase/3,sram-43,dram-15-1,16,13033,13130,97,False,0,0,5.0
7,49,remote_balanced,S,second43/phase/3,sram-44,dram-16-1,16,13035,13132,97,False,0,0,5.0
7,49,remote_balanced,S,second44/phase/3,sram-45,dram-17-1,16,13035,13132,97,False,0,0,5.0
7,49,remote_balanced,S,second45/phase/3,sram-46,dram-18-1,16,13035,13132,97,False,0,0,5.0
7,49,remote_balanced,S,second46/phase/3,sram-47,dram-19-1,16,13035,13132,97,False,0,0,5.0
7,49,remote_balanced,S,second47/phase/3,sram-48,dram-20-1,16,13035,13132,97,False,0,0,5.0
7,49,remote_balanced,S,second6/phase/3,sram-7,dram-28-1,16,13117,13193,76,False,0,0,4.0
7,49,remote_balanced,S,second48/phase/3,sram-0,dram-21-1,16,13271,13347,76,False,0,0,4.0
7,49,remote_balanced,S,second8/phase/1,sram-8,sram-9,16384,13568,14108,540,False,0,451,1.0
7,49,remote_balanced,S,second9/phase/1,sram-9,sram-10,16384,13568,14108,540,False,0,451,1.0
7,49,remote_balanced,S,second10/phase/1,sram-10,sram-11,16384,13568,14108,540,False,0,451,1.0
7,49,remote_balanced,S,second11/phase/1,sram-11,sram-12,16384,13568,14108,540,False,0,451,1.0
7,49,remote_balanced,S,second12/phase/1,sram-12,sram-13,16384,13568,14108,540,False,0,451,1.0
7,49,remote_balanced,S,second13/phase/1,sram-13,sram-14,16384,13568,14233,665,False,0,451,7.0
7,49,remote_balanced,S,second7/phase/1,sram-7,sram-8,16384,13629,14168,539,False,0,451,1.0
7,49,remote_balanced,S,second0/phase/1,sram-0,sram-1,16384,13904,14443,539,False,0,451,1.0
7,49,remote_balanced,S,second35/phase/1,sram-35,sram-36,16384,14264,14803,539,False,0,451,1.0
7,49,remote_balanced,S,second28/phase/1,sram-28,sram-29,16384,14265,14805,540,False,0,451,1.0
7,49,remote_balanced,S,second29/phase/1,sram-29,sram-30,16384,14265,14805,540,False,0,451,1.0
7,49,remote_balanced,S,second30/phase/1,sram-30,sram-31,16384,14265,14805,540,False,0,451,1.0
7,49,remote_balanced,S,second31/phase/1,sram-31,sram-32,16384,14265,14805,540,False,0,451,1.0
7,49,remote_balanced,S,second32/phase/1,sram-32,sram-33,16384,14265,14805,540,False,0,451,1.0
7,49,remote_balanced,S,second33/phase/1,sram-33,sram-34,16384,14265,14805,540,False,0,451,1.0
7,49,remote_balanced,S,second34/phase/1,sram-34,sram-35,16384,14265,14936,671,False,0,451,7.0
7,49,remote_balanced,S,second36/phase/1,sram-36,sram-37,16384,14265,14805,540,False,0,451,1.0
7,49,remote_balanced,S,second37/phase/1,sram-37,sram-38,16384,14265,14805,540,False,0,451,1.0
7,49,remote_balanced,S,second38/phase/1,sram-38,sram-39,16384,14265,14805,540,False,0,451,1.0
7,49,remote_balanced,S,second39/phase/1,sram-39,sram-40,16384,14265,14805,540,False,0,451,1.0
7,49,remote_balanced,S,second40/phase/1,sram-40,sram-41,16384,14265,14805,540,False,0,451,1.0
7,49,remote_balanced,S,second41/phase/1,sram-41,sram-42,16384,14265,14930,665,False,0,451,7.0
7,49,remote_balanced,S,second8/phase/3,sram-9,dram-30-1,16,14364,14440,76,False,0,0,4.0
7,49,remote_balanced,S,second9/phase/3,sram-10,dram-31-1,16,14364,14440,76,False,0,0,4.0
7,49,remote_balanced,S,second10/phase/3,sram-11,dram-32-1,16,14364,14440,76,False,0,0,4.0
7,49,remote_balanced,S,second11/phase/3,sram-12,dram-33-1,16,14364,14440,76,False,0,0,4.0
7,49,remote_balanced,S,second12/phase/3,sram-13,dram-34-1,16,14364,14440,76,False,0,0,4.0
7,49,remote_balanced,S,second7/phase/3,sram-8,dram-29-1,16,14424,14500,76,False,0,0,4.0
7,49,remote_balanced,S,second13/phase/3,sram-14,dram-35-1,16,14489,14565,76,False,0,0,4.0
7,49,remote_balanced,S,second0/phase/3,sram-1,dram-22-1,16,14699,14775,76,False,0,0,4.0
7,49,remote_balanced,S,second35/phase/3,sram-36,dram-8-1,16,15059,15156,97,False,0,0,5.0
7,49,remote_balanced,S,second28/phase/3,sram-29,dram-1-1,16,15061,15158,97,False,0,0,5.0
7,49,remote_balanced,S,second29/phase/3,sram-30,dram-2-1,16,15061,15158,97,False,0,0,5.0
7,49,remote_balanced,S,second30/phase/3,sram-31,dram-3-1,16,15061,15158,97,False,0,0,5.0
7,49,remote_balanced,S,second31/phase/3,sram-32,dram-4-1,16,15061,15158,97,False,0,0,5.0
7,49,remote_balanced,S,second32/phase/3,sram-33,dram-5-1,16,15061,15158,97,False,0,0,5.0
7,49,remote_balanced,S,second33/phase/3,sram-34,dram-6-1,16,15061,15158,97,False,0,0,5.0
7,49,remote_balanced,S,second36/phase/3,sram-37,dram-9-1,16,15061,15158,97,False,0,0,5.0
7,49,remote_balanced,S,second37/phase/3,sram-38,dram-10-1,16,15061,15158,97,False,0,0,5.0
7,49,remote_balanced,S,second38/phase/3,sram-39,dram-11-1,16,15061,15158,97,False,0,0,5.0
7,49,remote_balanced,S,second39/phase/3,sram-40,dram-12-1,16,15061,15158,97,False,0,0,5.0
7,49,remote_balanced,S,second40/phase/3,sram-41,dram-13-1,16,15061,15158,97,False,0,0,5.0
7,49,remote_balanced,S,second41/phase/3,sram-42,dram-14-1,16,15186,15283,97,False,0,0,5.0
7,49,remote_balanced,S,second34/phase/3,sram-35,dram-7-1,16,15192,15289,97,False,0,0,5.0
7,49,remote_balanced,S,second14/phase/1,sram-14,sram-15,16384,15425,15964,539,False,0,451,1.0
7,49,remote_balanced,S,second21/phase/1,sram-21,sram-22,16384,15426,15965,539,True,0,451,1.0
7,49,remote_balanced,S,second15/phase/1,sram-15,sram-16,16384,15594,16134,540,False,0,451,1.0
7,49,remote_balanced,S,second16/phase/1,sram-16,sram-17,16384,15594,16134,540,False,0,451,1.0
7,49,remote_balanced,S,second17/phase/1,sram-17,sram-18,16384,15594,16134,540,False,0,451,1.0
7,49,remote_balanced,S,second18/phase/1,sram-18,sram-19,16384,15594,16134,540,False,0,451,1.0
7,49,remote_balanced,S,second19/phase/1,sram-19,sram-20,16384,15594,16134,540,False,0,451,1.0
7,49,remote_balanced,S,second20/phase/1,sram-20,sram-21,16384,15594,16264,670,False,0,451,7.0
7,49,remote_balanced,S,second22/phase/1,sram-22,sram-23,16384,15595,16135,540,False,0,451,1.0
7,49,remote_balanced,S,second23/phase/1,sram-23,sram-24,16384,15595,16135,540,False,0,451,1.0
7,49,remote_balanced,S,second24/phase/1,sram-24,sram-25,16384,15595,16135,540,False,0,451,1.0
7,49,remote_balanced,S,second25/phase/1,sram-25,sram-26,16384,15595,16135,540,False,0,451,1.0
7,49,remote_balanced,S,second26/phase/1,sram-26,sram-27,16384,15595,16135,540,False,0,451,1.0
7,49,remote_balanced,S,second27/phase/1,sram-27,sram-28,16384,15595,16260,665,False,0,451,7.0
7,49,remote_balanced,S,second1/phase/7,dram-23-1,sram-2,65536,16174,18951,2777,False,0,2456,4.0
7,49,remote_balanced,S,second2/phase/7,dram-24-1,sram-3,65536,16174,18951,2777,False,0,2456,4.0
7,49,remote_balanced,S,second3/phase/7,dram-25-1,sram-4,65536,16174,18951,2777,False,0,2456,4.0
7,49,remote_balanced,S,second4/phase/7,dram-26-1,sram-5,65536,16174,18951,2777,False,0,2456,4.0
7,49,remote_balanced,S,second5/phase/7,dram-27-1,sram-6,65536,16174,18951,2777,False,0,2456,4.0
7,49,remote_balanced,S,second14/phase/3,sram-15,dram-36-1,16,16220,16296,76,False,0,0,4.0
7,49,remote_balanced,S,second21/phase/3,sram-22,dram-43-1,16,16221,16297,76,True,0,0,4.0
7,49,remote_balanced,S,second42/phase/7,dram-15-1,sram-43,65536,16236,18379,2143,False,0,1987,5.0
7,49,remote_balanced,S,second43/phase/7,dram-16-1,sram-44,65536,16238,18388,2150,False,0,1987,5.0
7,49,remote_balanced,S,second44/phase/7,dram-17-1,sram-45,65536,16238,18388,2150,False,0,1987,5.0
7,49,remote_balanced,S,second45/phase/7,dram-18-1,sram-46,65536,16238,18388,2150,False,0,1987,5.0
7,49,remote_balanced,S,second46/phase/7,dram-19-1,sram-47,65536,16238,18388,2150,False,0,1987,5.0
7,49,remote_balanced,S,second47/phase/7,dram-20-1,sram-48,65536,16238,18388,2150,False,0,1987,5.0
7,49,remote_balanced,S,second6/phase/7,dram-28-1,sram-7,65536,16299,21635,5336,False,0,4991,4.0
7,49,remote_balanced,S,second15/phase/3,sram-16,dram-37-1,16,16390,16470,80,False,0,0,4.0
7,49,remote_balanced,S,second16/phase/3,sram-17,dram-38-1,16,16390,16470,80,False,0,0,4.0
7,49,remote_balanced,S,second17/phase/3,sram-18,dram-39-1,16,16390,16470,80,False,0,0,4.0
7,49,remote_balanced,S,second18/phase/3,sram-19,dram-40-1,16,16390,16470,80,False,0,0,4.0
7,49,remote_balanced,S,second19/phase/3,sram-20,dram-41-1,16,16390,16470,80,False,0,0,4.0
7,49,remote_balanced,S,second22/phase/3,sram-23,dram-44-1,16,16391,16467,76,False,0,0,4.0
7,49,remote_balanced,S,second23/phase/3,sram-24,dram-45-1,16,16391,16467,76,False,0,0,4.0
7,49,remote_balanced,S,second24/phase/3,sram-25,dram-46-1,16,16391,16467,76,False,0,0,4.0
7,49,remote_balanced,S,second25/phase/3,sram-26,dram-47-1,16,16391,16467,76,False,0,0,4.0
7,49,remote_balanced,S,second26/phase/3,sram-27,dram-48-1,16,16391,16467,76,False,0,0,4.0
7,49,remote_balanced,S,second48/phase/7,dram-21-1,sram-0,65536,16453,20624,4171,False,0,3849,4.0
7,49,remote_balanced,S,second27/phase/3,sram-28,dram-0-1,16,16516,16693,177,False,0,0,5.0
7,49,remote_balanced,S,second20/phase/3,sram-21,dram-42-1,16,16520,16597,77,False,0,0,4.0
7,49,remote_balanced,S,second8/phase/7,dram-30-1,sram-9,65536,17546,20949,3403,False,0,3058,4.0
7,49,remote_balanced,S,second9/phase/7,dram-31-1,sram-10,65536,17546,20949,3403,False,0,3058,4.0
7,49,remote_balanced,S,second10/phase/7,dram-32-1,sram-11,65536,17546,20949,3403,False,0,3058,4.0
7,49,remote_balanced,S,second11/phase/7,dram-33-1,sram-12,65536,17546,20949,3403,False,0,3058,4.0
7,49,remote_balanced,S,second12/phase/7,dram-34-1,sram-13,65536,17546,20949,3403,False,0,3058,4.0
7,49,remote_balanced,S,second7/phase/7,dram-29-1,sram-8,65536,17606,22350,4744,False,0,4399,4.0
7,49,remote_balanced,S,second13/phase/7,dram-35-1,sram-14,65536,17671,23898,6227,False,0,5857,4.0
7,49,remote_balanced,S,second0/phase/7,dram-22-1,sram-1,65536,17881,22049,4168,False,0,3848,4.0
7,49,remote_balanced,S,second35/phase/7,dram-8-1,sram-36,65536,18262,22430,4168,False,0,3826,5.0
7,49,remote_balanced,S,second28/phase/7,dram-1-1,sram-29,65536,18264,22433,4169,False,0,3760,5.0
7,49,remote_balanced,S,second29/phase/7,dram-2-1,sram-30,65536,18264,22440,4176,False,0,3760,5.0
7,49,remote_balanced,S,second30/phase/7,dram-3-1,sram-31,65536,18264,22440,4176,False,0,3760,5.0
7,49,remote_balanced,S,second31/phase/7,dram-4-1,sram-32,65536,18264,22440,4176,False,0,3760,5.0
7,49,remote_balanced,S,second32/phase/7,dram-5-1,sram-33,65536,18264,22440,4176,False,0,3760,5.0
7,49,remote_balanced,S,second33/phase/7,dram-6-1,sram-34,65536,18264,22440,4176,False,0,3760,5.0
7,49,remote_balanced,S,second36/phase/7,dram-9-1,sram-37,65536,18264,22439,4175,False,0,3828,5.0
7,49,remote_balanced,S,second37/phase/7,dram-10-1,sram-38,65536,18264,22439,4175,False,0,3828,5.0
7,49,remote_balanced,S,second38/phase/7,dram-11-1,sram-39,65536,18264,22439,4175,False,0,3828,5.0
7,49,remote_balanced,S,second39/phase/7,dram-12-1,sram-40,65536,18264,22439,4175,False,0,3828,5.0
7,49,remote_balanced,S,second40/phase/7,dram-13-1,sram-41,65536,18264,22439,4175,False,0,3828,5.0
7,49,remote_balanced,S,second41/phase/7,dram-14-1,sram-42,65536,18389,22555,4166,False,0,3822,5.0
7,49,remote_balanced,S,second34/phase/7,dram-7-1,sram-35,65536,18395,23851,5456,False,0,5088,5.0
7,49,remote_balanced,S,second14/phase/7,dram-36-1,sram-15,65536,19402,25437,6035,False,0,5665,4.0
7,49,remote_balanced,S,second21/phase/7,dram-43-1,sram-22,65536,19403,25950,6547,True,0,6280,4.0
7,49,remote_balanced,S,second22/phase/7,dram-44-1,sram-23,65536,19573,24843,5270,False,0,4875,4.0
7,49,remote_balanced,S,second23/phase/7,dram-45-1,sram-24,65536,19573,24843,5270,False,0,4875,4.0
7,49,remote_balanced,S,second24/phase/7,dram-46-1,sram-25,65536,19573,24843,5270,False,0,4875,4.0
7,49,remote_balanced,S,second25/phase/7,dram-47-1,sram-26,65536,19573,24843,5270,False,0,4875,4.0
7,49,remote_balanced,S,second26/phase/7,dram-48-1,sram-27,65536,19573,24843,5270,False,0,4875,4.0
7,49,remote_balanced,S,second15/phase/7,dram-37-1,sram-16,65536,19576,24380,4804,False,0,4434,4.0
7,49,remote_balanced,S,second16/phase/7,dram-38-1,sram-17,65536,19576,24380,4804,False,0,4434,4.0
7,49,remote_balanced,S,second17/phase/7,dram-39-1,sram-18,65536,19576,24380,4804,False,0,4434,4.0
7,49,remote_balanced,S,second18/phase/7,dram-40-1,sram-19,65536,19576,24380,4804,False,0,4434,4.0
7,49,remote_balanced,S,second19/phase/7,dram-41-1,sram-20,65536,19576,24380,4804,False,0,4434,4.0
7,49,remote_balanced,S,second20/phase/7,dram-42-1,sram-21,65536,19703,24447,4744,False,0,4477,4.0
7,49,remote_balanced,S,second27/phase/7,dram-0-1,sram-28,65536,19799,24587,4788,False,0,4524,5.0
7,49,remote_balanced,S,second42/phase/13,sram-43,dram-15-0,16384,23243,25484,2241,False,0,1794,5.0
7,49,remote_balanced,S,second43/phase/13,sram-44,dram-16-0,16384,23252,24915,1663,False,0,1412,5.0
7,49,remote_balanced,S,second44/phase/13,sram-45,dram-17-0,16384,23252,24915,1663,False,0,1412,5.0
7,49,remote_balanced,S,second45/phase/13,sram-46,dram-18-0,16384,23252,24915,1663,False,0,1412,5.0
7,49,remote_balanced,S,second46/phase/13,sram-47,dram-19-0,16384,23252,24915,1663,False,0,1412,5.0
7,49,remote_balanced,S,second47/phase/13,sram-48,dram-20-0,16384,23252,24915,1663,False,0,1412,5.0
7,49,remote_balanced,S,second1/phase/13,sram-2,dram-23-0,16384,23815,24402,587,False,0,451,4.0
7,49,remote_balanced,S,second2/phase/13,sram-3,dram-24-0,16384,23815,24402,587,False,0,451,4.0
7,49,remote_balanced,S,second3/phase/13,sram-4,dram-25-0,16384,23815,24402,587,False,0,451,4.0
7,49,remote_balanced,S,second4/phase/13,sram-5,dram-26-0,16384,23815,24402,587,False,0,451,4.0
7,49,remote_balanced,S,second5/phase/13,sram-6,dram-27-0,16384,23815,24402,587,False,0,451,4.0
7,49,remote_balanced,S,second1/phase/16,dram-23-0,sram-2,16,25204,25280,76,False,0,0,4.0
7,49,remote_balanced,S,second2/phase/16,dram-24-0,sram-3,16,25204,25280,76,False,0,0,4.0
7,49,remote_balanced,S,second3/phase/16,dram-25-0,sram-4,16,25204,25280,76,False,0,0,4.0
7,49,remote_balanced,S,second4/phase/16,dram-26-0,sram-5,16,25204,25280,76,False,0,0,4.0
7,49,remote_balanced,S,second5/phase/16,dram-27-0,sram-6,16,25204,25280,76,False,0,0,4.0
7,49,remote_balanced,S,second48/phase/13,sram-0,dram-21-0,16384,25488,26074,586,False,0,451,4.0
7,49,remote_balanced,S,second43/phase/16,dram-16-0,sram-44,16,25717,25814,97,False,0,0,5.0
7,49,remote_balanced,S,second44/phase/16,dram-17-0,sram-45,16,25717,25814,97,False,0,0,5.0
7,49,remote_balanced,S,second45/phase/16,dram-18-0,sram-46,16,25717,25814,97,False,0,0,5.0
7,49,remote_balanced,S,second46/phase/16,dram-19-0,sram-47,16,25717,25814,97,False,0,0,5.0
7,49,remote_balanced,S,second47/phase/16,dram-20-0,sram-48,16,25717,25814,97,False,0,0,5.0
7,49,remote_balanced,S,second8/phase/13,sram-9,dram-30-0,16384,25813,26399,586,False,0,451,4.0
7,49,remote_balanced,S,second9/phase/13,sram-10,dram-31-0,16384,25813,26399,586,False,0,451,4.0
7,49,remote_balanced,S,second10/phase/13,sram-11,dram-32-0,16384,25813,26399,586,False,0,451,4.0
7,49,remote_balanced,S,second11/phase/13,sram-12,dram-33-0,16384,25813,26399,586,False,0,451,4.0
7,49,remote_balanced,S,second12/phase/13,sram-13,dram-34-0,16384,25813,26399,586,False,0,451,4.0
7,49,remote_balanced,S,second42/phase/16,dram-15-0,sram-43,16,26286,26383,97,False,0,0,5.0
7,49,remote_balanced,S,second6/phase/13,sram-7,dram-28-0,16384,26499,27085,586,False,0,451,4.0
7,49,remote_balanced,S,second48/phase/16,dram-21-0,sram-0,16,26876,26952,76,False,0,0,4.0
7,49,remote_balanced,S,second0/phase/13,sram-1,dram-22-0,16384,26913,27731,818,False,0,530,4.0
7,49,remote_balanced,S,second8/phase/16,dram-30-0,sram-9,16,27201,27277,76,False,0,0,4.0
7,49,remote_balanced,S,second9/phase/16,dram-31-0,sram-10,16,27201,27277,76,False,0,0,4.0
7,49,remote_balanced,S,second10/phase/16,dram-32-0,sram-11,16,27201,27277,76,False,0,0,4.0
7,49,remote_balanced,S,second11/phase/16,dram-33-0,sram-12,16,27201,27277,76,False,0,0,4.0
7,49,remote_balanced,S,second12/phase/16,dram-34-0,sram-13,16,27201,27277,76,False,0,0,4.0
7,49,remote_balanced,S,second7/phase/13,sram-8,dram-29-0,16384,27214,28032,818,False,0,683,4.0
7,49,remote_balanced,S,second35/phase/13,sram-36,dram-8-0,16384,27294,28395,1101,False,0,808,5.0
7,49,remote_balanced,S,second28/phase/13,sram-29,dram-1-0,16384,27297,28398,1101,False,0,881,5.0
7,49,remote_balanced,S,second36/phase/13,sram-37,dram-9-0,16384,27303,28402,1099,False,0,808,5.0
7,49,remote_balanced,S,second37/phase/13,sram-38,dram-10-0,16384,27303,28402,1099,False,0,808,5.0
7,49,remote_balanced,S,second38/phase/13,sram-39,dram-11-0,16384,27303,28402,1099,False,0,808,5.0
7,49,remote_balanced,S,second39/phase/13,sram-40,dram-12-0,16384,27303,28402,1099,False,0,808,5.0
7,49,remote_balanced,S,second40/phase/13,sram-41,dram-13-0,16384,27303,28402,1099,False,0,808,5.0
7,49,remote_balanced,S,second29/phase/13,sram-30,dram-2-0,16384,27304,28403,1099,False,0,879,5.0
7,49,remote_balanced,S,second30/phase/13,sram-31,dram-3-0,16384,27304,28403,1099,False,0,879,5.0
7,49,remote_balanced,S,second31/phase/13,sram-32,dram-4-0,16384,27304,28403,1099,False,0,879,5.0
7,49,remote_balanced,S,second32/phase/13,sram-33,dram-5-0,16384,27304,28403,1099,False,0,879,5.0
7,49,remote_balanced,S,second33/phase/13,sram-34,dram-6-0,16384,27304,28403,1099,False,0,879,5.0
7,49,remote_balanced,S,second41/phase/13,sram-42,dram-14-0,16384,27419,28028,609,False,0,451,5.0
7,49,remote_balanced,S,second6/phase/16,dram-28-0,sram-7,16,27887,27964,77,False,0,0,4.0
7,49,remote_balanced,S,second0/phase/16,dram-22-0,sram-1,16,28533,28609,76,False,0,0,4.0
7,49,remote_balanced,S,second34/phase/13,sram-35,dram-7-0,16384,28715,29322,607,False,0,451,5.0
7,49,remote_balanced,S,second13/phase/13,sram-14,dram-35-0,16384,28762,29350,588,False,0,453,4.0
7,49,remote_balanced,S,second41/phase/16,dram-14-0,sram-42,16,28830,28928,98,False,0,0,5.0
7,49,remote_balanced,S,second7/phase/16,dram-29-0,sram-8,16,28834,28910,76,False,0,0,4.0
7,49,remote_balanced,S,second35/phase/16,dram-8-0,sram-36,16,29197,29294,97,False,0,0,5.0
7,49,remote_balanced,S,second28/phase/16,dram-1-0,sram-29,16,29200,29297,97,False,0,0,5.0
7,49,remote_balanced,S,second36/phase/16,dram-9-0,sram-37,16,29204,29301,97,False,0,0,5.0
7,49,remote_balanced,S,second37/phase/16,dram-10-0,sram-38,16,29204,29301,97,False,0,0,5.0
7,49,remote_balanced,S,second38/phase/16,dram-11-0,sram-39,16,29204,29301,97,False,0,0,5.0
7,49,remote_balanced,S,second39/phase/16,dram-12-0,sram-40,16,29204,29301,97,False,0,0,5.0
7,49,remote_balanced,S,second40/phase/16,dram-13-0,sram-41,16,29204,29301,97,False,0,0,5.0
7,49,remote_balanced,S,second29/phase/16,dram-2-0,sram-30,16,29205,29302,97,False,0,0,5.0
7,49,remote_balanced,S,second30/phase/16,dram-3-0,sram-31,16,29205,29302,97,False,0,0,5.0
7,49,remote_balanced,S,second31/phase/16,dram-4-0,sram-32,16,29205,29302,97,False,0,0,5.0
7,49,remote_balanced,S,second32/phase/16,dram-5-0,sram-33,16,29205,29302,97,False,0,0,5.0
7,49,remote_balanced,S,second33/phase/16,dram-6-0,sram-34,16,29205,29302,97,False,0,0,5.0
7,49,remote_balanced,S,second15/phase/13,sram-16,dram-37-0,16384,29244,29904,660,False,0,453,4.0
7,49,remote_balanced,S,second16/phase/13,sram-17,dram-38-0,16384,29244,29904,660,False,0,453,4.0
7,49,remote_balanced,S,second17/phase/13,sram-18,dram-39-0,16384,29244,29904,660,False,0,453,4.0
7,49,remote_balanced,S,second18/phase/13,sram-19,dram-40-0,16384,29244,29904,660,False,0,453,4.0
7,49,remote_balanced,S,second19/phase/13,sram-20,dram-41-0,16384,29244,29904,660,False,0,453,4.0
7,49,remote_balanced,S,second20/phase/13,sram-21,dram-42-0,16384,29311,29897,586,False,0,451,4.0
7,49,remote_balanced,S,second27/phase/13,sram-28,dram-0-0,16384,29451,30059,608,False,0,451,5.0
7,49,remote_balanced,S,second22/phase/13,sram-23,dram-44-0,16384,29707,30365,658,False,0,523,4.0
7,49,remote_balanced,S,second23/phase/13,sram-24,dram-45-0,16384,29707,30365,658,False,0,523,4.0
7,49,remote_balanced,S,second24/phase/13,sram-25,dram-46-0,16384,29707,30365,658,False,0,523,4.0
7,49,remote_balanced,S,second25/phase/13,sram-26,dram-47-0,16384,29707,30365,658,False,0,523,4.0
7,49,remote_balanced,S,second26/phase/13,sram-27,dram-48-0,16384,29707,30365,658,False,0,523,4.0
7,49,remote_balanced,S,second34/phase/16,dram-7-0,sram-35,16,30124,30221,97,False,0,0,5.0
7,49,remote_balanced,S,second13/phase/16,dram-35-0,sram-14,16,30152,30228,76,False,0,0,4.0
7,49,remote_balanced,S,second14/phase/13,sram-15,dram-36-0,16384,30301,30907,606,False,0,451,4.0
7,49,remote_balanced,S,second20/phase/16,dram-42-0,sram-21,16,30699,30775,76,False,0,0,4.0
7,49,remote_balanced,S,second15/phase/16,dram-37-0,sram-16,16,30706,30782,76,False,0,0,4.0
7,49,remote_balanced,S,second16/phase/16,dram-38-0,sram-17,16,30706,30782,76,False,0,0,4.0
7,49,remote_balanced,S,second17/phase/16,dram-39-0,sram-18,16,30706,30782,76,False,0,0,4.0
7,49,remote_balanced,S,second18/phase/16,dram-40-0,sram-19,16,30706,30782,76,False,0,0,4.0
7,49,remote_balanced,S,second19/phase/16,dram-41-0,sram-20,16,30706,30782,76,False,0,0,4.0
7,49,remote_balanced,S,second21/phase/13,sram-22,dram-43-0,16384,30814,31420,606,True,0,471,4.0
7,49,remote_balanced,S,second27/phase/16,dram-0-0,sram-28,16,30861,30958,97,False,0,0,5.0
7,49,remote_balanced,S,second22/phase/16,dram-44-0,sram-23,16,31167,31243,76,False,0,0,4.0
7,49,remote_balanced,S,second23/phase/16,dram-45-0,sram-24,16,31167,31243,76,False,0,0,4.0
7,49,remote_balanced,S,second24/phase/16,dram-46-0,sram-25,16,31167,31243,76,False,0,0,4.0
7,49,remote_balanced,S,second25/phase/16,dram-47-0,sram-26,16,31167,31243,76,False,0,0,4.0
7,49,remote_balanced,S,second26/phase/16,dram-48-0,sram-27,16,31167,31243,76,False,0,0,4.0
7,49,remote_balanced,S,second14/phase/16,dram-36-0,sram-15,16,31709,31785,76,False,0,0,4.0
7,49,remote_balanced,S,second21/phase/16,dram-43-0,sram-22,16,32222,32298,76,True,0,0,4.0
