side,workers,layout,model,link,kind,source,destination,flits,padded_bytes,busy_fraction,max_256cycle_activity
4,16,local,U0,c0-c1,stitch,0,2,256,16384,0.0171088685424046,0.5
4,16,local,U0,edge-io,io,0,32,1,64,6.683151774376797e-05,0.00390625
4,16,local,U0,c0-c1,stitch,2,0,190,12160,0.012697988371315912,0.37890625
4,16,local,U0,c1-c2,stitch,2,4,256,16384,0.0171088685424046,0.5
4,16,local,U0,c1-c2,stitch,4,2,125,8000,0.008353939717970995,0.27734375
4,16,local,U0,c2-c3,stitch,4,6,256,16384,0.0171088685424046,0.5
4,16,local,U0,c2-c3,stitch,6,4,61,3904,0.0040767225823698456,0.12890625
4,16,local,U0,c3-c7,stitch,6,14,256,16384,0.0171088685424046,0.5
4,16,local,U0,c0-c4,stitch,8,0,66,4224,0.004410880171088686,0.12109375
4,16,local,U0,c4-c5,stitch,8,10,256,16384,0.0171088685424046,0.5
4,16,local,U0,c1-c5,stitch,10,2,65,4160,0.004344048653344918,0.12890625
4,16,local,U0,c4-c5,stitch,10,8,299,19136,0.01998262380538662,0.5
4,16,local,U0,c5-c6,stitch,10,12,256,16384,0.0171088685424046,0.5
4,16,local,U0,c2-c6,stitch,12,4,64,4096,0.00427721713560115,0.1484375
4,16,local,U0,c5-c6,stitch,12,10,312,19968,0.020851433536055605,0.5
4,16,local,U0,c6-c7,stitch,12,14,256,16384,0.0171088685424046,0.5
4,16,local,U0,c3-c7,stitch,14,6,61,3904,0.0040767225823698456,0.12890625
4,16,local,U0,c6-c7,stitch,14,12,303,19392,0.02024994987636169,0.5
4,16,local,U0,c7-c11,stitch,14,22,256,16384,0.0171088685424046,0.5
4,16,local,U0,c4-c8,stitch,16,8,23,1472,0.0015371249081066632,0.07421875
4,16,local,U0,c8-c9,stitch,16,18,256,16384,0.0171088685424046,0.5
4,16,local,U0,c5-c9,stitch,18,10,52,3328,0.0034752389226759338,0.1015625
4,16,local,U0,c8-c9,stitch,18,16,270,17280,0.01804450979081735,0.5
4,16,local,U0,c9-c10,stitch,18,20,256,16384,0.0171088685424046,0.5
4,16,local,U0,c6-c10,stitch,20,12,73,4672,0.004878700795295061,0.15234375
4,16,local,U0,c9-c10,stitch,20,18,311,19904,0.020784602018311837,0.5
4,16,local,U0,c10-c11,stitch,20,22,256,16384,0.0171088685424046,0.5
4,16,local,U0,c7-c11,stitch,22,14,108,6912,0.00721780391632694,0.22265625
4,16,local,U0,c10-c11,stitch,22,20,354,22656,0.023658357281293858,0.5
4,16,local,U0,c11-c15,stitch,22,30,256,16384,0.0171088685424046,0.5
4,16,local,U0,c8-c12,stitch,24,16,9,576,0.0006014836596939117,0.03515625
4,16,local,U0,c12-c13,stitch,24,26,256,16384,0.0171088685424046,0.5
4,16,local,U0,c9-c13,stitch,26,18,11,704,0.0007351466951814476,0.0234375
4,16,local,U0,c12-c13,stitch,26,24,265,16960,0.01771035220209851,0.46484375
4,16,local,U0,c13-c14,stitch,26,28,256,16384,0.0171088685424046,0.5
4,16,local,U0,c10-c14,stitch,28,20,30,1920,0.002004945532313039,0.04296875
4,16,local,U0,c13-c14,stitch,28,26,276,17664,0.018445498897279956,0.46484375
4,16,local,U0,c14-c15,stitch,28,30,256,16384,0.0171088685424046,0.5
4,16,local,U0,c11-c15,stitch,30,22,206,13184,0.0137672926552162,0.3515625
4,16,local,U0,c14-c15,stitch,30,28,306,19584,0.020450444429592995,0.5
4,16,local,U0,edge-io,io,32,0,256,16384,0.0171088685424046,0.5
4,16,local,U1,c0-c1,stitch,0,2,256,16384,0.011854047045749213,0.5
4,16,local,U1,edge-io,io,0,32,1,64,4.630487127245786e-05,0.00390625
4,16,local,U1,c0-c1,stitch,2,0,256,16384,0.011854047045749213,0.5
4,16,local,U1,c1-c2,stitch,2,4,256,16384,0.011854047045749213,0.5
4,16,local,U1,c1-c2,stitch,4,2,251,16064,0.011622522689386924,0.5
4,16,local,U1,c2-c3,stitch,4,6,256,16384,0.011854047045749213,0.5
4,16,local,U1,c2-c3,stitch,6,4,235,15040,0.010881644749027598,0.5
4,16,local,U1,c3-c7,stitch,6,14,256,16384,0.011854047045749213,0.5
4,16,local,U1,c4-c5,stitch,8,10,256,16384,0.011854047045749213,0.5
4,16,local,U1,c1-c5,stitch,10,2,5,320,0.0002315243563622893,0.01953125
4,16,local,U1,c4-c5,stitch,10,8,256,16384,0.011854047045749213,0.5
4,16,local,U1,c5-c6,stitch,10,12,256,16384,0.011854047045749213,0.5
4,16,local,U1,c2-c6,stitch,12,4,16,1024,0.0007408779403593258,0.03515625
4,16,local,U1,c5-c6,stitch,12,10,256,16384,0.011854047045749213,0.5
4,16,local,U1,c6-c7,stitch,12,14,256,16384,0.011854047045749213,0.5
4,16,local,U1,c3-c7,stitch,14,6,235,15040,0.010881644749027598,0.5
4,16,local,U1,c6-c7,stitch,14,12,263,16832,0.012178181144656419,0.5
4,16,local,U1,c7-c11,stitch,14,22,256,16384,0.011854047045749213,0.5
4,16,local,U1,c8-c9,stitch,16,18,256,16384,0.011854047045749213,0.5
4,16,local,U1,c5-c9,stitch,18,10,5,320,0.0002315243563622893,0.01953125
4,16,local,U1,c8-c9,stitch,18,16,256,16384,0.011854047045749213,0.5
4,16,local,U1,c9-c10,stitch,18,20,256,16384,0.011854047045749213,0.5
4,16,local,U1,c6-c10,stitch,20,12,9,576,0.0004167438414521208,0.03515625
4,16,local,U1,c9-c10,stitch,20,18,256,16384,0.011854047045749213,0.5
4,16,local,U1,c10-c11,stitch,20,22,256,16384,0.011854047045749213,0.5
4,16,local,U1,c7-c11,stitch,22,14,242,15488,0.011205778847934804,0.5
4,16,local,U1,c10-c11,stitch,22,20,256,16384,0.011854047045749213,0.5
4,16,local,U1,c11-c15,stitch,22,30,256,16384,0.011854047045749213,0.5
4,16,local,U1,c12-c13,stitch,24,26,256,16384,0.011854047045749213,0.5
4,16,local,U1,c9-c13,stitch,26,18,5,320,0.0002315243563622893,0.01953125
4,16,local,U1,c12-c13,stitch,26,24,256,16384,0.011854047045749213,0.5
4,16,local,U1,c13-c14,stitch,26,28,256,16384,0.011854047045749213,0.5
4,16,local,U1,c10-c14,stitch,28,20,9,576,0.0004167438414521208,0.03515625
4,16,local,U1,c13-c14,stitch,28,26,261,16704,0.012085571402111502,0.5
4,16,local,U1,c14-c15,stitch,28,30,256,16384,0.011854047045749213,0.5
4,16,local,U1,c11-c15,stitch,30,22,242,15488,0.011205778847934804,0.5
4,16,local,U1,c14-c15,stitch,30,28,270,17280,0.012502315243563622,0.5
4,16,local,U1,edge-io,io,32,0,256,16384,0.011854047045749213,0.5
4,16,local,S,hb-0,hb,0,1,258,16512,0.010793624231268041,0.5
4,16,local,S,c0-c1,stitch,0,2,256,16384,0.010709952725599298,0.5
4,16,local,S,edge-io,io,0,32,1,64,4.1835752834372257e-05,0.00390625
4,16,local,S,hb-0,hb,1,0,2049,131136,0.08572145755762875,0.5
4,16,local,S,c0-c1,stitch,2,0,256,16384,0.010709952725599298,0.5
4,16,local,S,hb-1,hb,2,3,258,16512,0.010793624231268041,0.5
4,16,local,S,c1-c2,stitch,2,4,256,16384,0.010709952725599298,0.5
4,16,local,S,hb-1,hb,3,2,2049,131136,0.08572145755762875,0.5
4,16,local,S,c1-c2,stitch,4,2,251,16064,0.010500773961427436,0.5
4,16,local,S,hb-2,hb,4,5,258,16512,0.010793624231268041,0.5
4,16,local,S,c2-c3,stitch,4,6,256,16384,0.010709952725599298,0.5
4,16,local,S,hb-2,hb,5,4,2049,131136,0.08572145755762875,0.5
4,16,local,S,c2-c3,stitch,6,4,235,15040,0.00983140191607748,0.5
4,16,local,S,hb-3,hb,6,7,258,16512,0.010793624231268041,0.5
4,16,local,S,c3-c7,stitch,6,14,256,16384,0.010709952725599298,0.5
4,16,local,S,hb-3,hb,7,6,2049,131136,0.08572145755762875,0.5
4,16,local,S,hb-4,hb,8,9,258,16512,0.010793624231268041,0.5
4,16,local,S,c4-c5,stitch,8,10,256,16384,0.010709952725599298,0.5
4,16,local,S,hb-4,hb,9,8,2049,131136,0.08572145755762875,0.5
4,16,local,S,c1-c5,stitch,10,2,5,320,0.00020917876417186128,0.01953125
4,16,local,S,c4-c5,stitch,10,8,256,16384,0.010709952725599298,0.5
4,16,local,S,hb-5,hb,10,11,258,16512,0.010793624231268041,0.5
4,16,local,S,c5-c6,stitch,10,12,256,16384,0.010709952725599298,0.5
4,16,local,S,hb-5,hb,11,10,2049,131136,0.08572145755762875,0.5
4,16,local,S,c2-c6,stitch,12,4,16,1024,0.0006693720453499561,0.03515625
4,16,local,S,c5-c6,stitch,12,10,256,16384,0.010709952725599298,0.5
4,16,local,S,hb-6,hb,12,13,258,16512,0.010793624231268041,0.5
4,16,local,S,c6-c7,stitch,12,14,256,16384,0.010709952725599298,0.5
4,16,local,S,hb-6,hb,13,12,2049,131136,0.08572145755762875,0.5
4,16,local,S,c3-c7,stitch,14,6,235,15040,0.00983140191607748,0.5
4,16,local,S,c6-c7,stitch,14,12,263,16832,0.011002802995439903,0.5
4,16,local,S,hb-7,hb,14,15,258,16512,0.010793624231268041,0.5
4,16,local,S,c7-c11,stitch,14,22,256,16384,0.010709952725599298,0.5
4,16,local,S,hb-7,hb,15,14,2049,131136,0.08572145755762875,0.5
4,16,local,S,hb-8,hb,16,17,258,16512,0.010793624231268041,0.5
4,16,local,S,c8-c9,stitch,16,18,256,16384,0.010709952725599298,0.5
4,16,local,S,hb-8,hb,17,16,2049,131136,0.08572145755762875,0.5
4,16,local,S,c5-c9,stitch,18,10,5,320,0.00020917876417186128,0.01953125
4,16,local,S,c8-c9,stitch,18,16,256,16384,0.010709952725599298,0.5
4,16,local,S,hb-9,hb,18,19,258,16512,0.010793624231268041,0.5
4,16,local,S,c9-c10,stitch,18,20,256,16384,0.010709952725599298,0.5
4,16,local,S,hb-9,hb,19,18,2049,131136,0.08572145755762875,0.5
4,16,local,S,c6-c10,stitch,20,12,9,576,0.0003765217755093503,0.03515625
4,16,local,S,c9-c10,stitch,20,18,256,16384,0.010709952725599298,0.5
4,16,local,S,hb-10,hb,20,21,258,16512,0.010793624231268041,0.5
4,16,local,S,c10-c11,stitch,20,22,256,16384,0.010709952725599298,0.5
4,16,local,S,hb-10,hb,21,20,2049,131136,0.08572145755762875,0.5
4,16,local,S,c7-c11,stitch,22,14,242,15488,0.010124252185918085,0.5
4,16,local,S,c10-c11,stitch,22,20,256,16384,0.010709952725599298,0.5
4,16,local,S,hb-11,hb,22,23,258,16512,0.010793624231268041,0.5
4,16,local,S,c11-c15,stitch,22,30,256,16384,0.010709952725599298,0.5
4,16,local,S,hb-11,hb,23,22,2049,131136,0.08572145755762875,0.5
4,16,local,S,hb-12,hb,24,25,258,16512,0.010793624231268041,0.5
4,16,local,S,c12-c13,stitch,24,26,256,16384,0.010709952725599298,0.5
4,16,local,S,hb-12,hb,25,24,2049,131136,0.08572145755762875,0.5
4,16,local,S,c9-c13,stitch,26,18,5,320,0.00020917876417186128,0.01953125
4,16,local,S,c12-c13,stitch,26,24,256,16384,0.010709952725599298,0.5
4,16,local,S,hb-13,hb,26,27,258,16512,0.010793624231268041,0.5
4,16,local,S,c13-c14,stitch,26,28,256,16384,0.010709952725599298,0.5
4,16,local,S,hb-13,hb,27,26,2049,131136,0.08572145755762875,0.5
4,16,local,S,c10-c14,stitch,28,20,9,576,0.0003765217755093503,0.03515625
4,16,local,S,c13-c14,stitch,28,26,261,16704,0.010919131489771158,0.5
4,16,local,S,hb-14,hb,28,29,258,16512,0.010793624231268041,0.5
4,16,local,S,c14-c15,stitch,28,30,256,16384,0.010709952725599298,0.5
4,16,local,S,hb-14,hb,29,28,2049,131136,0.08572145755762875,0.5
4,16,local,S,c11-c15,stitch,30,22,242,15488,0.010124252185918085,0.5
4,16,local,S,c14-c15,stitch,30,28,270,17280,0.011295653265280509,0.5
4,16,local,S,hb-15,hb,30,31,258,16512,0.010793624231268041,0.5
4,16,local,S,hb-15,hb,31,30,2049,131136,0.08572145755762875,0.5
4,16,local,S,edge-io,io,32,0,256,16384,0.010709952725599298,0.5
4,16,clustered_local,U0,c0-c1,stitch,0,2,256,16384,0.0171088685424046,0.5
4,16,clustered_local,U0,edge-io,io,0,32,1,64,6.683151774376797e-05,0.00390625
4,16,clustered_local,U0,c0-c1,stitch,2,0,190,12160,0.012697988371315912,0.37890625
4,16,clustered_local,U0,c1-c2,stitch,2,4,256,16384,0.0171088685424046,0.5
4,16,clustered_local,U0,c1-c2,stitch,4,2,125,8000,0.008353939717970995,0.27734375
4,16,clustered_local,U0,c2-c3,stitch,4,6,256,16384,0.0171088685424046,0.5
4,16,clustered_local,U0,c2-c3,stitch,6,4,61,3904,0.0040767225823698456,0.12890625
4,16,clustered_local,U0,c3-c7,stitch,6,14,256,16384,0.0171088685424046,0.5
4,16,clustered_local,U0,c0-c4,stitch,8,0,66,4224,0.004410880171088686,0.12109375
4,16,clustered_local,U0,c4-c5,stitch,8,10,256,16384,0.0171088685424046,0.5
4,16,clustered_local,U0,c1-c5,stitch,10,2,65,4160,0.004344048653344918,0.12890625
4,16,clustered_local,U0,c4-c5,stitch,10,8,299,19136,0.01998262380538662,0.5
4,16,clustered_local,U0,c5-c6,stitch,10,12,256,16384,0.0171088685424046,0.5
4,16,clustered_local,U0,c2-c6,stitch,12,4,64,4096,0.00427721713560115,0.1484375
4,16,clustered_local,U0,c5-c6,stitch,12,10,312,19968,0.020851433536055605,0.5
4,16,clustered_local,U0,c6-c7,stitch,12,14,256,16384,0.0171088685424046,0.5
4,16,clustered_local,U0,c3-c7,stitch,14,6,61,3904,0.0040767225823698456,0.12890625
4,16,clustered_local,U0,c6-c7,stitch,14,12,303,19392,0.02024994987636169,0.5
4,16,clustered_local,U0,c7-c11,stitch,14,22,256,16384,0.0171088685424046,0.5
4,16,clustered_local,U0,c4-c8,stitch,16,8,23,1472,0.0015371249081066632,0.07421875
4,16,clustered_local,U0,c8-c9,stitch,16,18,256,16384,0.0171088685424046,0.5
4,16,clustered_local,U0,c5-c9,stitch,18,10,52,3328,0.0034752389226759338,0.1015625
4,16,clustered_local,U0,c8-c9,stitch,18,16,270,17280,0.01804450979081735,0.5
4,16,clustered_local,U0,c9-c10,stitch,18,20,256,16384,0.0171088685424046,0.5
4,16,clustered_local,U0,c6-c10,stitch,20,12,73,4672,0.004878700795295061,0.15234375
4,16,clustered_local,U0,c9-c10,stitch,20,18,311,19904,0.020784602018311837,0.5
4,16,clustered_local,U0,c10-c11,stitch,20,22,256,16384,0.0171088685424046,0.5
4,16,clustered_local,U0,c7-c11,stitch,22,14,108,6912,0.00721780391632694,0.22265625
4,16,clustered_local,U0,c10-c11,stitch,22,20,354,22656,0.023658357281293858,0.5
4,16,clustered_local,U0,c11-c15,stitch,22,30,256,16384,0.0171088685424046,0.5
4,16,clustered_local,U0,c8-c12,stitch,24,16,9,576,0.0006014836596939117,0.03515625
4,16,clustered_local,U0,c12-c13,stitch,24,26,256,16384,0.0171088685424046,0.5
4,16,clustered_local,U0,c9-c13,stitch,26,18,11,704,0.0007351466951814476,0.0234375
4,16,clustered_local,U0,c12-c13,stitch,26,24,265,16960,0.01771035220209851,0.46484375
4,16,clustered_local,U0,c13-c14,stitch,26,28,256,16384,0.0171088685424046,0.5
4,16,clustered_local,U0,c10-c14,stitch,28,20,30,1920,0.002004945532313039,0.04296875
4,16,clustered_local,U0,c13-c14,stitch,28,26,276,17664,0.018445498897279956,0.46484375
4,16,clustered_local,U0,c14-c15,stitch,28,30,256,16384,0.0171088685424046,0.5
4,16,clustered_local,U0,c11-c15,stitch,30,22,206,13184,0.0137672926552162,0.3515625
4,16,clustered_local,U0,c14-c15,stitch,30,28,306,19584,0.020450444429592995,0.5
4,16,clustered_local,U0,edge-io,io,32,0,256,16384,0.0171088685424046,0.5
4,16,clustered_local,U1,c0-c1,stitch,0,2,256,16384,0.009109671909472636,0.5
4,16,clustered_local,U1,edge-io,io,0,32,1,64,3.5584655896377484e-05,0.00390625
4,16,clustered_local,U1,c0-c1,stitch,2,0,199,12736,0.007081346523379119,0.40625
4,16,clustered_local,U1,c1-c2,stitch,2,4,256,16384,0.009109671909472636,0.5
4,16,clustered_local,U1,c1-c2,stitch,4,2,133,8512,0.004732759234218205,0.23828125
4,16,clustered_local,U1,c2-c3,stitch,4,6,256,16384,0.009109671909472636,0.5
4,16,clustered_local,U1,c2-c3,stitch,6,4,66,4224,0.0023485872891609136,0.09375
4,16,clustered_local,U1,c3-c7,stitch,6,14,256,16384,0.009109671909472636,0.5
4,16,clustered_local,U1,c0-c4,stitch,8,0,57,3648,0.0020283253860935166,0.109375
4,16,clustered_local,U1,c4-c5,stitch,8,10,256,16384,0.009109671909472636,0.5
4,16,clustered_local,U1,c1-c5,stitch,10,2,66,4224,0.0023485872891609136,0.12890625
4,16,clustered_local,U1,c4-c5,stitch,10,8,286,18304,0.01017721158636396,0.5
4,16,clustered_local,U1,c5-c6,stitch,10,12,256,16384,0.009109671909472636,0.5
4,16,clustered_local,U1,c2-c6,stitch,12,4,67,4288,0.002384171945057291,0.140625
4,16,clustered_local,U1,c5-c6,stitch,12,10,316,20224,0.011244751263255285,0.5
4,16,clustered_local,U1,c6-c7,stitch,12,14,256,16384,0.009109671909472636,0.5
4,16,clustered_local,U1,c3-c7,stitch,14,6,66,4224,0.0023485872891609136,0.125
4,16,clustered_local,U1,c6-c7,stitch,14,12,317,20288,0.011280335919151662,0.5
4,16,clustered_local,U1,c7-c11,stitch,14,22,256,16384,0.009109671909472636,0.5
4,16,clustered_local,U1,c4-c8,stitch,16,8,27,1728,0.000960785709202192,0.0703125
4,16,clustered_local,U1,c8-c9,stitch,16,18,256,16384,0.009109671909472636,0.5
4,16,clustered_local,U1,c5-c9,stitch,18,10,36,2304,0.0012810476122695894,0.0859375
4,16,clustered_local,U1,c8-c9,stitch,18,16,256,16384,0.009109671909472636,0.5
4,16,clustered_local,U1,c9-c10,stitch,18,20,256,16384,0.009109671909472636,0.5
4,16,clustered_local,U1,c6-c10,stitch,20,12,66,4224,0.0023485872891609136,0.1328125
4,16,clustered_local,U1,c9-c10,stitch,20,18,256,16384,0.009109671909472636,0.5
4,16,clustered_local,U1,c10-c11,stitch,20,22,256,16384,0.009109671909472636,0.5
4,16,clustered_local,U1,c7-c11,stitch,22,14,127,8128,0.00451925129883994,0.25390625
4,16,clustered_local,U1,c10-c11,stitch,22,20,256,16384,0.009109671909472636,0.5
4,16,clustered_local,U1,c11-c15,stitch,22,30,256,16384,0.009109671909472636,0.5
4,16,clustered_local,U1,c8-c12,stitch,24,16,27,1728,0.000960785709202192,0.0703125
4,16,clustered_local,U1,c12-c13,stitch,24,26,256,16384,0.009109671909472636,0.5
4,16,clustered_local,U1,c9-c13,stitch,26,18,36,2304,0.0012810476122695894,0.0859375
4,16,clustered_local,U1,c12-c13,stitch,26,24,283,18112,0.010070457618674828,0.5
4,16,clustered_local,U1,c13-c14,stitch,26,28,256,16384,0.009109671909472636,0.5
4,16,clustered_local,U1,c10-c14,stitch,28,20,66,4224,0.0023485872891609136,0.12109375
4,16,clustered_local,U1,c13-c14,stitch,28,26,319,20416,0.011351505230944416,0.5
4,16,clustered_local,U1,c14-c15,stitch,28,30,256,16384,0.009109671909472636,0.5
4,16,clustered_local,U1,c11-c15,stitch,30,22,127,8128,0.00451925129883994,0.29296875
4,16,clustered_local,U1,c14-c15,stitch,30,28,385,24640,0.01370009252010533,0.5
4,16,clustered_local,U1,edge-io,io,32,0,256,16384,0.009109671909472636,0.5
4,16,clustered_local,S,hb-0,hb,0,1,1032,66048,0.03367596671561429,0.5
4,16,clustered_local,S,c0-c1,stitch,0,2,3298,211072,0.10761951378691467,0.5
4,16,clustered_local,S,c0-c4,stitch,0,8,3105,198720,0.1013215859030837,0.5
4,16,clustered_local,S,edge-io,io,0,32,1,64,3.26317506934247e-05,0.00390625
4,16,clustered_local,S,hb-0,hb,1,0,8196,524544,0.26744982868330885,0.5
4,16,clustered_local,S,c0-c1,stitch,2,0,580,37120,0.018926415402186328,0.5
4,16,clustered_local,S,c1-c2,stitch,2,4,256,16384,0.008353728177516723,0.5
4,16,clustered_local,S,c1-c5,stitch,2,10,993,63552,0.03240332843857073,0.3203125
4,16,clustered_local,S,c1-c2,stitch,4,2,134,8576,0.00437265459291891,0.23828125
4,16,clustered_local,S,hb-2,hb,4,5,1032,66048,0.03367596671561429,0.5
4,16,clustered_local,S,c2-c3,stitch,4,6,3284,210176,0.10716266927720672,0.5
4,16,clustered_local,S,c2-c6,stitch,4,12,3119,199616,0.10177843041279165,0.5
4,16,clustered_local,S,hb-2,hb,5,4,8196,524544,0.26744982868330885,0.5
4,16,clustered_local,S,c2-c3,stitch,6,4,453,28992,0.01478218306412139,0.5
4,16,clustered_local,S,c3-c7,stitch,6,14,1235,79040,0.040300212106379504,0.5
4,16,clustered_local,S,c0-c4,stitch,8,0,450,28800,0.014684287812041116,0.5
4,16,clustered_local,S,c4-c5,stitch,8,10,1312,83968,0.04281285690977321,0.5
4,16,clustered_local,S,c1-c5,stitch,10,2,188,12032,0.006134769130363844,0.2578125
4,16,clustered_local,S,c4-c5,stitch,10,8,421,26944,0.0137379670419318,0.5
4,16,clustered_local,S,c5-c6,stitch,10,12,256,16384,0.008353728177516723,0.5
4,16,clustered_local,S,c2-c6,stitch,12,4,455,29120,0.01484744656550824,0.5
4,16,clustered_local,S,c5-c6,stitch,12,10,315,20160,0.010279001468428781,0.5
4,16,clustered_local,S,c6-c7,stitch,12,14,1326,84864,0.04326970141948115,0.5
4,16,clustered_local,S,c3-c7,stitch,14,6,195,12480,0.006363191385217817,0.25390625
4,16,clustered_local,S,c6-c7,stitch,14,12,446,28544,0.014553760809267418,0.5
4,16,clustered_local,S,c7-c11,stitch,14,22,256,16384,0.008353728177516723,0.5
4,16,clustered_local,S,c4-c8,stitch,16,8,27,1728,0.000881057268722467,0.0703125
4,16,clustered_local,S,hb-8,hb,16,17,1032,66048,0.03367596671561429,0.5
4,16,clustered_local,S,c8-c9,stitch,16,18,3287,210368,0.10726056452928699,0.5
4,16,clustered_local,S,c8-c12,stitch,16,24,3116,199424,0.10168053516071138,0.5
4,16,clustered_local,S,hb-8,hb,17,16,8196,524544,0.26744982868330885,0.5
4,16,clustered_local,S,c5-c9,stitch,18,10,36,2304,0.0011747430249632893,0.0546875
4,16,clustered_local,S,c8-c9,stitch,18,16,643,41152,0.020982215695872084,0.5
4,16,clustered_local,S,c9-c10,stitch,18,20,256,16384,0.008353728177516723,0.5
4,16,clustered_local,S,c9-c13,stitch,18,26,982,62848,0.03204437918094306,0.265625
4,16,clustered_local,S,c6-c10,stitch,20,12,66,4224,0.00215369554576603,0.12109375
4,16,clustered_local,S,c9-c10,stitch,20,18,256,16384,0.008353728177516723,0.5
4,16,clustered_local,S,hb-10,hb,20,21,1032,66048,0.03367596671561429,0.5
4,16,clustered_local,S,c10-c11,stitch,20,22,3283,210112,0.1071300375265133,0.5
4,16,clustered_local,S,c10-c14,stitch,20,28,3120,199680,0.10181106216348507,0.5
4,16,clustered_local,S,hb-10,hb,21,20,8196,524544,0.26744982868330885,0.5
4,16,clustered_local,S,c7-c11,stitch,22,14,127,8128,0.0041442323380649375,0.3203125
4,16,clustered_local,S,c10-c11,stitch,22,20,643,41152,0.020982215695872084,0.5
4,16,clustered_local,S,c11-c15,stitch,22,30,1234,78976,0.04026758035568608,0.5
4,16,clustered_local,S,c8-c12,stitch,24,16,414,26496,0.013509544787077827,0.5
4,16,clustered_local,S,c12-c13,stitch,24,26,1323,84672,0.04317180616740088,0.5
4,16,clustered_local,S,c9-c13,stitch,26,18,165,10560,0.0053842388644150755,0.18359375
4,16,clustered_local,S,c12-c13,stitch,26,24,412,26368,0.013444281285690977,0.5
4,16,clustered_local,S,c13-c14,stitch,26,28,256,16384,0.008353728177516723,0.5
4,16,clustered_local,S,c10-c14,stitch,28,20,453,28992,0.01478218306412139,0.5
4,16,clustered_local,S,c13-c14,stitch,28,26,319,20416,0.01040952847120248,0.5
4,16,clustered_local,S,c14-c15,stitch,28,30,1327,84928,0.04330233317017458,0.5
4,16,clustered_local,S,c11-c15,stitch,30,22,256,16384,0.008353728177516723,0.28125
4,16,clustered_local,S,c14-c15,stitch,30,28,514,32896,0.016772719856420298,0.5
4,16,clustered_local,S,edge-io,io,32,0,256,16384,0.008353728177516723,0.5
4,16,remote_balanced,U0,c0-c1,stitch,0,2,256,16384,0.0171088685424046,0.5
4,16,remote_balanced,U0,edge-io,io,0,32,1,64,6.683151774376797e-05,0.00390625
4,16,remote_balanced,U0,c0-c1,stitch,2,0,190,12160,0.012697988371315912,0.37890625
4,16,remote_balanced,U0,c1-c2,stitch,2,4,256,16384,0.0171088685424046,0.5
4,16,remote_balanced,U0,c1-c2,stitch,4,2,125,8000,0.008353939717970995,0.27734375
4,16,remote_balanced,U0,c2-c3,stitch,4,6,256,16384,0.0171088685424046,0.5
4,16,remote_balanced,U0,c2-c3,stitch,6,4,61,3904,0.0040767225823698456,0.12890625
4,16,remote_balanced,U0,c3-c7,stitch,6,14,256,16384,0.0171088685424046,0.5
4,16,remote_balanced,U0,c0-c4,stitch,8,0,66,4224,0.004410880171088686,0.12109375
4,16,remote_balanced,U0,c4-c5,stitch,8,10,256,16384,0.0171088685424046,0.5
4,16,remote_balanced,U0,c1-c5,stitch,10,2,65,4160,0.004344048653344918,0.12890625
4,16,remote_balanced,U0,c4-c5,stitch,10,8,299,19136,0.01998262380538662,0.5
4,16,remote_balanced,U0,c5-c6,stitch,10,12,256,16384,0.0171088685424046,0.5
4,16,remote_balanced,U0,c2-c6,stitch,12,4,64,4096,0.00427721713560115,0.1484375
4,16,remote_balanced,U0,c5-c6,stitch,12,10,312,19968,0.020851433536055605,0.5
4,16,remote_balanced,U0,c6-c7,stitch,12,14,256,16384,0.0171088685424046,0.5
4,16,remote_balanced,U0,c3-c7,stitch,14,6,61,3904,0.0040767225823698456,0.12890625
4,16,remote_balanced,U0,c6-c7,stitch,14,12,303,19392,0.02024994987636169,0.5
4,16,remote_balanced,U0,c7-c11,stitch,14,22,256,16384,0.0171088685424046,0.5
4,16,remote_balanced,U0,c4-c8,stitch,16,8,23,1472,0.0015371249081066632,0.07421875
4,16,remote_balanced,U0,c8-c9,stitch,16,18,256,16384,0.0171088685424046,0.5
4,16,remote_balanced,U0,c5-c9,stitch,18,10,52,3328,0.0034752389226759338,0.1015625
4,16,remote_balanced,U0,c8-c9,stitch,18,16,270,17280,0.01804450979081735,0.5
4,16,remote_balanced,U0,c9-c10,stitch,18,20,256,16384,0.0171088685424046,0.5
4,16,remote_balanced,U0,c6-c10,stitch,20,12,73,4672,0.004878700795295061,0.15234375
4,16,remote_balanced,U0,c9-c10,stitch,20,18,311,19904,0.020784602018311837,0.5
4,16,remote_balanced,U0,c10-c11,stitch,20,22,256,16384,0.0171088685424046,0.5
4,16,remote_balanced,U0,c7-c11,stitch,22,14,108,6912,0.00721780391632694,0.22265625
4,16,remote_balanced,U0,c10-c11,stitch,22,20,354,22656,0.023658357281293858,0.5
4,16,remote_balanced,U0,c11-c15,stitch,22,30,256,16384,0.0171088685424046,0.5
4,16,remote_balanced,U0,c8-c12,stitch,24,16,9,576,0.0006014836596939117,0.03515625
4,16,remote_balanced,U0,c12-c13,stitch,24,26,256,16384,0.0171088685424046,0.5
4,16,remote_balanced,U0,c9-c13,stitch,26,18,11,704,0.0007351466951814476,0.0234375
4,16,remote_balanced,U0,c12-c13,stitch,26,24,265,16960,0.01771035220209851,0.46484375
4,16,remote_balanced,U0,c13-c14,stitch,26,28,256,16384,0.0171088685424046,0.5
4,16,remote_balanced,U0,c10-c14,stitch,28,20,30,1920,0.002004945532313039,0.04296875
4,16,remote_balanced,U0,c13-c14,stitch,28,26,276,17664,0.018445498897279956,0.46484375
4,16,remote_balanced,U0,c14-c15,stitch,28,30,256,16384,0.0171088685424046,0.5
4,16,remote_balanced,U0,c11-c15,stitch,30,22,206,13184,0.0137672926552162,0.3515625
4,16,remote_balanced,U0,c14-c15,stitch,30,28,306,19584,0.020450444429592995,0.5
4,16,remote_balanced,U0,edge-io,io,32,0,256,16384,0.0171088685424046,0.5
4,16,remote_balanced,U1,c0-c1,stitch,0,2,256,16384,0.011854047045749213,0.5
4,16,remote_balanced,U1,edge-io,io,0,32,1,64,4.630487127245786e-05,0.00390625
4,16,remote_balanced,U1,c0-c1,stitch,2,0,256,16384,0.011854047045749213,0.5
4,16,remote_balanced,U1,c1-c2,stitch,2,4,256,16384,0.011854047045749213,0.5
4,16,remote_balanced,U1,c1-c2,stitch,4,2,251,16064,0.011622522689386924,0.5
4,16,remote_balanced,U1,c2-c3,stitch,4,6,256,16384,0.011854047045749213,0.5
4,16,remote_balanced,U1,c2-c3,stitch,6,4,235,15040,0.010881644749027598,0.5
4,16,remote_balanced,U1,c3-c7,stitch,6,14,256,16384,0.011854047045749213,0.5
4,16,remote_balanced,U1,c4-c5,stitch,8,10,256,16384,0.011854047045749213,0.5
4,16,remote_balanced,U1,c1-c5,stitch,10,2,5,320,0.0002315243563622893,0.01953125
4,16,remote_balanced,U1,c4-c5,stitch,10,8,256,16384,0.011854047045749213,0.5
4,16,remote_balanced,U1,c5-c6,stitch,10,12,256,16384,0.011854047045749213,0.5
4,16,remote_balanced,U1,c2-c6,stitch,12,4,16,1024,0.0007408779403593258,0.03515625
4,16,remote_balanced,U1,c5-c6,stitch,12,10,256,16384,0.011854047045749213,0.5
4,16,remote_balanced,U1,c6-c7,stitch,12,14,256,16384,0.011854047045749213,0.5
4,16,remote_balanced,U1,c3-c7,stitch,14,6,235,15040,0.010881644749027598,0.5
4,16,remote_balanced,U1,c6-c7,stitch,14,12,263,16832,0.012178181144656419,0.5
4,16,remote_balanced,U1,c7-c11,stitch,14,22,256,16384,0.011854047045749213,0.5
4,16,remote_balanced,U1,c8-c9,stitch,16,18,256,16384,0.011854047045749213,0.5
4,16,remote_balanced,U1,c5-c9,stitch,18,10,5,320,0.0002315243563622893,0.01953125
4,16,remote_balanced,U1,c8-c9,stitch,18,16,256,16384,0.011854047045749213,0.5
4,16,remote_balanced,U1,c9-c10,stitch,18,20,256,16384,0.011854047045749213,0.5
4,16,remote_balanced,U1,c6-c10,stitch,20,12,9,576,0.0004167438414521208,0.03515625
4,16,remote_balanced,U1,c9-c10,stitch,20,18,256,16384,0.011854047045749213,0.5
4,16,remote_balanced,U1,c10-c11,stitch,20,22,256,16384,0.011854047045749213,0.5
4,16,remote_balanced,U1,c7-c11,stitch,22,14,242,15488,0.011205778847934804,0.5
4,16,remote_balanced,U1,c10-c11,stitch,22,20,256,16384,0.011854047045749213,0.5
4,16,remote_balanced,U1,c11-c15,stitch,22,30,256,16384,0.011854047045749213,0.5
4,16,remote_balanced,U1,c12-c13,stitch,24,26,256,16384,0.011854047045749213,0.5
4,16,remote_balanced,U1,c9-c13,stitch,26,18,5,320,0.0002315243563622893,0.01953125
4,16,remote_balanced,U1,c12-c13,stitch,26,24,256,16384,0.011854047045749213,0.5
4,16,remote_balanced,U1,c13-c14,stitch,26,28,256,16384,0.011854047045749213,0.5
4,16,remote_balanced,U1,c10-c14,stitch,28,20,9,576,0.0004167438414521208,0.03515625
4,16,remote_balanced,U1,c13-c14,stitch,28,26,261,16704,0.012085571402111502,0.5
4,16,remote_balanced,U1,c14-c15,stitch,28,30,256,16384,0.011854047045749213,0.5
4,16,remote_balanced,U1,c11-c15,stitch,30,22,242,15488,0.011205778847934804,0.5
4,16,remote_balanced,U1,c14-c15,stitch,30,28,270,17280,0.012502315243563622,0.5
4,16,remote_balanced,U1,edge-io,io,32,0,256,16384,0.011854047045749213,0.5
4,16,remote_balanced,S,hb-0,hb,0,1,258,16512,0.009521700620017715,0.25
4,16,remote_balanced,S,c0-c1,stitch,0,2,256,16384,0.0094478889873044,0.5
4,16,remote_balanced,S,c0-c4,stitch,0,8,2307,147648,0.08514171833480956,0.26171875
4,16,remote_balanced,S,edge-io,io,0,32,1,64,3.690581635665781e-05,0.00390625
4,16,remote_balanced,S,hb-0,hb,1,0,2049,131136,0.07562001771479185,0.39453125
4,16,remote_balanced,S,c0-c1,stitch,2,0,256,16384,0.0094478889873044,0.5
4,16,remote_balanced,S,hb-1,hb,2,3,258,16512,0.009521700620017715,0.25
4,16,remote_balanced,S,c1-c2,stitch,2,4,256,16384,0.0094478889873044,0.5
4,16,remote_balanced,S,c1-c5,stitch,2,10,2307,147648,0.08514171833480956,0.5
4,16,remote_balanced,S,hb-1,hb,3,2,2049,131136,0.07562001771479185,0.4453125
4,16,remote_balanced,S,c1-c2,stitch,4,2,251,16064,0.00926335990552111,0.4765625
4,16,remote_balanced,S,hb-2,hb,4,5,258,16512,0.009521700620017715,0.25
4,16,remote_balanced,S,c2-c3,stitch,4,6,256,16384,0.0094478889873044,0.5
4,16,remote_balanced,S,c2-c6,stitch,4,12,2307,147648,0.08514171833480956,0.32421875
4,16,remote_balanced,S,hb-2,hb,5,4,2049,131136,0.07562001771479185,0.4453125
4,16,remote_balanced,S,c2-c3,stitch,6,4,235,15040,0.008672866843814585,0.49609375
4,16,remote_balanced,S,hb-3,hb,6,7,258,16512,0.009521700620017715,0.25
4,16,remote_balanced,S,c3-c7,stitch,6,14,2563,164032,0.09458960732211397,0.5
4,16,remote_balanced,S,hb-3,hb,7,6,2049,131136,0.07562001771479185,0.4453125
4,16,remote_balanced,S,c0-c4,stitch,8,0,2307,147648,0.08514171833480956,0.5
4,16,remote_balanced,S,hb-4,hb,8,9,258,16512,0.009521700620017715,0.25
4,16,remote_balanced,S,c4-c5,stitch,8,10,256,16384,0.0094478889873044,0.5
4,16,remote_balanced,S,c4-c8,stitch,8,16,4614,295296,0.17028343666961912,0.5
4,16,remote_balanced,S,hb-4,hb,9,8,2049,131136,0.07562001771479185,0.30859375
4,16,remote_balanced,S,c1-c5,stitch,10,2,2312,147968,0.08532624741659285,0.5
4,16,remote_balanced,S,c4-c5,stitch,10,8,256,16384,0.0094478889873044,0.5
4,16,remote_balanced,S,hb-5,hb,10,11,258,16512,0.009521700620017715,0.25
4,16,remote_balanced,S,c5-c6,stitch,10,12,256,16384,0.0094478889873044,0.5
4,16,remote_balanced,S,c5-c9,stitch,10,18,4614,295296,0.17028343666961912,0.5
4,16,remote_balanced,S,hb-5,hb,11,10,2049,131136,0.07562001771479185,0.375
4,16,remote_balanced,S,c2-c6,stitch,12,4,2323,148672,0.08573221139651609,0.25
4,16,remote_balanced,S,c5-c6,stitch,12,10,256,16384,0.0094478889873044,0.5
4,16,remote_balanced,S,hb-6,hb,12,13,258,16512,0.009521700620017715,0.25
4,16,remote_balanced,S,c6-c7,stitch,12,14,256,16384,0.0094478889873044,0.5
4,16,remote_balanced,S,c6-c10,stitch,12,20,4614,295296,0.17028343666961912,0.5
4,16,remote_balanced,S,hb-6,hb,13,12,2049,131136,0.07562001771479185,0.37890625
4,16,remote_balanced,S,c3-c7,stitch,14,6,2542,162688,0.09381458517862415,0.5
4,16,remote_balanced,S,c6-c7,stitch,14,12,263,16832,0.009706229701801003,0.5
4,16,remote_balanced,S,hb-7,hb,14,15,258,16512,0.009521700620017715,0.25
4,16,remote_balanced,S,c7-c11,stitch,14,22,4870,311680,0.17973132565692354,0.5
4,16,remote_balanced,S,hb-7,hb,15,14,2049,131136,0.07562001771479185,0.37890625
4,16,remote_balanced,S,c4-c8,stitch,16,8,4614,295296,0.17028343666961912,0.5
4,16,remote_balanced,S,hb-8,hb,16,17,258,16512,0.009521700620017715,0.25
4,16,remote_balanced,S,c8-c9,stitch,16,18,256,16384,0.0094478889873044,0.5
4,16,remote_balanced,S,c8-c12,stitch,16,24,2307,147648,0.08514171833480956,0.25
4,16,remote_balanced,S,hb-8,hb,17,16,2049,131136,0.07562001771479185,0.5
4,16,remote_balanced,S,c5-c9,stitch,18,10,4619,295616,0.1704679657514024,0.5
4,16,remote_balanced,S,c8-c9,stitch,18,16,256,16384,0.0094478889873044,0.5
4,16,remote_balanced,S,hb-9,hb,18,19,258,16512,0.009521700620017715,0.5
4,16,remote_balanced,S,c9-c10,stitch,18,20,256,16384,0.0094478889873044,0.5
4,16,remote_balanced,S,c9-c13,stitch,18,26,2307,147648,0.08514171833480956,0.5
4,16,remote_balanced,S,hb-9,hb,19,18,2049,131136,0.07562001771479185,0.5
4,16,remote_balanced,S,c6-c10,stitch,20,12,4623,295872,0.17061558901682905,0.5
4,16,remote_balanced,S,c9-c10,stitch,20,18,256,16384,0.0094478889873044,0.5
4,16,remote_balanced,S,hb-10,hb,20,21,258,16512,0.009521700620017715,0.25
4,16,remote_balanced,S,c10-c11,stitch,20,22,256,16384,0.0094478889873044,0.5
4,16,remote_balanced,S,c10-c14,stitch,20,28,2307,147648,0.08514171833480956,0.25
4,16,remote_balanced,S,hb-10,hb,21,20,2049,131136,0.07562001771479185,0.37890625
4,16,remote_balanced,S,c7-c11,stitch,22,14,4856,310784,0.17921464422793032,0.5
4,16,remote_balanced,S,c10-c11,stitch,22,20,256,16384,0.0094478889873044,0.5
4,16,remote_balanced,S,hb-11,hb,22,23,258,16512,0.009521700620017715,0.25
4,16,remote_balanced,S,c11-c15,stitch,22,30,2563,164032,0.09458960732211397,0.5
4,16,remote_balanced,S,hb-11,hb,23,22,2049,131136,0.07562001771479185,0.37890625
4,16,remote_balanced,S,c8-c12,stitch,24,16,2307,147648,0.08514171833480956,0.5
4,16,remote_balanced,S,hb-12,hb,24,25,258,16512,0.009521700620017715,0.25
4,16,remote_balanced,S,c12-c13,stitch,24,26,256,16384,0.0094478889873044,0.5
4,16,remote_balanced,S,hb-12,hb,25,24,2049,131136,0.07562001771479185,0.5
4,16,remote_balanced,S,c9-c13,stitch,26,18,2312,147968,0.08532624741659285,0.5
4,16,remote_balanced,S,c12-c13,stitch,26,24,256,16384,0.0094478889873044,0.5
4,16,remote_balanced,S,hb-13,hb,26,27,258,16512,0.009521700620017715,0.5
4,16,remote_balanced,S,c13-c14,stitch,26,28,256,16384,0.0094478889873044,0.5
4,16,remote_balanced,S,hb-13,hb,27,26,2049,131136,0.07562001771479185,0.5
4,16,remote_balanced,S,c10-c14,stitch,28,20,2316,148224,0.08547387068201949,0.32421875
4,16,remote_balanced,S,c13-c14,stitch,28,26,261,16704,0.009632418069087689,0.5
4,16,remote_balanced,S,hb-14,hb,28,29,258,16512,0.009521700620017715,0.25
4,16,remote_balanced,S,c14-c15,stitch,28,30,256,16384,0.0094478889873044,0.5
4,16,remote_balanced,S,hb-14,hb,29,28,2049,131136,0.07562001771479185,0.4453125
4,16,remote_balanced,S,c11-c15,stitch,30,22,2549,163136,0.09407292589312076,0.5
4,16,remote_balanced,S,c14-c15,stitch,30,28,270,17280,0.009964570416297608,0.5
4,16,remote_balanced,S,hb-15,hb,30,31,258,16512,0.009521700620017715,0.25
4,16,remote_balanced,S,hb-15,hb,31,30,2049,131136,0.07562001771479185,0.4453125
4,16,remote_balanced,S,edge-io,io,32,0,256,16384,0.0094478889873044,0.5
6,36,local,U0,c0-c1,stitch,0,2,256,16384,0.01728795245813074,0.5
6,36,local,U0,edge-io,io,0,72,1,64,6.75310642895732e-05,0.00390625
6,36,local,U0,c0-c1,stitch,2,0,256,16384,0.01728795245813074,0.5
6,36,local,U0,c1-c2,stitch,2,4,256,16384,0.01728795245813074,0.5
6,36,local,U0,c1-c2,stitch,4,2,246,15744,0.01661264181523501,0.48046875
6,36,local,U0,c2-c3,stitch,4,6,256,16384,0.01728795245813074,0.5
6,36,local,U0,c2-c3,stitch,6,4,195,12480,0.013168557536466775,0.39453125
6,36,local,U0,c3-c4,stitch,6,8,256,16384,0.01728795245813074,0.5
6,36,local,U0,c3-c4,stitch,8,6,128,8192,0.00864397622906537,0.25390625
6,36,local,U0,c4-c5,stitch,8,10,256,16384,0.01728795245813074,0.5
6,36,local,U0,c4-c5,stitch,10,8,61,3904,0.004119394921663966,0.109375
6,36,local,U0,c5-c11,stitch,10,22,256,16384,0.01728795245813074,0.5
6,36,local,U0,c6-c7,stitch,12,14,256,16384,0.01728795245813074,0.5
6,36,local,U0,c1-c7,stitch,14,2,10,640,0.000675310642895732,0.01953125
6,36,local,U0,c6-c7,stitch,14,12,256,16384,0.01728795245813074,0.5
6,36,local,U0,c7-c8,stitch,14,16,256,16384,0.01728795245813074,0.5
6,36,local,U0,c2-c8,stitch,16,4,51,3264,0.0034440842787682334,0.10546875
6,36,local,U0,c7-c8,stitch,16,14,258,16512,0.017423014586709886,0.5
6,36,local,U0,c8-c9,stitch,16,18,256,16384,0.01728795245813074,0.5
6,36,local,U0,c3-c9,stitch,18,6,67,4288,0.004524581307401404,0.140625
6,36,local,U0,c8-c9,stitch,18,16,261,16704,0.017625607779578605,0.5
6,36,local,U0,c9-c10,stitch,18,20,256,16384,0.01728795245813074,0.5
6,36,local,U0,c4-c10,stitch,20,8,67,4288,0.004524581307401404,0.12109375
6,36,local,U0,c9-c10,stitch,20,18,261,16704,0.017625607779578605,0.5
6,36,local,U0,c10-c11,stitch,20,22,256,16384,0.01728795245813074,0.5
6,36,local,U0,c5-c11,stitch,22,10,61,3904,0.004119394921663966,0.12109375
6,36,local,U0,c10-c11,stitch,22,20,259,16576,0.01749054565099946,0.5
6,36,local,U0,c11-c17,stitch,22,34,256,16384,0.01728795245813074,0.5
6,36,local,U0,c12-c13,stitch,24,26,256,16384,0.01728795245813074,0.5
6,36,local,U0,c7-c13,stitch,26,14,8,512,0.0005402485143165856,0.02734375
6,36,local,U0,c12-c13,stitch,26,24,256,16384,0.01728795245813074,0.5
6,36,local,U0,c13-c14,stitch,26,28,256,16384,0.01728795245813074,0.5
6,36,local,U0,c8-c14,stitch,28,16,48,3072,0.0032414910858995136,0.09765625
6,36,local,U0,c13-c14,stitch,28,26,257,16448,0.017355483522420313,0.5
6,36,local,U0,c14-c15,stitch,28,30,256,16384,0.01728795245813074,0.5
6,36,local,U0,c9-c15,stitch,30,18,67,4288,0.004524581307401404,0.15625
6,36,local,U0,c14-c15,stitch,30,28,274,17536,0.018503511615343058,0.5
6,36,local,U0,c15-c16,stitch,30,32,256,16384,0.01728795245813074,0.5
6,36,local,U0,c10-c16,stitch,32,20,69,4416,0.004659643435980551,0.12890625
6,36,local,U0,c15-c16,stitch,32,30,277,17728,0.018706104808211776,0.5
6,36,local,U0,c16-c17,stitch,32,34,256,16384,0.01728795245813074,0.5
6,36,local,U0,c11-c17,stitch,34,22,64,4096,0.004321988114532685,0.140625
6,36,local,U0,c16-c17,stitch,34,32,276,17664,0.018638573743922204,0.5
6,36,local,U0,c17-c23,stitch,34,46,256,16384,0.01728795245813074,0.5
6,36,local,U0,c18-c19,stitch,36,38,256,16384,0.01728795245813074,0.5
6,36,local,U0,c13-c19,stitch,38,26,7,448,0.00047271745002701245,0.02734375
6,36,local,U0,c18-c19,stitch,38,36,256,16384,0.01728795245813074,0.5
6,36,local,U0,c19-c20,stitch,38,40,256,16384,0.01728795245813074,0.5
6,36,local,U0,c14-c20,stitch,40,28,31,1984,0.0020934629929767693,0.09765625
6,36,local,U0,c19-c20,stitch,40,38,258,16512,0.017423014586709886,0.5
6,36,local,U0,c20-c21,stitch,40,42,256,16384,0.01728795245813074,0.5
6,36,local,U0,c15-c21,stitch,42,30,64,4096,0.004321988114532685,0.12890625
6,36,local,U0,c20-c21,stitch,42,40,278,17792,0.01877363587250135,0.5
6,36,local,U0,c21-c22,stitch,42,44,256,16384,0.01728795245813074,0.5
6,36,local,U0,c16-c22,stitch,44,32,70,4480,0.004727174500270125,0.13671875
6,36,local,U0,c21-c22,stitch,44,42,308,19712,0.020799567801188548,0.5
6,36,local,U0,c22-c23,stitch,44,46,256,16384,0.01728795245813074,0.5
6,36,local,U0,c17-c23,stitch,46,34,84,5376,0.005672609400324149,0.1796875
6,36,local,U0,c22-c23,stitch,46,44,316,20224,0.021339816315505133,0.5
6,36,local,U0,c23-c29,stitch,46,58,256,16384,0.01728795245813074,0.5
6,36,local,U0,c24-c25,stitch,48,50,256,16384,0.01728795245813074,0.5
6,36,local,U0,c19-c25,stitch,50,38,5,320,0.000337655321447866,0.01953125
6,36,local,U0,c24-c25,stitch,50,48,256,16384,0.01728795245813074,0.5
6,36,local,U0,c25-c26,stitch,50,52,256,16384,0.01728795245813074,0.5
6,36,local,U0,c20-c26,stitch,52,40,11,704,0.0007428417071853053,0.04296875
6,36,local,U0,c25-c26,stitch,52,50,261,16704,0.017625607779578605,0.5
6,36,local,U0,c26-c27,stitch,52,54,256,16384,0.01728795245813074,0.5
6,36,local,U0,c21-c27,stitch,54,42,34,2176,0.002296056185845489,0.078125
6,36,local,U0,c26-c27,stitch,54,52,263,16832,0.017760669908157754,0.5
6,36,local,U0,c27-c28,stitch,54,56,256,16384,0.01728795245813074,0.5
6,36,local,U0,c22-c28,stitch,56,44,62,3968,0.004186925985953539,0.1484375
6,36,local,U0,c27-c28,stitch,56,54,286,18304,0.019313884386817935,0.5
6,36,local,U0,c28-c29,stitch,56,58,256,16384,0.01728795245813074,0.5
6,36,local,U0,c23-c29,stitch,58,46,144,9216,0.009724473257698542,0.265625
6,36,local,U0,c28-c29,stitch,58,56,323,20672,0.021812533765532143,0.5
6,36,local,U0,c29-c35,stitch,58,70,256,16384,0.01728795245813074,0.5
6,36,local,U0,c30-c31,stitch,60,62,256,16384,0.01728795245813074,0.5
6,36,local,U0,c30-c31,stitch,62,60,256,16384,0.01728795245813074,0.46484375
6,36,local,U0,c31-c32,stitch,62,64,256,16384,0.01728795245813074,0.5
6,36,local,U0,c26-c32,stitch,64,52,9,576,0.0006077795786061589,0.03515625
6,36,local,U0,c31-c32,stitch,64,62,256,16384,0.01728795245813074,0.4765625
6,36,local,U0,c32-c33,stitch,64,66,256,16384,0.01728795245813074,0.5
6,36,local,U0,c27-c33,stitch,66,54,11,704,0.0007428417071853053,0.04296875
6,36,local,U0,c32-c33,stitch,66,64,265,16960,0.0178957320367369,0.49609375
6,36,local,U0,c33-c34,stitch,66,68,256,16384,0.01728795245813074,0.5
6,36,local,U0,c28-c34,stitch,68,56,25,1600,0.00168827660723933,0.0625
6,36,local,U0,c33-c34,stitch,68,66,276,17664,0.018638573743922204,0.46484375
6,36,local,U0,c34-c35,stitch,68,70,256,16384,0.01728795245813074,0.5
6,36,local,U0,c29-c35,stitch,70,58,211,13504,0.014249054565099947,0.5
6,36,local,U0,c34-c35,stitch,70,68,301,19264,0.020326850351161534,0.5
6,36,local,U0,edge-io,io,72,0,256,16384,0.01728795245813074,0.5
6,36,local,U1,c0-c1,stitch,0,2,256,16384,0.011854047045749213,0.5
6,36,local,U1,edge-io,io,0,72,1,64,4.630487127245786e-05,0.00390625
6,36,local,U1,c0-c1,stitch,2,0,256,16384,0.011854047045749213,0.5
6,36,local,U1,c1-c2,stitch,2,4,256,16384,0.011854047045749213,0.5
6,36,local,U1,c1-c2,stitch,4,2,256,16384,0.011854047045749213,0.5
6,36,local,U1,c2-c3,stitch,4,6,256,16384,0.011854047045749213,0.5
6,36,local,U1,c2-c3,stitch,6,4,253,16192,0.011715132431931839,0.47265625
6,36,local,U1,c3-c4,stitch,6,8,256,16384,0.011854047045749213,0.5
6,36,local,U1,c3-c4,stitch,8,6,237,15168,0.010974254491572513,0.48828125
6,36,local,U1,c4-c5,stitch,8,10,256,16384,0.011854047045749213,0.5
6,36,local,U1,c4-c5,stitch,10,8,213,13632,0.009862937581033526,0.5
6,36,local,U1,c5-c11,stitch,10,22,256,16384,0.011854047045749213,0.5
6,36,local,U1,c6-c7,stitch,12,14,256,16384,0.011854047045749213,0.5
6,36,local,U1,c6-c7,stitch,14,12,256,16384,0.011854047045749213,0.5
6,36,local,U1,c7-c8,stitch,14,16,256,16384,0.011854047045749213,0.5
6,36,local,U1,c2-c8,stitch,16,4,3,192,0.00013891461381737358,0.01171875
6,36,local,U1,c7-c8,stitch,16,14,256,16384,0.011854047045749213,0.5
6,36,local,U1,c8-c9,stitch,16,18,256,16384,0.011854047045749213,0.5
6,36,local,U1,c3-c9,stitch,18,6,16,1024,0.0007408779403593258,0.04296875
6,36,local,U1,c8-c9,stitch,18,16,259,16576,0.011992961659566587,0.5
6,36,local,U1,c9-c10,stitch,18,20,256,16384,0.011854047045749213,0.5
6,36,local,U1,c4-c10,stitch,20,8,24,1536,0.0011113169105389886,0.05859375
6,36,local,U1,c9-c10,stitch,20,18,267,17088,0.01236340062974625,0.5
6,36,local,U1,c10-c11,stitch,20,22,256,16384,0.011854047045749213,0.5
6,36,local,U1,c5-c11,stitch,22,10,213,13632,0.009862937581033526,0.5
6,36,local,U1,c10-c11,stitch,22,20,267,17088,0.01236340062974625,0.5
6,36,local,U1,c11-c17,stitch,22,34,256,16384,0.011854047045749213,0.5
6,36,local,U1,c12-c13,stitch,24,26,256,16384,0.011854047045749213,0.5
6,36,local,U1,c12-c13,stitch,26,24,256,16384,0.011854047045749213,0.5
6,36,local,U1,c13-c14,stitch,26,28,256,16384,0.011854047045749213,0.5
6,36,local,U1,c13-c14,stitch,28,26,256,16384,0.011854047045749213,0.5
6,36,local,U1,c14-c15,stitch,28,30,256,16384,0.011854047045749213,0.5
6,36,local,U1,c9-c15,stitch,30,18,8,512,0.0003704389701796629,0.01953125
6,36,local,U1,c14-c15,stitch,30,28,256,16384,0.011854047045749213,0.5
6,36,local,U1,c15-c16,stitch,30,32,256,16384,0.011854047045749213,0.5
6,36,local,U1,c10-c16,stitch,32,20,24,1536,0.0011113169105389886,0.05859375
6,36,local,U1,c15-c16,stitch,32,30,259,16576,0.011992961659566587,0.5
6,36,local,U1,c16-c17,stitch,32,34,256,16384,0.011854047045749213,0.5
6,36,local,U1,c11-c17,stitch,34,22,224,14336,0.010372291165030561,0.5
6,36,local,U1,c16-c17,stitch,34,32,267,17088,0.01236340062974625,0.5
6,36,local,U1,c17-c23,stitch,34,46,256,16384,0.011854047045749213,0.5
6,36,local,U1,c18-c19,stitch,36,38,256,16384,0.011854047045749213,0.5
6,36,local,U1,c18-c19,stitch,38,36,256,16384,0.011854047045749213,0.5
6,36,local,U1,c19-c20,stitch,38,40,256,16384,0.011854047045749213,0.5
6,36,local,U1,c19-c20,stitch,40,38,256,16384,0.011854047045749213,0.5
6,36,local,U1,c20-c21,stitch,40,42,256,16384,0.011854047045749213,0.5
6,36,local,U1,c15-c21,stitch,42,30,5,320,0.0002315243563622893,0.01953125
6,36,local,U1,c20-c21,stitch,42,40,256,16384,0.011854047045749213,0.5
6,36,local,U1,c21-c22,stitch,42,44,256,16384,0.011854047045749213,0.5
6,36,local,U1,c16-c22,stitch,44,32,16,1024,0.0007408779403593258,0.03515625
6,36,local,U1,c21-c22,stitch,44,42,256,16384,0.011854047045749213,0.5
6,36,local,U1,c22-c23,stitch,44,46,256,16384,0.011854047045749213,0.5
6,36,local,U1,c17-c23,stitch,46,34,235,15040,0.010881644749027598,0.5
6,36,local,U1,c22-c23,stitch,46,44,263,16832,0.012178181144656419,0.5
6,36,local,U1,c23-c29,stitch,46,58,256,16384,0.011854047045749213,0.5
6,36,local,U1,c24-c25,stitch,48,50,256,16384,0.011854047045749213,0.5
6,36,local,U1,c24-c25,stitch,50,48,256,16384,0.011854047045749213,0.5
6,36,local,U1,c25-c26,stitch,50,52,256,16384,0.011854047045749213,0.5
6,36,local,U1,c25-c26,stitch,52,50,256,16384,0.011854047045749213,0.5
6,36,local,U1,c26-c27,stitch,52,54,256,16384,0.011854047045749213,0.5
6,36,local,U1,c21-c27,stitch,54,42,5,320,0.0002315243563622893,0.01953125
6,36,local,U1,c26-c27,stitch,54,52,256,16384,0.011854047045749213,0.5
6,36,local,U1,c27-c28,stitch,54,56,256,16384,0.011854047045749213,0.5
6,36,local,U1,c22-c28,stitch,56,44,9,576,0.0004167438414521208,0.03515625
6,36,local,U1,c27-c28,stitch,56,54,256,16384,0.011854047045749213,0.5
6,36,local,U1,c28-c29,stitch,56,58,256,16384,0.011854047045749213,0.5
6,36,local,U1,c23-c29,stitch,58,46,242,15488,0.011205778847934804,0.5
6,36,local,U1,c28-c29,stitch,58,56,256,16384,0.011854047045749213,0.5
6,36,local,U1,c29-c35,stitch,58,70,256,16384,0.011854047045749213,0.5
6,36,local,U1,c30-c31,stitch,60,62,256,16384,0.011854047045749213,0.5
6,36,local,U1,c30-c31,stitch,62,60,256,16384,0.011854047045749213,0.5
6,36,local,U1,c31-c32,stitch,62,64,256,16384,0.011854047045749213,0.5
6,36,local,U1,c31-c32,stitch,64,62,256,16384,0.011854047045749213,0.5
6,36,local,U1,c32-c33,stitch,64,66,256,16384,0.011854047045749213,0.5
6,36,local,U1,c27-c33,stitch,66,54,5,320,0.0002315243563622893,0.01953125
6,36,local,U1,c32-c33,stitch,66,64,256,16384,0.011854047045749213,0.5
6,36,local,U1,c33-c34,stitch,66,68,256,16384,0.011854047045749213,0.5
6,36,local,U1,c28-c34,stitch,68,56,9,576,0.0004167438414521208,0.03515625
6,36,local,U1,c33-c34,stitch,68,66,261,16704,0.012085571402111502,0.5
6,36,local,U1,c34-c35,stitch,68,70,256,16384,0.011854047045749213,0.5
6,36,local,U1,c29-c35,stitch,70,58,242,15488,0.011205778847934804,0.5
6,36,local,U1,c34-c35,stitch,70,68,270,17280,0.012502315243563622,0.5
6,36,local,U1,edge-io,io,72,0,256,16384,0.011854047045749213,0.5
6,36,local,S,hb-0,hb,0,1,258,16512,0.010793624231268041,0.5
6,36,local,S,c0-c1,stitch,0,2,256,16384,0.010709952725599298,0.5
6,36,local,S,edge-io,io,0,72,1,64,4.1835752834372257e-05,0.00390625
6,36,local,S,hb-0,hb,1,0,2049,131136,0.08572145755762875,0.5
6,36,local,S,c0-c1,stitch,2,0,256,16384,0.010709952725599298,0.5
6,36,local,S,hb-1,hb,2,3,258,16512,0.010793624231268041,0.5
6,36,local,S,c1-c2,stitch,2,4,256,16384,0.010709952725599298,0.5
6,36,local,S,hb-1,hb,3,2,2049,131136,0.08572145755762875,0.5
6,36,local,S,c1-c2,stitch,4,2,256,16384,0.010709952725599298,0.5
6,36,local,S,hb-2,hb,4,5,258,16512,0.010793624231268041,0.5
6,36,local,S,c2-c3,stitch,4,6,256,16384,0.010709952725599298,0.5
6,36,local,S,hb-2,hb,5,4,2049,131136,0.08572145755762875,0.5
6,36,local,S,c2-c3,stitch,6,4,253,16192,0.01058444546709618,0.47265625
6,36,local,S,hb-3,hb,6,7,258,16512,0.010793624231268041,0.5
6,36,local,S,c3-c4,stitch,6,8,256,16384,0.010709952725599298,0.5
6,36,local,S,hb-3,hb,7,6,2049,131136,0.08572145755762875,0.5
6,36,local,S,c3-c4,stitch,8,6,237,15168,0.009915073421746225,0.48828125
6,36,local,S,hb-4,hb,8,9,258,16512,0.010793624231268041,0.5
6,36,local,S,c4-c5,stitch,8,10,256,16384,0.010709952725599298,0.5
6,36,local,S,hb-4,hb,9,8,2049,131136,0.08572145755762875,0.5
6,36,local,S,c4-c5,stitch,10,8,213,13632,0.00891101535372129,0.5
6,36,local,S,hb-5,hb,10,11,258,16512,0.010793624231268041,0.5
6,36,local,S,c5-c11,stitch,10,22,256,16384,0.010709952725599298,0.5
6,36,local,S,hb-5,hb,11,10,2049,131136,0.08572145755762875,0.5
6,36,local,S,hb-6,hb,12,13,258,16512,0.010793624231268041,0.5
6,36,local,S,c6-c7,stitch,12,14,256,16384,0.010709952725599298,0.5
6,36,local,S,hb-6,hb,13,12,2049,131136,0.08572145755762875,0.5
6,36,local,S,c6-c7,stitch,14,12,256,16384,0.010709952725599298,0.5
6,36,local,S,hb-7,hb,14,15,258,16512,0.010793624231268041,0.5
6,36,local,S,c7-c8,stitch,14,16,256,16384,0.010709952725599298,0.5
6,36,local,S,hb-7,hb,15,14,2049,131136,0.08572145755762875,0.5
6,36,local,S,c2-c8,stitch,16,4,3,192,0.00012550725850311677,0.01171875
6,36,local,S,c7-c8,stitch,16,14,256,16384,0.010709952725599298,0.5
6,36,local,S,hb-8,hb,16,17,258,16512,0.010793624231268041,0.5
6,36,local,S,c8-c9,stitch,16,18,256,16384,0.010709952725599298,0.5
6,36,local,S,hb-8,hb,17,16,2049,131136,0.08572145755762875,0.5
6,36,local,S,c3-c9,stitch,18,6,16,1024,0.0006693720453499561,0.04296875
6,36,local,S,c8-c9,stitch,18,16,259,16576,0.010835459984102415,0.5
6,36,local,S,hb-9,hb,18,19,258,16512,0.010793624231268041,0.5
6,36,local,S,c9-c10,stitch,18,20,256,16384,0.010709952725599298,0.5
6,36,local,S,hb-9,hb,19,18,2049,131136,0.08572145755762875,0.5
6,36,local,S,c4-c10,stitch,20,8,24,1536,0.0010040580680249342,0.05859375
6,36,local,S,c9-c10,stitch,20,18,267,17088,0.011170146006777392,0.5
6,36,local,S,hb-10,hb,20,21,258,16512,0.010793624231268041,0.5
6,36,local,S,c10-c11,stitch,20,22,256,16384,0.010709952725599298,0.5
6,36,local,S,hb-10,hb,21,20,2049,131136,0.08572145755762875,0.5
6,36,local,S,c5-c11,stitch,22,10,213,13632,0.00891101535372129,0.5
6,36,local,S,c10-c11,stitch,22,20,267,17088,0.011170146006777392,0.5
6,36,local,S,hb-11,hb,22,23,258,16512,0.010793624231268041,0.5
6,36,local,S,c11-c17,stitch,22,34,256,16384,0.010709952725599298,0.5
6,36,local,S,hb-11,hb,23,22,2049,131136,0.08572145755762875,0.5
6,36,local,S,hb-12,hb,24,25,258,16512,0.010793624231268041,0.5
6,36,local,S,c12-c13,stitch,24,26,256,16384,0.010709952725599298,0.5
6,36,local,S,hb-12,hb,25,24,2049,131136,0.08572145755762875,0.5
6,36,local,S,c12-c13,stitch,26,24,256,16384,0.010709952725599298,0.5
6,36,local,S,hb-13,hb,26,27,258,16512,0.010793624231268041,0.5
6,36,local,S,c13-c14,stitch,26,28,256,16384,0.010709952725599298,0.5
6,36,local,S,hb-13,hb,27,26,2049,131136,0.08572145755762875,0.5
6,36,local,S,c13-c14,stitch,28,26,256,16384,0.010709952725599298,0.5
6,36,local,S,hb-14,hb,28,29,258,16512,0.010793624231268041,0.5
6,36,local,S,c14-c15,stitch,28,30,256,16384,0.010709952725599298,0.5
6,36,local,S,hb-14,hb,29,28,2049,131136,0.08572145755762875,0.5
6,36,local,S,c9-c15,stitch,30,18,8,512,0.00033468602267497805,0.01953125
6,36,local,S,c14-c15,stitch,30,28,256,16384,0.010709952725599298,0.5
6,36,local,S,hb-15,hb,30,31,258,16512,0.010793624231268041,0.5
6,36,local,S,c15-c16,stitch,30,32,256,16384,0.010709952725599298,0.5
6,36,local,S,hb-15,hb,31,30,2049,131136,0.08572145755762875,0.5
6,36,local,S,c10-c16,stitch,32,20,24,1536,0.0010040580680249342,0.05859375
6,36,local,S,c15-c16,stitch,32,30,259,16576,0.010835459984102415,0.5
6,36,local,S,hb-16,hb,32,33,258,16512,0.010793624231268041,0.5
6,36,local,S,c16-c17,stitch,32,34,256,16384,0.010709952725599298,0.5
6,36,local,S,hb-16,hb,33,32,2049,131136,0.08572145755762875,0.5
6,36,local,S,c11-c17,stitch,34,22,224,14336,0.009371208634899385,0.5
6,36,local,S,c16-c17,stitch,34,32,267,17088,0.011170146006777392,0.5
6,36,local,S,hb-17,hb,34,35,258,16512,0.010793624231268041,0.5
6,36,local,S,c17-c23,stitch,34,46,256,16384,0.010709952725599298,0.5
6,36,local,S,hb-17,hb,35,34,2049,131136,0.08572145755762875,0.5
6,36,local,S,hb-18,hb,36,37,258,16512,0.010793624231268041,0.5
6,36,local,S,c18-c19,stitch,36,38,256,16384,0.010709952725599298,0.5
6,36,local,S,hb-18,hb,37,36,2049,131136,0.08572145755762875,0.5
6,36,local,S,c18-c19,stitch,38,36,256,16384,0.010709952725599298,0.5
6,36,local,S,hb-19,hb,38,39,258,16512,0.010793624231268041,0.5
6,36,local,S,c19-c20,stitch,38,40,256,16384,0.010709952725599298,0.5
6,36,local,S,hb-19,hb,39,38,2049,131136,0.08572145755762875,0.5
6,36,local,S,c19-c20,stitch,40,38,256,16384,0.010709952725599298,0.5
6,36,local,S,hb-20,hb,40,41,258,16512,0.010793624231268041,0.5
6,36,local,S,c20-c21,stitch,40,42,256,16384,0.010709952725599298,0.5
6,36,local,S,hb-20,hb,41,40,2049,131136,0.08572145755762875,0.5
6,36,local,S,c15-c21,stitch,42,30,5,320,0.00020917876417186128,0.01953125
6,36,local,S,c20-c21,stitch,42,40,256,16384,0.010709952725599298,0.5
6,36,local,S,hb-21,hb,42,43,258,16512,0.010793624231268041,0.5
6,36,local,S,c21-c22,stitch,42,44,256,16384,0.010709952725599298,0.5
6,36,local,S,hb-21,hb,43,42,2049,131136,0.08572145755762875,0.5
6,36,local,S,c16-c22,stitch,44,32,16,1024,0.0006693720453499561,0.03515625
6,36,local,S,c21-c22,stitch,44,42,256,16384,0.010709952725599298,0.5
6,36,local,S,hb-22,hb,44,45,258,16512,0.010793624231268041,0.5
6,36,local,S,c22-c23,stitch,44,46,256,16384,0.010709952725599298,0.5
6,36,local,S,hb-22,hb,45,44,2049,131136,0.08572145755762875,0.5
6,36,local,S,c17-c23,stitch,46,34,235,15040,0.00983140191607748,0.5
6,36,local,S,c22-c23,stitch,46,44,263,16832,0.011002802995439903,0.5
6,36,local,S,hb-23,hb,46,47,258,16512,0.010793624231268041,0.5
6,36,local,S,c23-c29,stitch,46,58,256,16384,0.010709952725599298,0.5
6,36,local,S,hb-23,hb,47,46,2049,131136,0.08572145755762875,0.5
6,36,local,S,hb-24,hb,48,49,258,16512,0.010793624231268041,0.5
6,36,local,S,c24-c25,stitch,48,50,256,16384,0.010709952725599298,0.5
6,36,local,S,hb-24,hb,49,48,2049,131136,0.08572145755762875,0.5
6,36,local,S,c24-c25,stitch,50,48,256,16384,0.010709952725599298,0.5
6,36,local,S,hb-25,hb,50,51,258,16512,0.010793624231268041,0.5
6,36,local,S,c25-c26,stitch,50,52,256,16384,0.010709952725599298,0.5
6,36,local,S,hb-25,hb,51,50,2049,131136,0.08572145755762875,0.5
6,36,local,S,c25-c26,stitch,52,50,256,16384,0.010709952725599298,0.5
6,36,local,S,hb-26,hb,52,53,258,16512,0.010793624231268041,0.5
6,36,local,S,c26-c27,stitch,52,54,256,16384,0.010709952725599298,0.5
6,36,local,S,hb-26,hb,53,52,2049,131136,0.08572145755762875,0.5
6,36,local,S,c21-c27,stitch,54,42,5,320,0.00020917876417186128,0.01953125
6,36,local,S,c26-c27,stitch,54,52,256,16384,0.010709952725599298,0.5
6,36,local,S,hb-27,hb,54,55,258,16512,0.010793624231268041,0.5
6,36,local,S,c27-c28,stitch,54,56,256,16384,0.010709952725599298,0.5
6,36,local,S,hb-27,hb,55,54,2049,131136,0.08572145755762875,0.5
6,36,local,S,c22-c28,stitch,56,44,9,576,0.0003765217755093503,0.03515625
6,36,local,S,c27-c28,stitch,56,54,256,16384,0.010709952725599298,0.5
6,36,local,S,hb-28,hb,56,57,258,16512,0.010793624231268041,0.5
6,36,local,S,c28-c29,stitch,56,58,256,16384,0.010709952725599298,0.5
6,36,local,S,hb-28,hb,57,56,2049,131136,0.08572145755762875,0.5
6,36,local,S,c23-c29,stitch,58,46,242,15488,0.010124252185918085,0.5
6,36,local,S,c28-c29,stitch,58,56,256,16384,0.010709952725599298,0.5
6,36,local,S,hb-29,hb,58,59,258,16512,0.010793624231268041,0.5
6,36,local,S,c29-c35,stitch,58,70,256,16384,0.010709952725599298,0.5
6,36,local,S,hb-29,hb,59,58,2049,131136,0.08572145755762875,0.5
6,36,local,S,hb-30,hb,60,61,258,16512,0.010793624231268041,0.5
6,36,local,S,c30-c31,stitch,60,62,256,16384,0.010709952725599298,0.5
6,36,local,S,hb-30,hb,61,60,2049,131136,0.08572145755762875,0.5
6,36,local,S,c30-c31,stitch,62,60,256,16384,0.010709952725599298,0.5
6,36,local,S,hb-31,hb,62,63,258,16512,0.010793624231268041,0.5
6,36,local,S,c31-c32,stitch,62,64,256,16384,0.010709952725599298,0.5
6,36,local,S,hb-31,hb,63,62,2049,131136,0.08572145755762875,0.5
6,36,local,S,c31-c32,stitch,64,62,256,16384,0.010709952725599298,0.5
6,36,local,S,hb-32,hb,64,65,258,16512,0.010793624231268041,0.5
6,36,local,S,c32-c33,stitch,64,66,256,16384,0.010709952725599298,0.5
6,36,local,S,hb-32,hb,65,64,2049,131136,0.08572145755762875,0.5
6,36,local,S,c27-c33,stitch,66,54,5,320,0.00020917876417186128,0.01953125
6,36,local,S,c32-c33,stitch,66,64,256,16384,0.010709952725599298,0.5
6,36,local,S,hb-33,hb,66,67,258,16512,0.010793624231268041,0.5
6,36,local,S,c33-c34,stitch,66,68,256,16384,0.010709952725599298,0.5
6,36,local,S,hb-33,hb,67,66,2049,131136,0.08572145755762875,0.5
6,36,local,S,c28-c34,stitch,68,56,9,576,0.0003765217755093503,0.03515625
6,36,local,S,c33-c34,stitch,68,66,261,16704,0.010919131489771158,0.5
6,36,local,S,hb-34,hb,68,69,258,16512,0.010793624231268041,0.5
6,36,local,S,c34-c35,stitch,68,70,256,16384,0.010709952725599298,0.5
6,36,local,S,hb-34,hb,69,68,2049,131136,0.08572145755762875,0.5
6,36,local,S,c29-c35,stitch,70,58,242,15488,0.010124252185918085,0.5
6,36,local,S,c34-c35,stitch,70,68,270,17280,0.011295653265280509,0.5
6,36,local,S,hb-35,hb,70,71,258,16512,0.010793624231268041,0.5
6,36,local,S,hb-35,hb,71,70,2049,131136,0.08572145755762875,0.5
6,36,local,S,edge-io,io,72,0,256,16384,0.010709952725599298,0.5
6,36,clustered_local,U0,c0-c1,stitch,0,2,256,16384,0.01728795245813074,0.5
6,36,clustered_local,U0,edge-io,io,0,72,1,64,6.75310642895732e-05,0.00390625
6,36,clustered_local,U0,c0-c1,stitch,2,0,256,16384,0.01728795245813074,0.5
6,36,clustered_local,U0,c1-c2,stitch,2,4,256,16384,0.01728795245813074,0.5
6,36,clustered_local,U0,c1-c2,stitch,4,2,246,15744,0.01661264181523501,0.48046875
6,36,clustered_local,U0,c2-c3,stitch,4,6,256,16384,0.01728795245813074,0.5
6,36,clustered_local,U0,c2-c3,stitch,6,4,195,12480,0.013168557536466775,0.39453125
6,36,clustered_local,U0,c3-c4,stitch,6,8,256,16384,0.01728795245813074,0.5
6,36,clustered_local,U0,c3-c4,stitch,8,6,128,8192,0.00864397622906537,0.25390625
6,36,clustered_local,U0,c4-c5,stitch,8,10,256,16384,0.01728795245813074,0.5
6,36,clustered_local,U0,c4-c5,stitch,10,8,61,3904,0.004119394921663966,0.109375
6,36,clustered_local,U0,c5-c11,stitch,10,22,256,16384,0.01728795245813074,0.5
6,36,clustered_local,U0,c6-c7,stitch,12,14,256,16384,0.01728795245813074,0.5
6,36,clustered_local,U0,c1-c7,stitch,14,2,10,640,0.000675310642895732,0.01953125
6,36,clustered_local,U0,c6-c7,stitch,14,12,256,16384,0.01728795245813074,0.5
6,36,clustered_local,U0,c7-c8,stitch,14,16,256,16384,0.01728795245813074,0.5
6,36,clustered_local,U0,c2-c8,stitch,16,4,51,3264,0.0034440842787682334,0.10546875
6,36,clustered_local,U0,c7-c8,stitch,16,14,258,16512,0.017423014586709886,0.5
6,36,clustered_local,U0,c8-c9,stitch,16,18,256,16384,0.01728795245813074,0.5
6,36,clustered_local,U0,c3-c9,stitch,18,6,67,4288,0.004524581307401404,0.140625
6,36,clustered_local,U0,c8-c9,stitch,18,16,261,16704,0.017625607779578605,0.5
6,36,clustered_local,U0,c9-c10,stitch,18,20,256,16384,0.01728795245813074,0.5
6,36,clustered_local,U0,c4-c10,stitch,20,8,67,4288,0.004524581307401404,0.12109375
6,36,clustered_local,U0,c9-c10,stitch,20,18,261,16704,0.017625607779578605,0.5
6,36,clustered_local,U0,c10-c11,stitch,20,22,256,16384,0.01728795245813074,0.5
6,36,clustered_local,U0,c5-c11,stitch,22,10,61,3904,0.004119394921663966,0.12109375
6,36,clustered_local,U0,c10-c11,stitch,22,20,259,16576,0.01749054565099946,0.5
6,36,clustered_local,U0,c11-c17,stitch,22,34,256,16384,0.01728795245813074,0.5
6,36,clustered_local,U0,c12-c13,stitch,24,26,256,16384,0.01728795245813074,0.5
6,36,clustered_local,U0,c7-c13,stitch,26,14,8,512,0.0005402485143165856,0.02734375
6,36,clustered_local,U0,c12-c13,stitch,26,24,256,16384,0.01728795245813074,0.5
6,36,clustered_local,U0,c13-c14,stitch,26,28,256,16384,0.01728795245813074,0.5
6,36,clustered_local,U0,c8-c14,stitch,28,16,48,3072,0.0032414910858995136,0.09765625
6,36,clustered_local,U0,c13-c14,stitch,28,26,257,16448,0.017355483522420313,0.5
6,36,clustered_local,U0,c14-c15,stitch,28,30,256,16384,0.01728795245813074,0.5
6,36,clustered_local,U0,c9-c15,stitch,30,18,67,4288,0.004524581307401404,0.15625
6,36,clustered_local,U0,c14-c15,stitch,30,28,274,17536,0.018503511615343058,0.5
6,36,clustered_local,U0,c15-c16,stitch,30,32,256,16384,0.01728795245813074,0.5
6,36,clustered_local,U0,c10-c16,stitch,32,20,69,4416,0.004659643435980551,0.12890625
6,36,clustered_local,U0,c15-c16,stitch,32,30,277,17728,0.018706104808211776,0.5
6,36,clustered_local,U0,c16-c17,stitch,32,34,256,16384,0.01728795245813074,0.5
6,36,clustered_local,U0,c11-c17,stitch,34,22,64,4096,0.004321988114532685,0.140625
6,36,clustered_local,U0,c16-c17,stitch,34,32,276,17664,0.018638573743922204,0.5
6,36,clustered_local,U0,c17-c23,stitch,34,46,256,16384,0.01728795245813074,0.5
6,36,clustered_local,U0,c18-c19,stitch,36,38,256,16384,0.01728795245813074,0.5
6,36,clustered_local,U0,c13-c19,stitch,38,26,7,448,0.00047271745002701245,0.02734375
6,36,clustered_local,U0,c18-c19,stitch,38,36,256,16384,0.01728795245813074,0.5
6,36,clustered_local,U0,c19-c20,stitch,38,40,256,16384,0.01728795245813074,0.5
6,36,clustered_local,U0,c14-c20,stitch,40,28,31,1984,0.0020934629929767693,0.09765625
6,36,clustered_local,U0,c19-c20,stitch,40,38,258,16512,0.017423014586709886,0.5
6,36,clustered_local,U0,c20-c21,stitch,40,42,256,16384,0.01728795245813074,0.5
6,36,clustered_local,U0,c15-c21,stitch,42,30,64,4096,0.004321988114532685,0.12890625
6,36,clustered_local,U0,c20-c21,stitch,42,40,278,17792,0.01877363587250135,0.5
6,36,clustered_local,U0,c21-c22,stitch,42,44,256,16384,0.01728795245813074,0.5
6,36,clustered_local,U0,c16-c22,stitch,44,32,70,4480,0.004727174500270125,0.13671875
6,36,clustered_local,U0,c21-c22,stitch,44,42,308,19712,0.020799567801188548,0.5
6,36,clustered_local,U0,c22-c23,stitch,44,46,256,16384,0.01728795245813074,0.5
6,36,clustered_local,U0,c17-c23,stitch,46,34,84,5376,0.005672609400324149,0.1796875
6,36,clustered_local,U0,c22-c23,stitch,46,44,316,20224,0.021339816315505133,0.5
6,36,clustered_local,U0,c23-c29,stitch,46,58,256,16384,0.01728795245813074,0.5
6,36,clustered_local,U0,c24-c25,stitch,48,50,256,16384,0.01728795245813074,0.5
6,36,clustered_local,U0,c19-c25,stitch,50,38,5,320,0.000337655321447866,0.01953125
6,36,clustered_local,U0,c24-c25,stitch,50,48,256,16384,0.01728795245813074,0.5
6,36,clustered_local,U0,c25-c26,stitch,50,52,256,16384,0.01728795245813074,0.5
6,36,clustered_local,U0,c20-c26,stitch,52,40,11,704,0.0007428417071853053,0.04296875
6,36,clustered_local,U0,c25-c26,stitch,52,50,261,16704,0.017625607779578605,0.5
6,36,clustered_local,U0,c26-c27,stitch,52,54,256,16384,0.01728795245813074,0.5
6,36,clustered_local,U0,c21-c27,stitch,54,42,34,2176,0.002296056185845489,0.078125
6,36,clustered_local,U0,c26-c27,stitch,54,52,263,16832,0.017760669908157754,0.5
6,36,clustered_local,U0,c27-c28,stitch,54,56,256,16384,0.01728795245813074,0.5
6,36,clustered_local,U0,c22-c28,stitch,56,44,62,3968,0.004186925985953539,0.1484375
6,36,clustered_local,U0,c27-c28,stitch,56,54,286,18304,0.019313884386817935,0.5
6,36,clustered_local,U0,c28-c29,stitch,56,58,256,16384,0.01728795245813074,0.5
6,36,clustered_local,U0,c23-c29,stitch,58,46,144,9216,0.009724473257698542,0.265625
6,36,clustered_local,U0,c28-c29,stitch,58,56,323,20672,0.021812533765532143,0.5
6,36,clustered_local,U0,c29-c35,stitch,58,70,256,16384,0.01728795245813074,0.5
6,36,clustered_local,U0,c30-c31,stitch,60,62,256,16384,0.01728795245813074,0.5
6,36,clustered_local,U0,c30-c31,stitch,62,60,256,16384,0.01728795245813074,0.46484375
6,36,clustered_local,U0,c31-c32,stitch,62,64,256,16384,0.01728795245813074,0.5
6,36,clustered_local,U0,c26-c32,stitch,64,52,9,576,0.0006077795786061589,0.03515625
6,36,clustered_local,U0,c31-c32,stitch,64,62,256,16384,0.01728795245813074,0.4765625
6,36,clustered_local,U0,c32-c33,stitch,64,66,256,16384,0.01728795245813074,0.5
6,36,clustered_local,U0,c27-c33,stitch,66,54,11,704,0.0007428417071853053,0.04296875
6,36,clustered_local,U0,c32-c33,stitch,66,64,265,16960,0.0178957320367369,0.49609375
6,36,clustered_local,U0,c33-c34,stitch,66,68,256,16384,0.01728795245813074,0.5
6,36,clustered_local,U0,c28-c34,stitch,68,56,25,1600,0.00168827660723933,0.0625
6,36,clustered_local,U0,c33-c34,stitch,68,66,276,17664,0.018638573743922204,0.46484375
6,36,clustered_local,U0,c34-c35,stitch,68,70,256,16384,0.01728795245813074,0.5
6,36,clustered_local,U0,c29-c35,stitch,70,58,211,13504,0.014249054565099947,0.5
6,36,clustered_local,U0,c34-c35,stitch,70,68,301,19264,0.020326850351161534,0.5
6,36,clustered_local,U0,edge-io,io,72,0,256,16384,0.01728795245813074,0.5
6,36,clustered_local,U1,c0-c1,stitch,0,2,256,16384,0.009109671909472636,0.5
6,36,clustered_local,U1,edge-io,io,0,72,1,64,3.5584655896377484e-05,0.00390625
6,36,clustered_local,U1,c0-c1,stitch,2,0,249,15936,0.008860579318197993,0.484375
6,36,clustered_local,U1,c1-c2,stitch,2,4,256,16384,0.009109671909472636,0.5
6,36,clustered_local,U1,c1-c2,stitch,4,2,234,14976,0.00832680947975233,0.46484375
6,36,clustered_local,U1,c2-c3,stitch,4,6,256,16384,0.009109671909472636,0.5
6,36,clustered_local,U1,c2-c3,stitch,6,4,180,11520,0.006405238061347946,0.3671875
6,36,clustered_local,U1,c3-c4,stitch,6,8,256,16384,0.009109671909472636,0.5
6,36,clustered_local,U1,c3-c4,stitch,8,6,110,7040,0.003914312148601523,0.2421875
6,36,clustered_local,U1,c4-c5,stitch,8,10,256,16384,0.009109671909472636,0.5
6,36,clustered_local,U1,c4-c5,stitch,10,8,41,2624,0.0014589708917514767,0.0859375
6,36,clustered_local,U1,c5-c11,stitch,10,22,256,16384,0.009109671909472636,0.5
6,36,clustered_local,U1,c0-c6,stitch,12,0,7,448,0.0002490925912746424,0.015625
6,36,clustered_local,U1,c6-c7,stitch,12,14,256,16384,0.009109671909472636,0.5
6,36,clustered_local,U1,c1-c7,stitch,14,2,15,960,0.0005337698384456622,0.03515625
6,36,clustered_local,U1,c6-c7,stitch,14,12,263,16832,0.009358764500747277,0.5
6,36,clustered_local,U1,c7-c8,stitch,14,16,256,16384,0.009109671909472636,0.5
6,36,clustered_local,U1,c2-c8,stitch,16,4,54,3456,0.001921571418404384,0.11328125
6,36,clustered_local,U1,c7-c8,stitch,16,14,265,16960,0.009429933812540033,0.5
6,36,clustered_local,U1,c8-c9,stitch,16,18,256,16384,0.009109671909472636,0.5
6,36,clustered_local,U1,c3-c9,stitch,18,6,70,4480,0.0024909259127464238,0.12109375
6,36,clustered_local,U1,c8-c9,stitch,18,16,275,17600,0.009785780371503808,0.5
6,36,clustered_local,U1,c9-c10,stitch,18,20,256,16384,0.009109671909472636,0.5
6,36,clustered_local,U1,c4-c10,stitch,20,8,69,4416,0.002455341256850046,0.14453125
6,36,clustered_local,U1,c9-c10,stitch,20,18,279,17856,0.009928118995089318,0.5
6,36,clustered_local,U1,c10-c11,stitch,20,22,256,16384,0.009109671909472636,0.5
6,36,clustered_local,U1,c5-c11,stitch,22,10,41,2624,0.0014589708917514767,0.06640625
6,36,clustered_local,U1,c10-c11,stitch,22,20,281,17984,0.009999288306882072,0.5
6,36,clustered_local,U1,c11-c17,stitch,22,34,256,16384,0.009109671909472636,0.5
6,36,clustered_local,U1,c12-c13,stitch,24,26,256,16384,0.009109671909472636,0.5
6,36,clustered_local,U1,c7-c13,stitch,26,14,13,832,0.0004626005266529073,0.02734375
6,36,clustered_local,U1,c12-c13,stitch,26,24,256,16384,0.009109671909472636,0.5
6,36,clustered_local,U1,c13-c14,stitch,26,28,256,16384,0.009109671909472636,0.5
6,36,clustered_local,U1,c8-c14,stitch,28,16,44,2816,0.0015657248594406093,0.09765625
6,36,clustered_local,U1,c13-c14,stitch,28,26,256,16384,0.009109671909472636,0.5
6,36,clustered_local,U1,c14-c15,stitch,28,30,256,16384,0.009109671909472636,0.5
6,36,clustered_local,U1,c9-c15,stitch,30,18,66,4224,0.0023485872891609136,0.12890625
6,36,clustered_local,U1,c14-c15,stitch,30,28,256,16384,0.009109671909472636,0.5
6,36,clustered_local,U1,c15-c16,stitch,30,32,256,16384,0.009109671909472636,0.5
6,36,clustered_local,U1,c10-c16,stitch,32,20,67,4288,0.002384171945057291,0.13671875
6,36,clustered_local,U1,c15-c16,stitch,32,30,256,16384,0.009109671909472636,0.5
6,36,clustered_local,U1,c16-c17,stitch,32,34,256,16384,0.009109671909472636,0.5
6,36,clustered_local,U1,c11-c17,stitch,34,22,66,4224,0.0023485872891609136,0.09375
6,36,clustered_local,U1,c16-c17,stitch,34,32,256,16384,0.009109671909472636,0.5
6,36,clustered_local,U1,c17-c23,stitch,34,46,256,16384,0.009109671909472636,0.5
6,36,clustered_local,U1,c18-c19,stitch,36,38,256,16384,0.009109671909472636,0.5
6,36,clustered_local,U1,c13-c19,stitch,38,26,13,832,0.0004626005266529073,0.02734375
6,36,clustered_local,U1,c18-c19,stitch,38,36,256,16384,0.009109671909472636,0.5
6,36,clustered_local,U1,c19-c20,stitch,38,40,256,16384,0.009109671909472636,0.5
6,36,clustered_local,U1,c14-c20,stitch,40,28,44,2816,0.0015657248594406093,0.08203125
6,36,clustered_local,U1,c19-c20,stitch,40,38,269,17216,0.009572272436125543,0.5
6,36,clustered_local,U1,c20-c21,stitch,40,42,256,16384,0.009109671909472636,0.5
6,36,clustered_local,U1,c15-c21,stitch,42,30,66,4224,0.0023485872891609136,0.12890625
6,36,clustered_local,U1,c20-c21,stitch,42,40,286,18304,0.01017721158636396,0.5
6,36,clustered_local,U1,c21-c22,stitch,42,44,256,16384,0.009109671909472636,0.5
6,36,clustered_local,U1,c16-c22,stitch,44,32,67,4288,0.002384171945057291,0.140625
6,36,clustered_local,U1,c21-c22,stitch,44,42,316,20224,0.011244751263255285,0.5
6,36,clustered_local,U1,c22-c23,stitch,44,46,256,16384,0.009109671909472636,0.5
6,36,clustered_local,U1,c17-c23,stitch,46,34,66,4224,0.0023485872891609136,0.125
6,36,clustered_local,U1,c22-c23,stitch,46,44,317,20288,0.011280335919151662,0.5
6,36,clustered_local,U1,c23-c29,stitch,46,58,256,16384,0.009109671909472636,0.5
6,36,clustered_local,U1,c24-c25,stitch,48,50,256,16384,0.009109671909472636,0.5
6,36,clustered_local,U1,c24-c25,stitch,50,48,256,16384,0.009109671909472636,0.5
6,36,clustered_local,U1,c25-c26,stitch,50,52,256,16384,0.009109671909472636,0.5
6,36,clustered_local,U1,c20-c26,stitch,52,40,27,1728,0.000960785709202192,0.0703125
6,36,clustered_local,U1,c25-c26,stitch,52,50,256,16384,0.009109671909472636,0.5
6,36,clustered_local,U1,c26-c27,stitch,52,54,256,16384,0.009109671909472636,0.5
6,36,clustered_local,U1,c21-c27,stitch,54,42,36,2304,0.0012810476122695894,0.0859375
6,36,clustered_local,U1,c26-c27,stitch,54,52,256,16384,0.009109671909472636,0.5
6,36,clustered_local,U1,c27-c28,stitch,54,56,256,16384,0.009109671909472636,0.5
6,36,clustered_local,U1,c22-c28,stitch,56,44,66,4224,0.0023485872891609136,0.1328125
6,36,clustered_local,U1,c27-c28,stitch,56,54,256,16384,0.009109671909472636,0.5
6,36,clustered_local,U1,c28-c29,stitch,56,58,256,16384,0.009109671909472636,0.5
6,36,clustered_local,U1,c23-c29,stitch,58,46,127,8128,0.00451925129883994,0.25390625
6,36,clustered_local,U1,c28-c29,stitch,58,56,256,16384,0.009109671909472636,0.5
6,36,clustered_local,U1,c29-c35,stitch,58,70,256,16384,0.009109671909472636,0.5
6,36,clustered_local,U1,c30-c31,stitch,60,62,256,16384,0.009109671909472636,0.5
6,36,clustered_local,U1,c30-c31,stitch,62,60,256,16384,0.009109671909472636,0.5
6,36,clustered_local,U1,c31-c32,stitch,62,64,256,16384,0.009109671909472636,0.5
6,36,clustered_local,U1,c26-c32,stitch,64,52,27,1728,0.000960785709202192,0.0703125
6,36,clustered_local,U1,c31-c32,stitch,64,62,256,16384,0.009109671909472636,0.5
6,36,clustered_local,U1,c32-c33,stitch,64,66,256,16384,0.009109671909472636,0.5
6,36,clustered_local,U1,c27-c33,stitch,66,54,36,2304,0.0012810476122695894,0.0859375
6,36,clustered_local,U1,c32-c33,stitch,66,64,283,18112,0.010070457618674828,0.5
6,36,clustered_local,U1,c33-c34,stitch,66,68,256,16384,0.009109671909472636,0.5
6,36,clustered_local,U1,c28-c34,stitch,68,56,66,4224,0.0023485872891609136,0.12109375
6,36,clustered_local,U1,c33-c34,stitch,68,66,319,20416,0.011351505230944416,0.5
6,36,clustered_local,U1,c34-c35,stitch,68,70,256,16384,0.009109671909472636,0.5
6,36,clustered_local,U1,c29-c35,stitch,70,58,127,8128,0.00451925129883994,0.29296875
6,36,clustered_local,U1,c34-c35,stitch,70,68,385,24640,0.01370009252010533,0.5
6,36,clustered_local,U1,edge-io,io,72,0,256,16384,0.009109671909472636,0.5
6,36,clustered_local,S,hb-0,hb,0,1,1032,66048,0.03367596671561429,0.5
6,36,clustered_local,S,c0-c1,stitch,0,2,3298,211072,0.10761951378691467,0.5
6,36,clustered_local,S,c0-c6,stitch,0,12,3105,198720,0.1013215859030837,0.5
6,36,clustered_local,S,edge-io,io,0,72,1,64,3.26317506934247e-05,0.00390625
6,36,clustered_local,S,hb-0,hb,1,0,8196,524544,0.26744982868330885,0.5
6,36,clustered_local,S,c0-c1,stitch,2,0,633,40512,0.020655898188937837,0.5
6,36,clustered_local,S,c1-c2,stitch,2,4,256,16384,0.008353728177516723,0.5
6,36,clustered_local,S,c1-c7,stitch,2,14,993,63552,0.03240332843857073,0.3203125
6,36,clustered_local,S,c1-c2,stitch,4,2,224,14336,0.007309512155327133,0.46875
6,36,clustered_local,S,hb-2,hb,4,5,1032,66048,0.03367596671561429,0.5
6,36,clustered_local,S,c2-c3,stitch,4,6,3284,210176,0.10716266927720672,0.5
6,36,clustered_local,S,c2-c8,stitch,4,16,3119,199616,0.10177843041279165,0.5
6,36,clustered_local,S,hb-2,hb,5,4,8196,524544,0.26744982868330885,0.5
6,36,clustered_local,S,c2-c3,stitch,6,4,559,35776,0.018241148637624407,0.5
6,36,clustered_local,S,c3-c4,stitch,6,8,256,16384,0.008353728177516723,0.5
6,36,clustered_local,S,c3-c9,stitch,6,18,979,62656,0.03194648392886278,0.265625
6,36,clustered_local,S,c3-c4,stitch,8,6,110,7040,0.0035894925762767174,0.203125
6,36,clustered_local,S,hb-4,hb,8,9,1032,66048,0.03367596671561429,0.5
6,36,clustered_local,S,c4-c5,stitch,8,10,3283,210112,0.1071300375265133,0.5
6,36,clustered_local,S,c4-c10,stitch,8,20,3120,199680,0.10181106216348507,0.5
6,36,clustered_local,S,hb-4,hb,9,8,8196,524544,0.26744982868330885,0.5
6,36,clustered_local,S,c4-c5,stitch,10,8,428,27392,0.013966389296785772,0.5
6,36,clustered_local,S,c5-c11,stitch,10,22,1234,78976,0.04026758035568608,0.5
6,36,clustered_local,S,c0-c6,stitch,12,0,397,25408,0.012954805025289607,0.5
6,36,clustered_local,S,c6-c7,stitch,12,14,1312,83968,0.04281285690977321,0.5
6,36,clustered_local,S,c1-c7,stitch,14,2,151,9664,0.00492739435470713,0.2578125
6,36,clustered_local,S,c6-c7,stitch,14,12,386,24704,0.012595855767661935,0.5
6,36,clustered_local,S,c7-c8,stitch,14,16,256,16384,0.008353728177516723,0.5
6,36,clustered_local,S,c2-c8,stitch,16,4,439,28096,0.014325338554413444,0.5
6,36,clustered_local,S,c7-c8,stitch,16,14,264,16896,0.00861478218306412,0.5
6,36,clustered_local,S,c8-c9,stitch,16,18,1326,84864,0.04326970141948115,0.5
6,36,clustered_local,S,c3-c9,stitch,18,6,191,12224,0.006232664382444118,0.25390625
6,36,clustered_local,S,c8-c9,stitch,18,16,409,26176,0.013346386033610703,0.5
6,36,clustered_local,S,c9-c10,stitch,18,20,256,16384,0.008353728177516723,0.5
6,36,clustered_local,S,c4-c10,stitch,20,8,456,29184,0.014880078316201664,0.5
6,36,clustered_local,S,c9-c10,stitch,20,18,280,17920,0.009136890194158916,0.5
6,36,clustered_local,S,c10-c11,stitch,20,22,1327,84928,0.04330233317017458,0.5
6,36,clustered_local,S,c5-c11,stitch,22,10,170,10880,0.005547397617882199,0.18359375
6,36,clustered_local,S,c10-c11,stitch,22,20,410,26240,0.013379017784304129,0.5
6,36,clustered_local,S,c11-c17,stitch,22,34,256,16384,0.008353728177516723,0.5
6,36,clustered_local,S,c6-c12,stitch,24,12,9,576,0.0002936857562408223,0.03515625
6,36,clustered_local,S,hb-12,hb,24,25,1032,66048,0.03367596671561429,0.5
6,36,clustered_local,S,c12-c13,stitch,24,26,3287,210368,0.10726056452928699,0.5
6,36,clustered_local,S,c12-c18,stitch,24,36,3116,199424,0.10168053516071138,0.5
6,36,clustered_local,S,hb-12,hb,25,24,8196,524544,0.26744982868330885,0.5
6,36,clustered_local,S,c7-c13,stitch,26,14,15,960,0.0004894762604013706,0.04296875
6,36,clustered_local,S,c12-c13,stitch,26,24,643,41152,0.020982215695872084,0.5
6,36,clustered_local,S,c13-c14,stitch,26,28,256,16384,0.008353728177516723,0.5
6,36,clustered_local,S,c13-c19,stitch,26,38,982,62848,0.03204437918094306,0.265625
6,36,clustered_local,S,c8-c14,stitch,28,16,36,2304,0.0011747430249632893,0.1015625
6,36,clustered_local,S,c13-c14,stitch,28,26,256,16384,0.008353728177516723,0.5
6,36,clustered_local,S,hb-14,hb,28,29,1032,66048,0.03367596671561429,0.5
6,36,clustered_local,S,c14-c15,stitch,28,30,3283,210112,0.1071300375265133,0.5
6,36,clustered_local,S,c14-c20,stitch,28,40,3120,199680,0.10181106216348507,0.5
6,36,clustered_local,S,hb-14,hb,29,28,8196,524544,0.26744982868330885,0.5
6,36,clustered_local,S,c9-c15,stitch,30,18,62,3968,0.0020231685429923318,0.13671875
6,36,clustered_local,S,c14-c15,stitch,30,28,643,41152,0.020982215695872084,0.5
6,36,clustered_local,S,c15-c16,stitch,30,32,256,16384,0.008353728177516723,0.5
6,36,clustered_local,S,c15-c21,stitch,30,42,978,62592,0.03191385217816936,0.2578125
6,36,clustered_local,S,c10-c16,stitch,32,20,68,4352,0.0022189590471528796,0.11328125
6,36,clustered_local,S,c15-c16,stitch,32,30,256,16384,0.008353728177516723,0.5
6,36,clustered_local,S,hb-16,hb,32,33,1032,66048,0.03367596671561429,0.5
6,36,clustered_local,S,c16-c17,stitch,32,34,3283,210112,0.1071300375265133,0.5
6,36,clustered_local,S,c16-c22,stitch,32,44,3120,199680,0.10181106216348507,0.5
6,36,clustered_local,S,hb-16,hb,33,32,8196,524544,0.26744982868330885,0.5
6,36,clustered_local,S,c11-c17,stitch,34,22,66,4224,0.00215369554576603,0.125
6,36,clustered_local,S,c16-c17,stitch,34,32,643,41152,0.020982215695872084,0.5
6,36,clustered_local,S,c17-c23,stitch,34,46,1234,78976,0.04026758035568608,0.5
6,36,clustered_local,S,c12-c18,stitch,36,24,396,25344,0.012922173274596183,0.5
6,36,clustered_local,S,c18-c19,stitch,36,38,1323,84672,0.04317180616740088,0.5
6,36,clustered_local,S,c13-c19,stitch,38,26,144,9216,0.004698972099853157,0.18359375
6,36,clustered_local,S,c18-c19,stitch,38,36,394,25216,0.012856909773209333,0.5
6,36,clustered_local,S,c19-c20,stitch,38,40,256,16384,0.008353728177516723,0.5
6,36,clustered_local,S,c14-c20,stitch,40,28,423,27072,0.013803230543318648,0.5
6,36,clustered_local,S,c19-c20,stitch,40,38,280,17920,0.009136890194158916,0.5
6,36,clustered_local,S,c20-c21,stitch,40,42,1327,84928,0.04330233317017458,0.5
6,36,clustered_local,S,c15-c21,stitch,42,30,191,12224,0.006232664382444118,0.18359375
6,36,clustered_local,S,c20-c21,stitch,42,40,418,26752,0.013640071789851526,0.5
6,36,clustered_local,S,c21-c22,stitch,42,44,256,16384,0.008353728177516723,0.5
6,36,clustered_local,S,c16-c22,stitch,44,32,455,29120,0.01484744656550824,0.5
6,36,clustered_local,S,c21-c22,stitch,44,42,315,20160,0.010279001468428781,0.5
6,36,clustered_local,S,c22-c23,stitch,44,46,1327,84928,0.04330233317017458,0.5
6,36,clustered_local,S,c17-c23,stitch,46,34,195,12480,0.006363191385217817,0.18359375
6,36,clustered_local,S,c22-c23,stitch,46,44,446,28544,0.014553760809267418,0.5
6,36,clustered_local,S,c23-c29,stitch,46,58,256,16384,0.008353728177516723,0.5
6,36,clustered_local,S,hb-24,hb,48,49,1032,66048,0.03367596671561429,0.5
6,36,clustered_local,S,c24-c25,stitch,48,50,3287,210368,0.10726056452928699,0.5
6,36,clustered_local,S,c24-c30,stitch,48,60,3116,199424,0.10168053516071138,0.5
6,36,clustered_local,S,hb-24,hb,49,48,8196,524544,0.26744982868330885,0.5
6,36,clustered_local,S,c24-c25,stitch,50,48,643,41152,0.020982215695872084,0.5
6,36,clustered_local,S,c25-c26,stitch,50,52,256,16384,0.008353728177516723,0.5
6,36,clustered_local,S,c25-c31,stitch,50,62,982,62848,0.03204437918094306,0.265625
6,36,clustered_local,S,c20-c26,stitch,52,40,27,1728,0.000881057268722467,0.0703125
6,36,clustered_local,S,c25-c26,stitch,52,50,256,16384,0.008353728177516723,0.5
6,36,clustered_local,S,hb-26,hb,52,53,1032,66048,0.03367596671561429,0.5
6,36,clustered_local,S,c26-c27,stitch,52,54,3283,210112,0.1071300375265133,0.5
6,36,clustered_local,S,c26-c32,stitch,52,64,3120,199680,0.10181106216348507,0.5
6,36,clustered_local,S,hb-26,hb,53,52,8196,524544,0.26744982868330885,0.5
6,36,clustered_local,S,c21-c27,stitch,54,42,36,2304,0.0011747430249632893,0.0546875
6,36,clustered_local,S,c26-c27,stitch,54,52,643,41152,0.020982215695872084,0.5
6,36,clustered_local,S,c27-c28,stitch,54,56,256,16384,0.008353728177516723,0.5
6,36,clustered_local,S,c27-c33,stitch,54,66,978,62592,0.03191385217816936,0.2578125
6,36,clustered_local,S,c22-c28,stitch,56,44,66,4224,0.00215369554576603,0.12109375
6,36,clustered_local,S,c27-c28,stitch,56,54,256,16384,0.008353728177516723,0.5
6,36,clustered_local,S,hb-28,hb,56,57,1032,66048,0.03367596671561429,0.5
6,36,clustered_local,S,c28-c29,stitch,56,58,3283,210112,0.1071300375265133,0.5
6,36,clustered_local,S,c28-c34,stitch,56,68,3120,199680,0.10181106216348507,0.5
6,36,clustered_local,S,hb-28,hb,57,56,8196,524544,0.26744982868330885,0.5
6,36,clustered_local,S,c23-c29,stitch,58,46,127,8128,0.0041442323380649375,0.3203125
6,36,clustered_local,S,c28-c29,stitch,58,56,643,41152,0.020982215695872084,0.5
6,36,clustered_local,S,c29-c35,stitch,58,70,1234,78976,0.04026758035568608,0.5
6,36,clustered_local,S,c24-c30,stitch,60,48,387,24768,0.01262848751835536,0.5
6,36,clustered_local,S,c30-c31,stitch,60,62,1323,84672,0.04317180616740088,0.5
6,36,clustered_local,S,c25-c31,stitch,62,50,129,8256,0.0042094958394517865,0.18359375
6,36,clustered_local,S,c30-c31,stitch,62,60,385,24640,0.01256322401696851,0.5
6,36,clustered_local,S,c31-c32,stitch,62,64,256,16384,0.008353728177516723,0.5
6,36,clustered_local,S,c26-c32,stitch,64,52,414,26496,0.013509544787077827,0.5
6,36,clustered_local,S,c31-c32,stitch,64,62,256,16384,0.008353728177516723,0.5
6,36,clustered_local,S,c32-c33,stitch,64,66,1327,84928,0.04330233317017458,0.5
6,36,clustered_local,S,c27-c33,stitch,66,54,165,10560,0.0053842388644150755,0.18359375
6,36,clustered_local,S,c32-c33,stitch,66,64,412,26368,0.013444281285690977,0.5
6,36,clustered_local,S,c33-c34,stitch,66,68,256,16384,0.008353728177516723,0.5
6,36,clustered_local,S,c28-c34,stitch,68,56,453,28992,0.01478218306412139,0.5
6,36,clustered_local,S,c33-c34,stitch,68,66,319,20416,0.01040952847120248,0.5
6,36,clustered_local,S,c34-c35,stitch,68,70,1327,84928,0.04330233317017458,0.5
6,36,clustered_local,S,c29-c35,stitch,70,58,256,16384,0.008353728177516723,0.28125
6,36,clustered_local,S,c34-c35,stitch,70,68,514,32896,0.016772719856420298,0.5
6,36,clustered_local,S,edge-io,io,72,0,256,16384,0.008353728177516723,0.5
6,36,remote_balanced,U0,c0-c1,stitch,0,2,256,16384,0.01728795245813074,0.5
6,36,remote_balanced,U0,edge-io,io,0,72,1,64,6.75310642895732e-05,0.00390625
6,36,remote_balanced,U0,c0-c1,stitch,2,0,256,16384,0.01728795245813074,0.5
6,36,remote_balanced,U0,c1-c2,stitch,2,4,256,16384,0.01728795245813074,0.5
6,36,remote_balanced,U0,c1-c2,stitch,4,2,246,15744,0.01661264181523501,0.48046875
6,36,remote_balanced,U0,c2-c3,stitch,4,6,256,16384,0.01728795245813074,0.5
6,36,remote_balanced,U0,c2-c3,stitch,6,4,195,12480,0.013168557536466775,0.39453125
6,36,remote_balanced,U0,c3-c4,stitch,6,8,256,16384,0.01728795245813074,0.5
6,36,remote_balanced,U0,c3-c4,stitch,8,6,128,8192,0.00864397622906537,0.25390625
6,36,remote_balanced,U0,c4-c5,stitch,8,10,256,16384,0.01728795245813074,0.5
6,36,remote_balanced,U0,c4-c5,stitch,10,8,61,3904,0.004119394921663966,0.109375
6,36,remote_balanced,U0,c5-c11,stitch,10,22,256,16384,0.01728795245813074,0.5
6,36,remote_balanced,U0,c6-c7,stitch,12,14,256,16384,0.01728795245813074,0.5
6,36,remote_balanced,U0,c1-c7,stitch,14,2,10,640,0.000675310642895732,0.01953125
6,36,remote_balanced,U0,c6-c7,stitch,14,12,256,16384,0.01728795245813074,0.5
6,36,remote_balanced,U0,c7-c8,stitch,14,16,256,16384,0.01728795245813074,0.5
6,36,remote_balanced,U0,c2-c8,stitch,16,4,51,3264,0.0034440842787682334,0.10546875
6,36,remote_balanced,U0,c7-c8,stitch,16,14,258,16512,0.017423014586709886,0.5
6,36,remote_balanced,U0,c8-c9,stitch,16,18,256,16384,0.01728795245813074,0.5
6,36,remote_balanced,U0,c3-c9,stitch,18,6,67,4288,0.004524581307401404,0.140625
6,36,remote_balanced,U0,c8-c9,stitch,18,16,261,16704,0.017625607779578605,0.5
6,36,remote_balanced,U0,c9-c10,stitch,18,20,256,16384,0.01728795245813074,0.5
6,36,remote_balanced,U0,c4-c10,stitch,20,8,67,4288,0.004524581307401404,0.12109375
6,36,remote_balanced,U0,c9-c10,stitch,20,18,261,16704,0.017625607779578605,0.5
6,36,remote_balanced,U0,c10-c11,stitch,20,22,256,16384,0.01728795245813074,0.5
6,36,remote_balanced,U0,c5-c11,stitch,22,10,61,3904,0.004119394921663966,0.12109375
6,36,remote_balanced,U0,c10-c11,stitch,22,20,259,16576,0.01749054565099946,0.5
6,36,remote_balanced,U0,c11-c17,stitch,22,34,256,16384,0.01728795245813074,0.5
6,36,remote_balanced,U0,c12-c13,stitch,24,26,256,16384,0.01728795245813074,0.5
6,36,remote_balanced,U0,c7-c13,stitch,26,14,8,512,0.0005402485143165856,0.02734375
6,36,remote_balanced,U0,c12-c13,stitch,26,24,256,16384,0.01728795245813074,0.5
6,36,remote_balanced,U0,c13-c14,stitch,26,28,256,16384,0.01728795245813074,0.5
6,36,remote_balanced,U0,c8-c14,stitch,28,16,48,3072,0.0032414910858995136,0.09765625
6,36,remote_balanced,U0,c13-c14,stitch,28,26,257,16448,0.017355483522420313,0.5
6,36,remote_balanced,U0,c14-c15,stitch,28,30,256,16384,0.01728795245813074,0.5
6,36,remote_balanced,U0,c9-c15,stitch,30,18,67,4288,0.004524581307401404,0.15625
6,36,remote_balanced,U0,c14-c15,stitch,30,28,274,17536,0.018503511615343058,0.5
6,36,remote_balanced,U0,c15-c16,stitch,30,32,256,16384,0.01728795245813074,0.5
6,36,remote_balanced,U0,c10-c16,stitch,32,20,69,4416,0.004659643435980551,0.12890625
6,36,remote_balanced,U0,c15-c16,stitch,32,30,277,17728,0.018706104808211776,0.5
6,36,remote_balanced,U0,c16-c17,stitch,32,34,256,16384,0.01728795245813074,0.5
6,36,remote_balanced,U0,c11-c17,stitch,34,22,64,4096,0.004321988114532685,0.140625
6,36,remote_balanced,U0,c16-c17,stitch,34,32,276,17664,0.018638573743922204,0.5
6,36,remote_balanced,U0,c17-c23,stitch,34,46,256,16384,0.01728795245813074,0.5
6,36,remote_balanced,U0,c18-c19,stitch,36,38,256,16384,0.01728795245813074,0.5
6,36,remote_balanced,U0,c13-c19,stitch,38,26,7,448,0.00047271745002701245,0.02734375
6,36,remote_balanced,U0,c18-c19,stitch,38,36,256,16384,0.01728795245813074,0.5
6,36,remote_balanced,U0,c19-c20,stitch,38,40,256,16384,0.01728795245813074,0.5
6,36,remote_balanced,U0,c14-c20,stitch,40,28,31,1984,0.0020934629929767693,0.09765625
6,36,remote_balanced,U0,c19-c20,stitch,40,38,258,16512,0.017423014586709886,0.5
6,36,remote_balanced,U0,c20-c21,stitch,40,42,256,16384,0.01728795245813074,0.5
6,36,remote_balanced,U0,c15-c21,stitch,42,30,64,4096,0.004321988114532685,0.12890625
6,36,remote_balanced,U0,c20-c21,stitch,42,40,278,17792,0.01877363587250135,0.5
6,36,remote_balanced,U0,c21-c22,stitch,42,44,256,16384,0.01728795245813074,0.5
6,36,remote_balanced,U0,c16-c22,stitch,44,32,70,4480,0.004727174500270125,0.13671875
6,36,remote_balanced,U0,c21-c22,stitch,44,42,308,19712,0.020799567801188548,0.5
6,36,remote_balanced,U0,c22-c23,stitch,44,46,256,16384,0.01728795245813074,0.5
6,36,remote_balanced,U0,c17-c23,stitch,46,34,84,5376,0.005672609400324149,0.1796875
6,36,remote_balanced,U0,c22-c23,stitch,46,44,316,20224,0.021339816315505133,0.5
6,36,remote_balanced,U0,c23-c29,stitch,46,58,256,16384,0.01728795245813074,0.5
6,36,remote_balanced,U0,c24-c25,stitch,48,50,256,16384,0.01728795245813074,0.5
6,36,remote_balanced,U0,c19-c25,stitch,50,38,5,320,0.000337655321447866,0.01953125
6,36,remote_balanced,U0,c24-c25,stitch,50,48,256,16384,0.01728795245813074,0.5
6,36,remote_balanced,U0,c25-c26,stitch,50,52,256,16384,0.01728795245813074,0.5
6,36,remote_balanced,U0,c20-c26,stitch,52,40,11,704,0.0007428417071853053,0.04296875
6,36,remote_balanced,U0,c25-c26,stitch,52,50,261,16704,0.017625607779578605,0.5
6,36,remote_balanced,U0,c26-c27,stitch,52,54,256,16384,0.01728795245813074,0.5
6,36,remote_balanced,U0,c21-c27,stitch,54,42,34,2176,0.002296056185845489,0.078125
6,36,remote_balanced,U0,c26-c27,stitch,54,52,263,16832,0.017760669908157754,0.5
6,36,remote_balanced,U0,c27-c28,stitch,54,56,256,16384,0.01728795245813074,0.5
6,36,remote_balanced,U0,c22-c28,stitch,56,44,62,3968,0.004186925985953539,0.1484375
6,36,remote_balanced,U0,c27-c28,stitch,56,54,286,18304,0.019313884386817935,0.5
6,36,remote_balanced,U0,c28-c29,stitch,56,58,256,16384,0.01728795245813074,0.5
6,36,remote_balanced,U0,c23-c29,stitch,58,46,144,9216,0.009724473257698542,0.265625
6,36,remote_balanced,U0,c28-c29,stitch,58,56,323,20672,0.021812533765532143,0.5
6,36,remote_balanced,U0,c29-c35,stitch,58,70,256,16384,0.01728795245813074,0.5
6,36,remote_balanced,U0,c30-c31,stitch,60,62,256,16384,0.01728795245813074,0.5
6,36,remote_balanced,U0,c30-c31,stitch,62,60,256,16384,0.01728795245813074,0.46484375
6,36,remote_balanced,U0,c31-c32,stitch,62,64,256,16384,0.01728795245813074,0.5
6,36,remote_balanced,U0,c26-c32,stitch,64,52,9,576,0.0006077795786061589,0.03515625
6,36,remote_balanced,U0,c31-c32,stitch,64,62,256,16384,0.01728795245813074,0.4765625
6,36,remote_balanced,U0,c32-c33,stitch,64,66,256,16384,0.01728795245813074,0.5
6,36,remote_balanced,U0,c27-c33,stitch,66,54,11,704,0.0007428417071853053,0.04296875
6,36,remote_balanced,U0,c32-c33,stitch,66,64,265,16960,0.0178957320367369,0.49609375
6,36,remote_balanced,U0,c33-c34,stitch,66,68,256,16384,0.01728795245813074,0.5
6,36,remote_balanced,U0,c28-c34,stitch,68,56,25,1600,0.00168827660723933,0.0625
6,36,remote_balanced,U0,c33-c34,stitch,68,66,276,17664,0.018638573743922204,0.46484375
6,36,remote_balanced,U0,c34-c35,stitch,68,70,256,16384,0.01728795245813074,0.5
6,36,remote_balanced,U0,c29-c35,stitch,70,58,211,13504,0.014249054565099947,0.5
6,36,remote_balanced,U0,c34-c35,stitch,70,68,301,19264,0.020326850351161534,0.5
6,36,remote_balanced,U0,edge-io,io,72,0,256,16384,0.01728795245813074,0.5
6,36,remote_balanced,U1,c0-c1,stitch,0,2,256,16384,0.011854047045749213,0.5
6,36,remote_balanced,U1,edge-io,io,0,72,1,64,4.630487127245786e-05,0.00390625
6,36,remote_balanced,U1,c0-c1,stitch,2,0,256,16384,0.011854047045749213,0.5
6,36,remote_balanced,U1,c1-c2,stitch,2,4,256,16384,0.011854047045749213,0.5
6,36,remote_balanced,U1,c1-c2,stitch,4,2,256,16384,0.011854047045749213,0.5
6,36,remote_balanced,U1,c2-c3,stitch,4,6,256,16384,0.011854047045749213,0.5
6,36,remote_balanced,U1,c2-c3,stitch,6,4,253,16192,0.011715132431931839,0.47265625
6,36,remote_balanced,U1,c3-c4,stitch,6,8,256,16384,0.011854047045749213,0.5
6,36,remote_balanced,U1,c3-c4,stitch,8,6,237,15168,0.010974254491572513,0.48828125
6,36,remote_balanced,U1,c4-c5,stitch,8,10,256,16384,0.011854047045749213,0.5
6,36,remote_balanced,U1,c4-c5,stitch,10,8,213,13632,0.009862937581033526,0.5
6,36,remote_balanced,U1,c5-c11,stitch,10,22,256,16384,0.011854047045749213,0.5
6,36,remote_balanced,U1,c6-c7,stitch,12,14,256,16384,0.011854047045749213,0.5
6,36,remote_balanced,U1,c6-c7,stitch,14,12,256,16384,0.011854047045749213,0.5
6,36,remote_balanced,U1,c7-c8,stitch,14,16,256,16384,0.011854047045749213,0.5
6,36,remote_balanced,U1,c2-c8,stitch,16,4,3,192,0.00013891461381737358,0.01171875
6,36,remote_balanced,U1,c7-c8,stitch,16,14,256,16384,0.011854047045749213,0.5
6,36,remote_balanced,U1,c8-c9,stitch,16,18,256,16384,0.011854047045749213,0.5
6,36,remote_balanced,U1,c3-c9,stitch,18,6,16,1024,0.0007408779403593258,0.04296875
6,36,remote_balanced,U1,c8-c9,stitch,18,16,259,16576,0.011992961659566587,0.5
6,36,remote_balanced,U1,c9-c10,stitch,18,20,256,16384,0.011854047045749213,0.5
6,36,remote_balanced,U1,c4-c10,stitch,20,8,24,1536,0.0011113169105389886,0.05859375
6,36,remote_balanced,U1,c9-c10,stitch,20,18,267,17088,0.01236340062974625,0.5
6,36,remote_balanced,U1,c10-c11,stitch,20,22,256,16384,0.011854047045749213,0.5
6,36,remote_balanced,U1,c5-c11,stitch,22,10,213,13632,0.009862937581033526,0.5
6,36,remote_balanced,U1,c10-c11,stitch,22,20,267,17088,0.01236340062974625,0.5
6,36,remote_balanced,U1,c11-c17,stitch,22,34,256,16384,0.011854047045749213,0.5
6,36,remote_balanced,U1,c12-c13,stitch,24,26,256,16384,0.011854047045749213,0.5
6,36,remote_balanced,U1,c12-c13,stitch,26,24,256,16384,0.011854047045749213,0.5
6,36,remote_balanced,U1,c13-c14,stitch,26,28,256,16384,0.011854047045749213,0.5
6,36,remote_balanced,U1,c13-c14,stitch,28,26,256,16384,0.011854047045749213,0.5
6,36,remote_balanced,U1,c14-c15,stitch,28,30,256,16384,0.011854047045749213,0.5
6,36,remote_balanced,U1,c9-c15,stitch,30,18,8,512,0.0003704389701796629,0.01953125
6,36,remote_balanced,U1,c14-c15,stitch,30,28,256,16384,0.011854047045749213,0.5
6,36,remote_balanced,U1,c15-c16,stitch,30,32,256,16384,0.011854047045749213,0.5
6,36,remote_balanced,U1,c10-c16,stitch,32,20,24,1536,0.0011113169105389886,0.05859375
6,36,remote_balanced,U1,c15-c16,stitch,32,30,259,16576,0.011992961659566587,0.5
6,36,remote_balanced,U1,c16-c17,stitch,32,34,256,16384,0.011854047045749213,0.5
6,36,remote_balanced,U1,c11-c17,stitch,34,22,224,14336,0.010372291165030561,0.5
6,36,remote_balanced,U1,c16-c17,stitch,34,32,267,17088,0.01236340062974625,0.5
6,36,remote_balanced,U1,c17-c23,stitch,34,46,256,16384,0.011854047045749213,0.5
6,36,remote_balanced,U1,c18-c19,stitch,36,38,256,16384,0.011854047045749213,0.5
6,36,remote_balanced,U1,c18-c19,stitch,38,36,256,16384,0.011854047045749213,0.5
6,36,remote_balanced,U1,c19-c20,stitch,38,40,256,16384,0.011854047045749213,0.5
6,36,remote_balanced,U1,c19-c20,stitch,40,38,256,16384,0.011854047045749213,0.5
6,36,remote_balanced,U1,c20-c21,stitch,40,42,256,16384,0.011854047045749213,0.5
6,36,remote_balanced,U1,c15-c21,stitch,42,30,5,320,0.0002315243563622893,0.01953125
6,36,remote_balanced,U1,c20-c21,stitch,42,40,256,16384,0.011854047045749213,0.5
6,36,remote_balanced,U1,c21-c22,stitch,42,44,256,16384,0.011854047045749213,0.5
6,36,remote_balanced,U1,c16-c22,stitch,44,32,16,1024,0.0007408779403593258,0.03515625
6,36,remote_balanced,U1,c21-c22,stitch,44,42,256,16384,0.011854047045749213,0.5
6,36,remote_balanced,U1,c22-c23,stitch,44,46,256,16384,0.011854047045749213,0.5
6,36,remote_balanced,U1,c17-c23,stitch,46,34,235,15040,0.010881644749027598,0.5
6,36,remote_balanced,U1,c22-c23,stitch,46,44,263,16832,0.012178181144656419,0.5
6,36,remote_balanced,U1,c23-c29,stitch,46,58,256,16384,0.011854047045749213,0.5
6,36,remote_balanced,U1,c24-c25,stitch,48,50,256,16384,0.011854047045749213,0.5
6,36,remote_balanced,U1,c24-c25,stitch,50,48,256,16384,0.011854047045749213,0.5
6,36,remote_balanced,U1,c25-c26,stitch,50,52,256,16384,0.011854047045749213,0.5
6,36,remote_balanced,U1,c25-c26,stitch,52,50,256,16384,0.011854047045749213,0.5
6,36,remote_balanced,U1,c26-c27,stitch,52,54,256,16384,0.011854047045749213,0.5
6,36,remote_balanced,U1,c21-c27,stitch,54,42,5,320,0.0002315243563622893,0.01953125
6,36,remote_balanced,U1,c26-c27,stitch,54,52,256,16384,0.011854047045749213,0.5
6,36,remote_balanced,U1,c27-c28,stitch,54,56,256,16384,0.011854047045749213,0.5
6,36,remote_balanced,U1,c22-c28,stitch,56,44,9,576,0.0004167438414521208,0.03515625
6,36,remote_balanced,U1,c27-c28,stitch,56,54,256,16384,0.011854047045749213,0.5
6,36,remote_balanced,U1,c28-c29,stitch,56,58,256,16384,0.011854047045749213,0.5
6,36,remote_balanced,U1,c23-c29,stitch,58,46,242,15488,0.011205778847934804,0.5
6,36,remote_balanced,U1,c28-c29,stitch,58,56,256,16384,0.011854047045749213,0.5
6,36,remote_balanced,U1,c29-c35,stitch,58,70,256,16384,0.011854047045749213,0.5
6,36,remote_balanced,U1,c30-c31,stitch,60,62,256,16384,0.011854047045749213,0.5
6,36,remote_balanced,U1,c30-c31,stitch,62,60,256,16384,0.011854047045749213,0.5
6,36,remote_balanced,U1,c31-c32,stitch,62,64,256,16384,0.011854047045749213,0.5
6,36,remote_balanced,U1,c31-c32,stitch,64,62,256,16384,0.011854047045749213,0.5
6,36,remote_balanced,U1,c32-c33,stitch,64,66,256,16384,0.011854047045749213,0.5
6,36,remote_balanced,U1,c27-c33,stitch,66,54,5,320,0.0002315243563622893,0.01953125
6,36,remote_balanced,U1,c32-c33,stitch,66,64,256,16384,0.011854047045749213,0.5
6,36,remote_balanced,U1,c33-c34,stitch,66,68,256,16384,0.011854047045749213,0.5
6,36,remote_balanced,U1,c28-c34,stitch,68,56,9,576,0.0004167438414521208,0.03515625
6,36,remote_balanced,U1,c33-c34,stitch,68,66,261,16704,0.012085571402111502,0.5
6,36,remote_balanced,U1,c34-c35,stitch,68,70,256,16384,0.011854047045749213,0.5
6,36,remote_balanced,U1,c29-c35,stitch,70,58,242,15488,0.011205778847934804,0.5
6,36,remote_balanced,U1,c34-c35,stitch,70,68,270,17280,0.012502315243563622,0.5
6,36,remote_balanced,U1,edge-io,io,72,0,256,16384,0.011854047045749213,0.5
6,36,remote_balanced,S,hb-0,hb,0,1,258,16512,0.008242021531482605,0.25
6,36,remote_balanced,S,c0-c1,stitch,0,2,256,16384,0.00817812989170367,0.5
6,36,remote_balanced,S,c0-c6,stitch,0,12,2307,147648,0.07369900648500144,0.5
6,36,remote_balanced,S,edge-io,io,0,72,1,64,3.194581988946746e-05,0.00390625
6,36,remote_balanced,S,hb-0,hb,1,0,2049,131136,0.06545698495351883,0.2734375
6,36,remote_balanced,S,c0-c1,stitch,2,0,232,14848,0.007411430214356451,0.46875
6,36,remote_balanced,S,hb-1,hb,2,3,258,16512,0.008242021531482605,0.25
6,36,remote_balanced,S,c1-c2,stitch,2,4,256,16384,0.00817812989170367,0.5
6,36,remote_balanced,S,c1-c7,stitch,2,14,2307,147648,0.07369900648500144,0.5
6,36,remote_balanced,S,hb-1,hb,3,2,2049,131136,0.06545698495351883,0.42578125
6,36,remote_balanced,S,c1-c2,stitch,4,2,202,12928,0.006453055617672427,0.38671875
6,36,remote_balanced,S,hb-2,hb,4,5,258,16512,0.008242021531482605,0.25
6,36,remote_balanced,S,c2-c3,stitch,4,6,256,16384,0.00817812989170367,0.5
6,36,remote_balanced,S,c2-c8,stitch,4,16,2307,147648,0.07369900648500144,0.5
6,36,remote_balanced,S,hb-2,hb,5,4,2049,131136,0.06545698495351883,0.421875
6,36,remote_balanced,S,c2-c3,stitch,6,4,150,9600,0.00479187298342012,0.3125
6,36,remote_balanced,S,hb-3,hb,6,7,258,16512,0.008242021531482605,0.25
6,36,remote_balanced,S,c3-c4,stitch,6,8,256,16384,0.00817812989170367,0.5
6,36,remote_balanced,S,c3-c9,stitch,6,18,2307,147648,0.07369900648500144,0.5
6,36,remote_balanced,S,hb-3,hb,7,6,2049,131136,0.06545698495351883,0.421875
6,36,remote_balanced,S,c3-c4,stitch,8,6,93,5952,0.002970961249720474,0.18359375
6,36,remote_balanced,S,hb-4,hb,8,9,258,16512,0.008242021531482605,0.25
6,36,remote_balanced,S,c4-c5,stitch,8,10,256,16384,0.00817812989170367,0.5
6,36,remote_balanced,S,c4-c10,stitch,8,20,2307,147648,0.07369900648500144,0.5
6,36,remote_balanced,S,hb-4,hb,9,8,2049,131136,0.06545698495351883,0.421875
6,36,remote_balanced,S,c4-c5,stitch,10,8,39,2496,0.001245886975689231,0.09765625
6,36,remote_balanced,S,hb-5,hb,10,11,258,16512,0.008242021531482605,0.25
6,36,remote_balanced,S,c5-c11,stitch,10,22,2563,164032,0.08187713637670511,0.5
6,36,remote_balanced,S,hb-5,hb,11,10,2049,131136,0.06545698495351883,0.421875
6,36,remote_balanced,S,c0-c6,stitch,12,0,2331,149184,0.07446570616234865,0.25
6,36,remote_balanced,S,hb-6,hb,12,13,258,16512,0.008242021531482605,0.25
6,36,remote_balanced,S,c6-c7,stitch,12,14,256,16384,0.00817812989170367,0.5
6,36,remote_balanced,S,c6-c12,stitch,12,24,4614,295296,0.14739801297000288,0.5
6,36,remote_balanced,S,hb-6,hb,13,12,2049,131136,0.06545698495351883,0.25390625
6,36,remote_balanced,S,c1-c7,stitch,14,2,2337,149568,0.07465738108168546,0.4375
6,36,remote_balanced,S,c6-c7,stitch,14,12,257,16448,0.008210075711593138,0.5
6,36,remote_balanced,S,hb-7,hb,14,15,258,16512,0.008242021531482605,0.25
6,36,remote_balanced,S,c7-c8,stitch,14,16,256,16384,0.00817812989170367,0.5
6,36,remote_balanced,S,c7-c13,stitch,14,26,4614,295296,0.14739801297000288,0.5
6,36,remote_balanced,S,hb-7,hb,15,14,2049,131136,0.06545698495351883,0.359375
6,36,remote_balanced,S,c2-c8,stitch,16,4,2359,150976,0.07536018911925374,0.5
6,36,remote_balanced,S,c7-c8,stitch,16,14,257,16448,0.008210075711593138,0.5
6,36,remote_balanced,S,hb-8,hb,16,17,258,16512,0.008242021531482605,0.25
6,36,remote_balanced,S,c8-c9,stitch,16,18,256,16384,0.00817812989170367,0.5
6,36,remote_balanced,S,c8-c14,stitch,16,28,4614,295296,0.14739801297000288,0.5
6,36,remote_balanced,S,hb-8,hb,17,16,2049,131136,0.06545698495351883,0.359375
6,36,remote_balanced,S,c3-c9,stitch,18,6,2364,151296,0.07551991821870108,0.5
6,36,remote_balanced,S,c8-c9,stitch,18,16,256,16384,0.00817812989170367,0.5
6,36,remote_balanced,S,hb-9,hb,18,19,258,16512,0.008242021531482605,0.25
6,36,remote_balanced,S,c9-c10,stitch,18,20,256,16384,0.00817812989170367,0.5
6,36,remote_balanced,S,c9-c15,stitch,18,30,4614,295296,0.14739801297000288,0.5
6,36,remote_balanced,S,hb-9,hb,19,18,2049,131136,0.06545698495351883,0.359375
6,36,remote_balanced,S,c4-c10,stitch,20,8,2361,151104,0.07542408075903267,0.5
6,36,remote_balanced,S,c9-c10,stitch,20,18,256,16384,0.00817812989170367,0.5
6,36,remote_balanced,S,hb-10,hb,20,21,258,16512,0.008242021531482605,0.25
6,36,remote_balanced,S,c10-c11,stitch,20,22,256,16384,0.00817812989170367,0.5
6,36,remote_balanced,S,c10-c16,stitch,20,32,4614,295296,0.14739801297000288,0.5
6,36,remote_balanced,S,hb-10,hb,21,20,2049,131136,0.06545698495351883,0.359375
6,36,remote_balanced,S,c5-c11,stitch,22,10,2346,150144,0.07494489346069066,0.5
6,36,remote_balanced,S,c10-c11,stitch,22,20,256,16384,0.00817812989170367,0.5
6,36,remote_balanced,S,hb-11,hb,22,23,258,16512,0.008242021531482605,0.25
6,36,remote_balanced,S,c11-c17,stitch,22,34,4870,311680,0.15557614286170654,0.5
6,36,remote_balanced,S,hb-11,hb,23,22,2049,131136,0.06545698495351883,0.359375
6,36,remote_balanced,S,c6-c12,stitch,24,12,4637,296768,0.14813276682746063,0.5
6,36,remote_balanced,S,hb-12,hb,24,25,258,16512,0.008242021531482605,0.5
6,36,remote_balanced,S,c12-c13,stitch,24,26,256,16384,0.00817812989170367,0.5
6,36,remote_balanced,S,c12-c18,stitch,24,36,6921,442944,0.22109701945500432,0.5
6,36,remote_balanced,S,hb-12,hb,25,24,2049,131136,0.06545698495351883,0.2734375
6,36,remote_balanced,S,c7-c13,stitch,26,14,4644,297216,0.1483563875666869,0.5
6,36,remote_balanced,S,c12-c13,stitch,26,24,264,16896,0.00843369645081941,0.5
6,36,remote_balanced,S,hb-13,hb,26,27,258,16512,0.008242021531482605,0.3828125
6,36,remote_balanced,S,c13-c14,stitch,26,28,256,16384,0.00817812989170367,0.5
6,36,remote_balanced,S,c13-c19,stitch,26,38,6921,442944,0.22109701945500432,0.5
6,36,remote_balanced,S,hb-13,hb,27,26,2049,131136,0.06545698495351883,0.5
6,36,remote_balanced,S,c8-c14,stitch,28,16,4667,298688,0.14909114142414465,0.5
6,36,remote_balanced,S,c13-c14,stitch,28,26,271,17344,0.008657317190045682,0.5
6,36,remote_balanced,S,hb-14,hb,28,29,258,16512,0.008242021531482605,0.5
6,36,remote_balanced,S,c14-c15,stitch,28,30,256,16384,0.00817812989170367,0.5
6,36,remote_balanced,S,c14-c20,stitch,28,40,6921,442944,0.22109701945500432,0.5
6,36,remote_balanced,S,hb-14,hb,29,28,2049,131136,0.06545698495351883,0.5
6,36,remote_balanced,S,c9-c15,stitch,30,18,4671,298944,0.14921892470370252,0.5
6,36,remote_balanced,S,c14-c15,stitch,30,28,271,17344,0.008657317190045682,0.5
6,36,remote_balanced,S,hb-15,hb,30,31,258,16512,0.008242021531482605,0.5
6,36,remote_balanced,S,c15-c16,stitch,30,32,256,16384,0.00817812989170367,0.5
6,36,remote_balanced,S,c15-c21,stitch,30,42,6921,442944,0.22109701945500432,0.5
6,36,remote_balanced,S,hb-15,hb,31,30,2049,131136,0.06545698495351883,0.5
6,36,remote_balanced,S,c10-c16,stitch,32,20,4668,298752,0.1491230872440341,0.5
6,36,remote_balanced,S,c15-c16,stitch,32,30,263,16832,0.008401750630929943,0.5
6,36,remote_balanced,S,hb-16,hb,32,33,258,16512,0.008242021531482605,0.5
6,36,remote_balanced,S,c16-c17,stitch,32,34,256,16384,0.00817812989170367,0.5
6,36,remote_balanced,S,c16-c22,stitch,32,44,6921,442944,0.22109701945500432,0.5
6,36,remote_balanced,S,hb-16,hb,33,32,2049,131136,0.06545698495351883,0.5
6,36,remote_balanced,S,c11-c17,stitch,34,22,4653,297792,0.1486438999456921,0.5
6,36,remote_balanced,S,c16-c17,stitch,34,32,258,16512,0.008242021531482605,0.5
6,36,remote_balanced,S,hb-17,hb,34,35,258,16512,0.008242021531482605,0.5
6,36,remote_balanced,S,c17-c23,stitch,34,46,7177,459328,0.22927514934670798,0.5
6,36,remote_balanced,S,hb-17,hb,35,34,2049,131136,0.06545698495351883,0.5
6,36,remote_balanced,S,c12-c18,stitch,36,24,6936,443904,0.22157620675334633,0.5
6,36,remote_balanced,S,hb-18,hb,36,37,258,16512,0.008242021531482605,0.5
6,36,remote_balanced,S,c18-c19,stitch,36,38,256,16384,0.00817812989170367,0.5
6,36,remote_balanced,S,c18-c24,stitch,36,48,4614,295296,0.14739801297000288,0.5
6,36,remote_balanced,S,hb-18,hb,37,36,2049,131136,0.06545698495351883,0.359375
6,36,remote_balanced,S,c13-c19,stitch,38,26,6944,444416,0.22183177331246207,0.5
6,36,remote_balanced,S,c18-c19,stitch,38,36,263,16832,0.008401750630929943,0.5
6,36,remote_balanced,S,hb-19,hb,38,39,258,16512,0.008242021531482605,0.5
6,36,remote_balanced,S,c19-c20,stitch,38,40,256,16384,0.00817812989170367,0.5
6,36,remote_balanced,S,c19-c25,stitch,38,50,4614,295296,0.14739801297000288,0.5
6,36,remote_balanced,S,hb-19,hb,39,38,2049,131136,0.06545698495351883,0.5
6,36,remote_balanced,S,c14-c20,stitch,40,28,6974,446336,0.22279014790914609,0.5
6,36,remote_balanced,S,c19-c20,stitch,40,38,269,17216,0.008593425550266747,0.5
6,36,remote_balanced,S,hb-20,hb,40,41,258,16512,0.008242021531482605,0.5
6,36,remote_balanced,S,c20-c21,stitch,40,42,256,16384,0.00817812989170367,0.5
6,36,remote_balanced,S,c20-c26,stitch,40,52,4614,295296,0.14739801297000288,0.5
6,36,remote_balanced,S,hb-20,hb,41,40,2049,131136,0.06545698495351883,0.5
6,36,remote_balanced,S,c15-c21,stitch,42,30,6986,447104,0.2231734977478197,0.5
6,36,remote_balanced,S,c20-c21,stitch,42,40,285,18240,0.009104558668498228,0.5
6,36,remote_balanced,S,hb-21,hb,42,43,258,16512,0.008242021531482605,0.5
6,36,remote_balanced,S,c21-c22,stitch,42,44,256,16384,0.00817812989170367,0.5
6,36,remote_balanced,S,c21-c27,stitch,42,54,4614,295296,0.14739801297000288,0.5
6,36,remote_balanced,S,hb-21,hb,43,42,2049,131136,0.06545698495351883,0.5
6,36,remote_balanced,S,c16-c22,stitch,44,32,6980,446720,0.2229818228284829,0.5
6,36,remote_balanced,S,c21-c22,stitch,44,42,290,18560,0.009264287767945564,0.5
6,36,remote_balanced,S,hb-22,hb,44,45,258,16512,0.008242021531482605,0.5
6,36,remote_balanced,S,c22-c23,stitch,44,46,256,16384,0.00817812989170367,0.5
6,36,remote_balanced,S,c22-c28,stitch,44,56,4614,295296,0.14739801297000288,0.5
6,36,remote_balanced,S,hb-22,hb,45,44,2049,131136,0.06545698495351883,0.5
6,36,remote_balanced,S,c17-c23,stitch,46,34,6962,445568,0.22240679807047248,0.5
6,36,remote_balanced,S,c22-c23,stitch,46,44,281,17984,0.008976775388940357,0.5
6,36,remote_balanced,S,hb-23,hb,46,47,258,16512,0.008242021531482605,0.5
6,36,remote_balanced,S,c23-c29,stitch,46,58,4870,311680,0.15557614286170654,0.5
6,36,remote_balanced,S,hb-23,hb,47,46,2049,131136,0.06545698495351883,0.5
6,36,remote_balanced,S,c18-c24,stitch,48,36,4622,295808,0.14765357952911862,0.5
6,36,remote_balanced,S,hb-24,hb,48,49,258,16512,0.008242021531482605,0.5
6,36,remote_balanced,S,c24-c25,stitch,48,50,256,16384,0.00817812989170367,0.5
6,36,remote_balanced,S,c24-c30,stitch,48,60,2307,147648,0.07369900648500144,0.5
6,36,remote_balanced,S,hb-24,hb,49,48,2049,131136,0.06545698495351883,0.421875
6,36,remote_balanced,S,c19-c25,stitch,50,38,4631,296384,0.14794109190812382,0.5
6,36,remote_balanced,S,c24-c25,stitch,50,48,264,16896,0.00843369645081941,0.5
6,36,remote_balanced,S,hb-25,hb,50,51,258,16512,0.008242021531482605,0.39453125
6,36,remote_balanced,S,c25-c26,stitch,50,52,256,16384,0.00817812989170367,0.5
6,36,remote_balanced,S,c25-c31,stitch,50,62,2307,147648,0.07369900648500144,0.5
6,36,remote_balanced,S,hb-25,hb,51,50,2049,131136,0.06545698495351883,0.28515625
6,36,remote_balanced,S,c20-c26,stitch,52,40,4651,297664,0.14858000830591317,0.5
6,36,remote_balanced,S,c25-c26,stitch,52,50,281,17984,0.008976775388940357,0.5
6,36,remote_balanced,S,hb-26,hb,52,53,258,16512,0.008242021531482605,0.25
6,36,remote_balanced,S,c26-c27,stitch,52,54,256,16384,0.00817812989170367,0.5
6,36,remote_balanced,S,c26-c32,stitch,52,64,2307,147648,0.07369900648500144,0.5
6,36,remote_balanced,S,hb-26,hb,53,52,2049,131136,0.06545698495351883,0.359375
6,36,remote_balanced,S,c21-c27,stitch,54,42,4674,299136,0.14931476216337092,0.5
6,36,remote_balanced,S,c26-c27,stitch,54,52,291,18624,0.009296233587835032,0.5
6,36,remote_balanced,S,hb-27,hb,54,55,258,16512,0.008242021531482605,0.25
6,36,remote_balanced,S,c27-c28,stitch,54,56,256,16384,0.00817812989170367,0.5
6,36,remote_balanced,S,c27-c33,stitch,54,66,2307,147648,0.07369900648500144,0.5
6,36,remote_balanced,S,hb-27,hb,55,54,2049,131136,0.06545698495351883,0.359375
6,36,remote_balanced,S,c22-c28,stitch,56,44,4682,299648,0.14957032872248666,0.5
6,36,remote_balanced,S,c27-c28,stitch,56,54,315,20160,0.01006293326518225,0.5
6,36,remote_balanced,S,hb-28,hb,56,57,258,16512,0.008242021531482605,0.25
6,36,remote_balanced,S,c28-c29,stitch,56,58,256,16384,0.00817812989170367,0.5
6,36,remote_balanced,S,c28-c34,stitch,56,68,2307,147648,0.07369900648500144,0.5
6,36,remote_balanced,S,hb-28,hb,57,56,2049,131136,0.06545698495351883,0.359375
6,36,remote_balanced,S,c23-c29,stitch,58,46,4680,299520,0.14950643708270772,0.5
6,36,remote_balanced,S,c28-c29,stitch,58,56,317,20288,0.010126824904961185,0.5
6,36,remote_balanced,S,hb-29,hb,58,59,258,16512,0.008242021531482605,0.25
6,36,remote_balanced,S,c29-c35,stitch,58,70,2563,164032,0.08187713637670511,0.5
6,36,remote_balanced,S,hb-29,hb,59,58,2049,131136,0.06545698495351883,0.359375
6,36,remote_balanced,S,c24-c30,stitch,60,48,2307,147648,0.07369900648500144,0.5
6,36,remote_balanced,S,hb-30,hb,60,61,258,16512,0.008242021531482605,0.5
6,36,remote_balanced,S,c30-c31,stitch,60,62,256,16384,0.00817812989170367,0.5
6,36,remote_balanced,S,hb-30,hb,61,60,2049,131136,0.06545698495351883,0.5
6,36,remote_balanced,S,c25-c31,stitch,62,50,2307,147648,0.07369900648500144,0.5
6,36,remote_balanced,S,c30-c31,stitch,62,60,256,16384,0.00817812989170367,0.5
6,36,remote_balanced,S,hb-31,hb,62,63,258,16512,0.008242021531482605,0.5
6,36,remote_balanced,S,c31-c32,stitch,62,64,256,16384,0.00817812989170367,0.5
6,36,remote_balanced,S,hb-31,hb,63,62,2049,131136,0.06545698495351883,0.359375
6,36,remote_balanced,S,c26-c32,stitch,64,52,2334,149376,0.07456154362201706,0.5
6,36,remote_balanced,S,c31-c32,stitch,64,62,256,16384,0.00817812989170367,0.5
6,36,remote_balanced,S,hb-32,hb,64,65,258,16512,0.008242021531482605,0.25
6,36,remote_balanced,S,c32-c33,stitch,64,66,256,16384,0.00817812989170367,0.5
6,36,remote_balanced,S,hb-32,hb,65,64,2049,131136,0.06545698495351883,0.421875
6,36,remote_balanced,S,c27-c33,stitch,66,54,2343,149952,0.07484905600102226,0.5
6,36,remote_balanced,S,c32-c33,stitch,66,64,283,18112,0.009040667028719291,0.5
6,36,remote_balanced,S,hb-33,hb,66,67,258,16512,0.008242021531482605,0.25
6,36,remote_balanced,S,c33-c34,stitch,66,68,256,16384,0.00817812989170367,0.5
6,36,remote_balanced,S,hb-33,hb,67,66,2049,131136,0.06545698495351883,0.421875
6,36,remote_balanced,S,c28-c34,stitch,68,56,2373,151872,0.0758074305977063,0.5
6,36,remote_balanced,S,c33-c34,stitch,68,66,319,20416,0.01019071654474012,0.5
6,36,remote_balanced,S,hb-34,hb,68,69,258,16512,0.008242021531482605,0.25
6,36,remote_balanced,S,c34-c35,stitch,68,70,256,16384,0.00817812989170367,0.5
6,36,remote_balanced,S,hb-34,hb,69,68,2049,131136,0.06545698495351883,0.421875
6,36,remote_balanced,S,c29-c35,stitch,70,58,2434,155776,0.0777561256109638,0.5
6,36,remote_balanced,S,c34-c35,stitch,70,68,385,24640,0.012299140657444974,0.5
6,36,remote_balanced,S,hb-35,hb,70,71,258,16512,0.008242021531482605,0.25
6,36,remote_balanced,S,hb-35,hb,71,70,2049,131136,0.06545698495351883,0.421875
6,36,remote_balanced,S,edge-io,io,72,0,256,16384,0.00817812989170367,0.5
7,49,local,U0,c0-c1,stitch,0,2,256,16384,0.017330083942594096,0.5
7,49,local,U0,edge-io,io,0,98,1,64,6.769564040075819e-05,0.00390625
7,49,local,U0,c0-c1,stitch,2,0,241,15424,0.016314649336582724,0.48828125
7,49,local,U0,c1-c2,stitch,2,4,256,16384,0.017330083942594096,0.5
7,49,local,U0,c1-c2,stitch,4,2,228,14592,0.015434606011372868,0.43359375
7,49,local,U0,c2-c3,stitch,4,6,256,16384,0.017330083942594096,0.5
7,49,local,U0,c2-c3,stitch,6,4,197,12608,0.013336041158949364,0.3984375
7,49,local,U0,c3-c4,stitch,6,8,256,16384,0.017330083942594096,0.5
7,49,local,U0,c3-c4,stitch,8,6,144,9216,0.00974817221770918,0.32421875
7,49,local,U0,c4-c5,stitch,8,10,256,16384,0.017330083942594096,0.5
7,49,local,U0,c4-c5,stitch,10,8,103,6592,0.006972650961278094,0.17578125
7,49,local,U0,c5-c6,stitch,10,12,256,16384,0.017330083942594096,0.5
7,49,local,U0,c5-c6,stitch,12,10,55,3520,0.0037232602220417005,0.11328125
7,49,local,U0,c6-c13,stitch,12,26,256,16384,0.017330083942594096,0.5
7,49,local,U0,c0-c7,stitch,14,0,15,960,0.0010154346060113728,0.046875
7,49,local,U0,c7-c8,stitch,14,16,256,16384,0.017330083942594096,0.5
7,49,local,U0,c1-c8,stitch,16,2,13,832,0.0008800433252098565,0.046875
7,49,local,U0,c7-c8,stitch,16,14,258,16512,0.017465475223395612,0.5
7,49,local,U0,c8-c9,stitch,16,18,256,16384,0.017330083942594096,0.5
7,49,local,U0,c2-c9,stitch,18,4,31,1984,0.002098564852423504,0.0703125
7,49,local,U0,c8-c9,stitch,18,16,258,16512,0.017465475223395612,0.5
7,49,local,U0,c9-c10,stitch,18,20,256,16384,0.017330083942594096,0.5
7,49,local,U0,c3-c10,stitch,20,6,53,3392,0.003587868941240184,0.10546875
7,49,local,U0,c9-c10,stitch,20,18,265,16960,0.01793934470620092,0.5
7,49,local,U0,c10-c11,stitch,20,22,256,16384,0.017330083942594096,0.5
7,49,local,U0,c4-c11,stitch,22,8,41,2624,0.002775521256431086,0.125
7,49,local,U0,c10-c11,stitch,22,20,263,16832,0.017803953425399404,0.5
7,49,local,U0,c11-c12,stitch,22,24,256,16384,0.017330083942594096,0.5
7,49,local,U0,c5-c12,stitch,24,10,48,3072,0.003249390739236393,0.0859375
7,49,local,U0,c11-c12,stitch,24,22,261,16704,0.017668562144597888,0.5
7,49,local,U0,c12-c13,stitch,24,26,256,16384,0.017330083942594096,0.5
7,49,local,U0,c6-c13,stitch,26,12,55,3520,0.0037232602220417005,0.1171875
7,49,local,U0,c12-c13,stitch,26,24,256,16384,0.017330083942594096,0.5
7,49,local,U0,c13-c20,stitch,26,40,256,16384,0.017330083942594096,0.5
7,49,local,U0,c7-c14,stitch,28,14,13,832,0.0008800433252098565,0.0390625
7,49,local,U0,c14-c15,stitch,28,30,256,16384,0.017330083942594096,0.5
7,49,local,U0,c8-c15,stitch,30,16,13,832,0.0008800433252098565,0.046875
7,49,local,U0,c14-c15,stitch,30,28,257,16448,0.017397779582994856,0.5
7,49,local,U0,c15-c16,stitch,30,32,256,16384,0.017330083942594096,0.5
7,49,local,U0,c9-c16,stitch,32,18,24,1536,0.0016246953696181965,0.05078125
7,49,local,U0,c15-c16,stitch,32,30,264,16896,0.017871649065800164,0.5
7,49,local,U0,c16-c17,stitch,32,34,256,16384,0.017330083942594096,0.5
7,49,local,U0,c10-c17,stitch,34,20,55,3520,0.0037232602220417005,0.11328125
7,49,local,U0,c16-c17,stitch,34,32,268,17152,0.018142431627403196,0.5
7,49,local,U0,c17-c18,stitch,34,36,256,16384,0.017330083942594096,0.5
7,49,local,U0,c11-c18,stitch,36,22,43,2752,0.002910912537232602,0.13671875
7,49,local,U0,c17-c18,stitch,36,34,281,17984,0.019022474952613052,0.5
7,49,local,U0,c18-c19,stitch,36,38,256,16384,0.017330083942594096,0.5
7,49,local,U0,c12-c19,stitch,38,24,53,3392,0.003587868941240184,0.10546875
7,49,local,U0,c18-c19,stitch,38,36,277,17728,0.01875169239101002,0.5
7,49,local,U0,c19-c20,stitch,38,40,256,16384,0.017330083942594096,0.5
7,49,local,U0,c13-c20,stitch,40,26,55,3520,0.0037232602220417005,0.1171875
7,49,local,U0,c19-c20,stitch,40,38,261,16704,0.017668562144597888,0.5
7,49,local,U0,c20-c27,stitch,40,54,256,16384,0.017330083942594096,0.5
7,49,local,U0,c14-c21,stitch,42,28,12,768,0.0008123476848090983,0.03515625
7,49,local,U0,c21-c22,stitch,42,44,256,16384,0.017330083942594096,0.5
7,49,local,U0,c15-c22,stitch,44,30,6,384,0.00040617384240454913,0.0234375
7,49,local,U0,c21-c22,stitch,44,42,263,16832,0.017803953425399404,0.5
7,49,local,U0,c22-c23,stitch,44,46,256,16384,0.017330083942594096,0.5
7,49,local,U0,c16-c23,stitch,46,32,20,1280,0.0013539128080151638,0.0390625
7,49,local,U0,c22-c23,stitch,46,44,262,16768,0.017736257784998648,0.5
7,49,local,U0,c23-c24,stitch,46,48,256,16384,0.017330083942594096,0.5
7,49,local,U0,c17-c24,stitch,48,34,42,2688,0.002843216896831844,0.1015625
7,49,local,U0,c23-c24,stitch,48,46,276,17664,0.01868399675060926,0.5
7,49,local,U0,c24-c25,stitch,48,50,256,16384,0.017330083942594096,0.5
7,49,local,U0,c18-c25,stitch,50,36,47,3008,0.003181695098835635,0.1171875
7,49,local,U0,c24-c25,stitch,50,48,300,19200,0.020308692120227456,0.5
7,49,local,U0,c25-c26,stitch,50,52,256,16384,0.017330083942594096,0.5
7,49,local,U0,c19-c26,stitch,52,38,69,4416,0.004670999187652315,0.15625
7,49,local,U0,c25-c26,stitch,52,50,296,18944,0.020037909558624424,0.5
7,49,local,U0,c26-c27,stitch,52,54,256,16384,0.017330083942594096,0.5
7,49,local,U0,c20-c27,stitch,54,40,60,3840,0.004061738424045491,0.125
7,49,local,U0,c26-c27,stitch,54,52,300,19200,0.020308692120227456,0.5
7,49,local,U0,c27-c34,stitch,54,68,256,16384,0.017330083942594096,0.5
7,49,local,U0,c21-c28,stitch,56,42,5,320,0.00033847820200379094,0.01953125
7,49,local,U0,c28-c29,stitch,56,58,256,16384,0.017330083942594096,0.5
7,49,local,U0,c22-c29,stitch,58,44,7,448,0.0004738694828053073,0.02734375
7,49,local,U0,c28-c29,stitch,58,56,261,16704,0.017668562144597888,0.5
7,49,local,U0,c29-c30,stitch,58,60,256,16384,0.017330083942594096,0.5
7,49,local,U0,c23-c30,stitch,60,46,6,384,0.00040617384240454913,0.0234375
7,49,local,U0,c29-c30,stitch,60,58,263,16832,0.017803953425399404,0.5
7,49,local,U0,c30-c31,stitch,60,62,256,16384,0.017330083942594096,0.5
7,49,local,U0,c24-c31,stitch,62,48,18,1152,0.0012185215272136475,0.05859375
7,49,local,U0,c30-c31,stitch,62,60,262,16768,0.017736257784998648,0.5
7,49,local,U0,c31-c32,stitch,62,64,256,16384,0.017330083942594096,0.5
7,49,local,U0,c25-c32,stitch,64,50,51,3264,0.0034524776604386675,0.12890625
7,49,local,U0,c31-c32,stitch,64,62,270,17280,0.018277822908204712,0.5
7,49,local,U0,c32-c33,stitch,64,66,256,16384,0.017330083942594096,0.5
7,49,local,U0,c26-c33,stitch,66,52,65,4160,0.004400216626049282,0.1328125
7,49,local,U0,c32-c33,stitch,66,64,294,18816,0.019902518277822908,0.5
7,49,local,U0,c33-c34,stitch,66,68,256,16384,0.017330083942594096,0.5
7,49,local,U0,c27-c34,stitch,68,54,104,6656,0.007040346601678852,0.20703125
7,49,local,U0,c33-c34,stitch,68,66,317,20288,0.021459518007040348,0.5
7,49,local,U0,c34-c41,stitch,68,82,256,16384,0.017330083942594096,0.5
7,49,local,U0,c35-c36,stitch,70,72,256,16384,0.017330083942594096,0.5
7,49,local,U0,c29-c36,stitch,72,58,5,320,0.00033847820200379094,0.01953125
7,49,local,U0,c35-c36,stitch,72,70,256,16384,0.017330083942594096,0.5
7,49,local,U0,c36-c37,stitch,72,74,256,16384,0.017330083942594096,0.5
7,49,local,U0,c30-c37,stitch,74,60,7,448,0.0004738694828053073,0.02734375
7,49,local,U0,c36-c37,stitch,74,72,261,16704,0.017668562144597888,0.5
7,49,local,U0,c37-c38,stitch,74,76,256,16384,0.017330083942594096,0.5
7,49,local,U0,c31-c38,stitch,76,62,10,640,0.0006769564040075819,0.0390625
7,49,local,U0,c37-c38,stitch,76,74,268,17152,0.018142431627403196,0.5
7,49,local,U0,c38-c39,stitch,76,78,256,16384,0.017330083942594096,0.5
7,49,local,U0,c32-c39,stitch,78,64,27,1728,0.0018277822908204712,0.0546875
7,49,local,U0,c38-c39,stitch,78,76,269,17216,0.018210127267803952,0.5
7,49,local,U0,c39-c40,stitch,78,80,256,16384,0.017330083942594096,0.5
7,49,local,U0,c33-c40,stitch,80,66,42,2688,0.002843216896831844,0.1015625
7,49,local,U0,c39-c40,stitch,80,78,285,18240,0.019293257514216084,0.5
7,49,local,U0,c40-c41,stitch,80,82,256,16384,0.017330083942594096,0.5
7,49,local,U0,c34-c41,stitch,82,68,165,10560,0.011169780666125102,0.32421875
7,49,local,U0,c40-c41,stitch,82,80,316,20224,0.021391822366639588,0.5
7,49,local,U0,c41-c48,stitch,82,96,256,16384,0.017330083942594096,0.5
7,49,local,U0,c42-c43,stitch,84,86,256,16384,0.017330083942594096,0.5
7,49,local,U0,c42-c43,stitch,86,84,256,16384,0.017330083942594096,0.5
7,49,local,U0,c43-c44,stitch,86,88,256,16384,0.017330083942594096,0.5
7,49,local,U0,c43-c44,stitch,88,86,256,16384,0.017330083942594096,0.5
7,49,local,U0,c44-c45,stitch,88,90,256,16384,0.017330083942594096,0.5
7,49,local,U0,c38-c45,stitch,90,76,9,576,0.0006092607636068237,0.03515625
7,49,local,U0,c44-c45,stitch,90,88,256,16384,0.017330083942594096,0.5
7,49,local,U0,c45-c46,stitch,90,92,256,16384,0.017330083942594096,0.5
7,49,local,U0,c39-c46,stitch,92,78,11,704,0.0007446520444083401,0.04296875
7,49,local,U0,c45-c46,stitch,92,90,265,16960,0.01793934470620092,0.5
7,49,local,U0,c46-c47,stitch,92,94,256,16384,0.017330083942594096,0.5
7,49,local,U0,c40-c47,stitch,94,80,11,704,0.0007446520444083401,0.04296875
7,49,local,U0,c46-c47,stitch,94,92,276,17664,0.01868399675060926,0.5
7,49,local,U0,c47-c48,stitch,94,96,256,16384,0.017330083942594096,0.5
7,49,local,U0,c41-c48,stitch,96,82,225,14400,0.015231519090170594,0.5
7,49,local,U0,c47-c48,stitch,96,94,287,18368,0.0194286487950176,0.5
7,49,local,U0,edge-io,io,98,0,256,16384,0.017330083942594096,0.5
7,49,local,U1,c0-c1,stitch,0,2,256,16384,0.011854047045749213,0.5
7,49,local,U1,edge-io,io,0,98,1,64,4.630487127245786e-05,0.00390625
7,49,local,U1,c0-c1,stitch,2,0,256,16384,0.011854047045749213,0.5
7,49,local,U1,c1-c2,stitch,2,4,256,16384,0.011854047045749213,0.5
7,49,local,U1,c1-c2,stitch,4,2,256,16384,0.011854047045749213,0.5
7,49,local,U1,c2-c3,stitch,4,6,256,16384,0.011854047045749213,0.5
7,49,local,U1,c2-c3,stitch,6,4,253,16192,0.011715132431931839,0.5
7,49,local,U1,c3-c4,stitch,6,8,256,16384,0.011854047045749213,0.5
7,49,local,U1,c3-c4,stitch,8,6,242,15488,0.011205778847934804,0.47265625
7,49,local,U1,c4-c5,stitch,8,10,256,16384,0.011854047045749213,0.5
7,49,local,U1,c4-c5,stitch,10,8,226,14464,0.010464900907575478,0.453125
7,49,local,U1,c5-c6,stitch,10,12,256,16384,0.011854047045749213,0.5
7,49,local,U1,c5-c6,stitch,12,10,202,12928,0.009353583997036488,0.48828125
7,49,local,U1,c6-c13,stitch,12,26,256,16384,0.011854047045749213,0.5
7,49,local,U1,c7-c8,stitch,14,16,256,16384,0.011854047045749213,0.5
7,49,local,U1,c7-c8,stitch,16,14,256,16384,0.011854047045749213,0.5
7,49,local,U1,c8-c9,stitch,16,18,256,16384,0.011854047045749213,0.5
7,49,local,U1,c2-c9,stitch,18,4,3,192,0.00013891461381737358,0.01171875
7,49,local,U1,c8-c9,stitch,18,16,256,16384,0.011854047045749213,0.5
7,49,local,U1,c9-c10,stitch,18,20,256,16384,0.011854047045749213,0.5
7,49,local,U1,c3-c10,stitch,20,6,11,704,0.0005093535839970365,0.03515625
7,49,local,U1,c9-c10,stitch,20,18,259,16576,0.011992961659566587,0.5
7,49,local,U1,c10-c11,stitch,20,22,256,16384,0.011854047045749213,0.5
7,49,local,U1,c4-c11,stitch,22,8,16,1024,0.0007408779403593258,0.04296875
7,49,local,U1,c10-c11,stitch,22,20,267,17088,0.01236340062974625,0.5
7,49,local,U1,c11-c12,stitch,22,24,256,16384,0.011854047045749213,0.5
7,49,local,U1,c5-c12,stitch,24,10,24,1536,0.0011113169105389886,0.05859375
7,49,local,U1,c11-c12,stitch,24,22,267,17088,0.01236340062974625,0.5
7,49,local,U1,c12-c13,stitch,24,26,256,16384,0.011854047045749213,0.5
7,49,local,U1,c6-c13,stitch,26,12,202,12928,0.009353583997036488,0.5
7,49,local,U1,c12-c13,stitch,26,24,267,17088,0.01236340062974625,0.5
7,49,local,U1,c13-c20,stitch,26,40,256,16384,0.011854047045749213,0.5
7,49,local,U1,c14-c15,stitch,28,30,256,16384,0.011854047045749213,0.5
7,49,local,U1,c14-c15,stitch,30,28,256,16384,0.011854047045749213,0.5
7,49,local,U1,c15-c16,stitch,30,32,256,16384,0.011854047045749213,0.5
7,49,local,U1,c15-c16,stitch,32,30,256,16384,0.011854047045749213,0.5
7,49,local,U1,c16-c17,stitch,32,34,256,16384,0.011854047045749213,0.5
7,49,local,U1,c10-c17,stitch,34,20,3,192,0.00013891461381737358,0.01171875
7,49,local,U1,c16-c17,stitch,34,32,256,16384,0.011854047045749213,0.5
7,49,local,U1,c17-c18,stitch,34,36,256,16384,0.011854047045749213,0.5
7,49,local,U1,c11-c18,stitch,36,22,16,1024,0.0007408779403593258,0.04296875
7,49,local,U1,c17-c18,stitch,36,34,259,16576,0.011992961659566587,0.5
7,49,local,U1,c18-c19,stitch,36,38,256,16384,0.011854047045749213,0.5
7,49,local,U1,c12-c19,stitch,38,24,24,1536,0.0011113169105389886,0.05859375
7,49,local,U1,c18-c19,stitch,38,36,267,17088,0.01236340062974625,0.5
7,49,local,U1,c19-c20,stitch,38,40,256,16384,0.011854047045749213,0.5
7,49,local,U1,c13-c20,stitch,40,26,213,13632,0.009862937581033526,0.5
7,49,local,U1,c19-c20,stitch,40,38,267,17088,0.01236340062974625,0.5
7,49,local,U1,c20-c27,stitch,40,54,256,16384,0.011854047045749213,0.5
7,49,local,U1,c21-c22,stitch,42,44,256,16384,0.011854047045749213,0.5
7,49,local,U1,c21-c22,stitch,44,42,256,16384,0.011854047045749213,0.5
7,49,local,U1,c22-c23,stitch,44,46,256,16384,0.011854047045749213,0.5
7,49,local,U1,c22-c23,stitch,46,44,256,16384,0.011854047045749213,0.5
7,49,local,U1,c23-c24,stitch,46,48,256,16384,0.011854047045749213,0.5
7,49,local,U1,c23-c24,stitch,48,46,256,16384,0.011854047045749213,0.5
7,49,local,U1,c24-c25,stitch,48,50,256,16384,0.011854047045749213,0.5
7,49,local,U1,c18-c25,stitch,50,36,8,512,0.0003704389701796629,0.01953125
7,49,local,U1,c24-c25,stitch,50,48,256,16384,0.011854047045749213,0.5
7,49,local,U1,c25-c26,stitch,50,52,256,16384,0.011854047045749213,0.5
7,49,local,U1,c19-c26,stitch,52,38,24,1536,0.0011113169105389886,0.05859375
7,49,local,U1,c25-c26,stitch,52,50,259,16576,0.011992961659566587,0.5
7,49,local,U1,c26-c27,stitch,52,54,256,16384,0.011854047045749213,0.5
7,49,local,U1,c20-c27,stitch,54,40,224,14336,0.010372291165030561,0.5
7,49,local,U1,c26-c27,stitch,54,52,267,17088,0.01236340062974625,0.5
7,49,local,U1,c27-c34,stitch,54,68,256,16384,0.011854047045749213,0.5
7,49,local,U1,c28-c29,stitch,56,58,256,16384,0.011854047045749213,0.5
7,49,local,U1,c28-c29,stitch,58,56,256,16384,0.011854047045749213,0.5
7,49,local,U1,c29-c30,stitch,58,60,256,16384,0.011854047045749213,0.5
7,49,local,U1,c29-c30,stitch,60,58,256,16384,0.011854047045749213,0.5
7,49,local,U1,c30-c31,stitch,60,62,256,16384,0.011854047045749213,0.5
7,49,local,U1,c30-c31,stitch,62,60,256,16384,0.011854047045749213,0.5
7,49,local,U1,c31-c32,stitch,62,64,256,16384,0.011854047045749213,0.5
7,49,local,U1,c25-c32,stitch,64,50,5,320,0.0002315243563622893,0.01953125
7,49,local,U1,c31-c32,stitch,64,62,256,16384,0.011854047045749213,0.5
7,49,local,U1,c32-c33,stitch,64,66,256,16384,0.011854047045749213,0.5
7,49,local,U1,c26-c33,stitch,66,52,16,1024,0.0007408779403593258,0.03515625
7,49,local,U1,c32-c33,stitch,66,64,256,16384,0.011854047045749213,0.5
7,49,local,U1,c33-c34,stitch,66,68,256,16384,0.011854047045749213,0.5
7,49,local,U1,c27-c34,stitch,68,54,235,15040,0.010881644749027598,0.5
7,49,local,U1,c33-c34,stitch,68,66,263,16832,0.012178181144656419,0.5
7,49,local,U1,c34-c41,stitch,68,82,256,16384,0.011854047045749213,0.5
7,49,local,U1,c35-c36,stitch,70,72,256,16384,0.011854047045749213,0.5
7,49,local,U1,c35-c36,stitch,72,70,256,16384,0.011854047045749213,0.5
7,49,local,U1,c36-c37,stitch,72,74,256,16384,0.011854047045749213,0.5
7,49,local,U1,c36-c37,stitch,74,72,256,16384,0.011854047045749213,0.5
7,49,local,U1,c37-c38,stitch,74,76,256,16384,0.011854047045749213,0.5
7,49,local,U1,c37-c38,stitch,76,74,256,16384,0.011854047045749213,0.5
7,49,local,U1,c38-c39,stitch,76,78,256,16384,0.011854047045749213,0.5
7,49,local,U1,c32-c39,stitch,78,64,5,320,0.0002315243563622893,0.01953125
7,49,local,U1,c38-c39,stitch,78,76,256,16384,0.011854047045749213,0.5
7,49,local,U1,c39-c40,stitch,78,80,256,16384,0.011854047045749213,0.5
7,49,local,U1,c33-c40,stitch,80,66,9,576,0.0004167438414521208,0.03515625
7,49,local,U1,c39-c40,stitch,80,78,256,16384,0.011854047045749213,0.5
7,49,local,U1,c40-c41,stitch,80,82,256,16384,0.011854047045749213,0.5
7,49,local,U1,c34-c41,stitch,82,68,242,15488,0.011205778847934804,0.5
7,49,local,U1,c40-c41,stitch,82,80,256,16384,0.011854047045749213,0.5
7,49,local,U1,c41-c48,stitch,82,96,256,16384,0.011854047045749213,0.5
7,49,local,U1,c42-c43,stitch,84,86,256,16384,0.011854047045749213,0.5
7,49,local,U1,c42-c43,stitch,86,84,256,16384,0.011854047045749213,0.5
7,49,local,U1,c43-c44,stitch,86,88,256,16384,0.011854047045749213,0.5
7,49,local,U1,c43-c44,stitch,88,86,256,16384,0.011854047045749213,0.5
7,49,local,U1,c44-c45,stitch,88,90,256,16384,0.011854047045749213,0.5
7,49,local,U1,c44-c45,stitch,90,88,256,16384,0.011854047045749213,0.5
7,49,local,U1,c45-c46,stitch,90,92,256,16384,0.011854047045749213,0.5
7,49,local,U1,c39-c46,stitch,92,78,5,320,0.0002315243563622893,0.01953125
7,49,local,U1,c45-c46,stitch,92,90,256,16384,0.011854047045749213,0.5
7,49,local,U1,c46-c47,stitch,92,94,256,16384,0.011854047045749213,0.5
7,49,local,U1,c40-c47,stitch,94,80,9,576,0.0004167438414521208,0.03515625
7,49,local,U1,c46-c47,stitch,94,92,261,16704,0.012085571402111502,0.5
7,49,local,U1,c47-c48,stitch,94,96,256,16384,0.011854047045749213,0.5
7,49,local,U1,c41-c48,stitch,96,82,242,15488,0.011205778847934804,0.5
7,49,local,U1,c47-c48,stitch,96,94,270,17280,0.012502315243563622,0.5
7,49,local,U1,edge-io,io,98,0,256,16384,0.011854047045749213,0.5
7,49,local,S,hb-0,hb,0,1,258,16512,0.010793624231268041,0.5
7,49,local,S,c0-c1,stitch,0,2,256,16384,0.010709952725599298,0.5
7,49,local,S,edge-io,io,0,98,1,64,4.1835752834372257e-05,0.00390625
7,49,local,S,hb-0,hb,1,0,2049,131136,0.08572145755762875,0.5
7,49,local,S,c0-c1,stitch,2,0,256,16384,0.010709952725599298,0.5
7,49,local,S,hb-1,hb,2,3,258,16512,0.010793624231268041,0.5
7,49,local,S,c1-c2,stitch,2,4,256,16384,0.010709952725599298,0.5
7,49,local,S,hb-1,hb,3,2,2049,131136,0.08572145755762875,0.5
7,49,local,S,c1-c2,stitch,4,2,256,16384,0.010709952725599298,0.5
7,49,local,S,hb-2,hb,4,5,258,16512,0.010793624231268041,0.5
7,49,local,S,c2-c3,stitch,4,6,256,16384,0.010709952725599298,0.5
7,49,local,S,hb-2,hb,5,4,2049,131136,0.08572145755762875,0.5
7,49,local,S,c2-c3,stitch,6,4,253,16192,0.01058444546709618,0.5
7,49,local,S,hb-3,hb,6,7,258,16512,0.010793624231268041,0.5
7,49,local,S,c3-c4,stitch,6,8,256,16384,0.010709952725599298,0.5
7,49,local,S,hb-3,hb,7,6,2049,131136,0.08572145755762875,0.5
7,49,local,S,c3-c4,stitch,8,6,242,15488,0.010124252185918085,0.47265625
7,49,local,S,hb-4,hb,8,9,258,16512,0.010793624231268041,0.5
7,49,local,S,c4-c5,stitch,8,10,256,16384,0.010709952725599298,0.5
7,49,local,S,hb-4,hb,9,8,2049,131136,0.08572145755762875,0.5
7,49,local,S,c4-c5,stitch,10,8,226,14464,0.009454880140568129,0.453125
7,49,local,S,hb-5,hb,10,11,258,16512,0.010793624231268041,0.5
7,49,local,S,c5-c6,stitch,10,12,256,16384,0.010709952725599298,0.5
7,49,local,S,hb-5,hb,11,10,2049,131136,0.08572145755762875,0.5
7,49,local,S,c5-c6,stitch,12,10,202,12928,0.008450822072543196,0.48828125
7,49,local,S,hb-6,hb,12,13,258,16512,0.010793624231268041,0.5
7,49,local,S,c6-c13,stitch,12,26,256,16384,0.010709952725599298,0.5
7,49,local,S,hb-6,hb,13,12,2049,131136,0.08572145755762875,0.5
7,49,local,S,hb-7,hb,14,15,258,16512,0.010793624231268041,0.5
7,49,local,S,c7-c8,stitch,14,16,256,16384,0.010709952725599298,0.5
7,49,local,S,hb-7,hb,15,14,2049,131136,0.08572145755762875,0.5
7,49,local,S,c7-c8,stitch,16,14,256,16384,0.010709952725599298,0.5
7,49,local,S,hb-8,hb,16,17,258,16512,0.010793624231268041,0.5
7,49,local,S,c8-c9,stitch,16,18,256,16384,0.010709952725599298,0.5
7,49,local,S,hb-8,hb,17,16,2049,131136,0.08572145755762875,0.5
7,49,local,S,c2-c9,stitch,18,4,3,192,0.00012550725850311677,0.01171875
7,49,local,S,c8-c9,stitch,18,16,256,16384,0.010709952725599298,0.5
7,49,local,S,hb-9,hb,18,19,258,16512,0.010793624231268041,0.5
7,49,local,S,c9-c10,stitch,18,20,256,16384,0.010709952725599298,0.5
7,49,local,S,hb-9,hb,19,18,2049,131136,0.08572145755762875,0.5
7,49,local,S,c3-c10,stitch,20,6,11,704,0.0004601932811780948,0.03125
7,49,local,S,c9-c10,stitch,20,18,259,16576,0.010835459984102415,0.5
7,49,local,S,hb-10,hb,20,21,258,16512,0.010793624231268041,0.5
7,49,local,S,c10-c11,stitch,20,22,256,16384,0.010709952725599298,0.5
7,49,local,S,hb-10,hb,21,20,2049,131136,0.08572145755762875,0.5
7,49,local,S,c4-c11,stitch,22,8,16,1024,0.0006693720453499561,0.04296875
7,49,local,S,c10-c11,stitch,22,20,267,17088,0.011170146006777392,0.5
7,49,local,S,hb-11,hb,22,23,258,16512,0.010793624231268041,0.5
7,49,local,S,c11-c12,stitch,22,24,256,16384,0.010709952725599298,0.5
7,49,local,S,hb-11,hb,23,22,2049,131136,0.08572145755762875,0.5
7,49,local,S,c5-c12,stitch,24,10,24,1536,0.0010040580680249342,0.05859375
7,49,local,S,c11-c12,stitch,24,22,267,17088,0.011170146006777392,0.5
7,49,local,S,hb-12,hb,24,25,258,16512,0.010793624231268041,0.5
7,49,local,S,c12-c13,stitch,24,26,256,16384,0.010709952725599298,0.5
7,49,local,S,hb-12,hb,25,24,2049,131136,0.08572145755762875,0.5
7,49,local,S,c6-c13,stitch,26,12,202,12928,0.008450822072543196,0.5
7,49,local,S,c12-c13,stitch,26,24,267,17088,0.011170146006777392,0.5
7,49,local,S,hb-13,hb,26,27,258,16512,0.010793624231268041,0.5
7,49,local,S,c13-c20,stitch,26,40,256,16384,0.010709952725599298,0.5
7,49,local,S,hb-13,hb,27,26,2049,131136,0.08572145755762875,0.5
7,49,local,S,hb-14,hb,28,29,258,16512,0.010793624231268041,0.5
7,49,local,S,c14-c15,stitch,28,30,256,16384,0.010709952725599298,0.5
7,49,local,S,hb-14,hb,29,28,2049,131136,0.08572145755762875,0.5
7,49,local,S,c14-c15,stitch,30,28,256,16384,0.010709952725599298,0.5
7,49,local,S,hb-15,hb,30,31,258,16512,0.010793624231268041,0.5
7,49,local,S,c15-c16,stitch,30,32,256,16384,0.010709952725599298,0.5
7,49,local,S,hb-15,hb,31,30,2049,131136,0.08572145755762875,0.5
7,49,local,S,c15-c16,stitch,32,30,256,16384,0.010709952725599298,0.5
7,49,local,S,hb-16,hb,32,33,258,16512,0.010793624231268041,0.5
7,49,local,S,c16-c17,stitch,32,34,256,16384,0.010709952725599298,0.5
7,49,local,S,hb-16,hb,33,32,2049,131136,0.08572145755762875,0.5
7,49,local,S,c10-c17,stitch,34,20,3,192,0.00012550725850311677,0.01171875
7,49,local,S,c16-c17,stitch,34,32,256,16384,0.010709952725599298,0.5
7,49,local,S,hb-17,hb,34,35,258,16512,0.010793624231268041,0.5
7,49,local,S,c17-c18,stitch,34,36,256,16384,0.010709952725599298,0.5
7,49,local,S,hb-17,hb,35,34,2049,131136,0.08572145755762875,0.5
7,49,local,S,c11-c18,stitch,36,22,16,1024,0.0006693720453499561,0.04296875
7,49,local,S,c17-c18,stitch,36,34,259,16576,0.010835459984102415,0.5
7,49,local,S,hb-18,hb,36,37,258,16512,0.010793624231268041,0.5
7,49,local,S,c18-c19,stitch,36,38,256,16384,0.010709952725599298,0.5
7,49,local,S,hb-18,hb,37,36,2049,131136,0.08572145755762875,0.5
7,49,local,S,c12-c19,stitch,38,24,24,1536,0.0010040580680249342,0.05859375
7,49,local,S,c18-c19,stitch,38,36,267,17088,0.011170146006777392,0.5
7,49,local,S,hb-19,hb,38,39,258,16512,0.010793624231268041,0.5
7,49,local,S,c19-c20,stitch,38,40,256,16384,0.010709952725599298,0.5
7,49,local,S,hb-19,hb,39,38,2049,131136,0.08572145755762875,0.5
7,49,local,S,c13-c20,stitch,40,26,213,13632,0.00891101535372129,0.5
7,49,local,S,c19-c20,stitch,40,38,267,17088,0.011170146006777392,0.5
7,49,local,S,hb-20,hb,40,41,258,16512,0.010793624231268041,0.5
7,49,local,S,c20-c27,stitch,40,54,256,16384,0.010709952725599298,0.5
7,49,local,S,hb-20,hb,41,40,2049,131136,0.08572145755762875,0.5
7,49,local,S,hb-21,hb,42,43,258,16512,0.010793624231268041,0.5
7,49,local,S,c21-c22,stitch,42,44,256,16384,0.010709952725599298,0.5
7,49,local,S,hb-21,hb,43,42,2049,131136,0.08572145755762875,0.5
7,49,local,S,c21-c22,stitch,44,42,256,16384,0.010709952725599298,0.5
7,49,local,S,hb-22,hb,44,45,258,16512,0.010793624231268041,0.5
7,49,local,S,c22-c23,stitch,44,46,256,16384,0.010709952725599298,0.5
7,49,local,S,hb-22,hb,45,44,2049,131136,0.08572145755762875,0.5
7,49,local,S,c22-c23,stitch,46,44,256,16384,0.010709952725599298,0.5
7,49,local,S,hb-23,hb,46,47,258,16512,0.010793624231268041,0.5
7,49,local,S,c23-c24,stitch,46,48,256,16384,0.010709952725599298,0.5
7,49,local,S,hb-23,hb,47,46,2049,131136,0.08572145755762875,0.5
7,49,local,S,c23-c24,stitch,48,46,256,16384,0.010709952725599298,0.5
7,49,local,S,hb-24,hb,48,49,258,16512,0.010793624231268041,0.5
7,49,local,S,c24-c25,stitch,48,50,256,16384,0.010709952725599298,0.5
7,49,local,S,hb-24,hb,49,48,2049,131136,0.08572145755762875,0.5
7,49,local,S,c18-c25,stitch,50,36,8,512,0.00033468602267497805,0.01953125
7,49,local,S,c24-c25,stitch,50,48,256,16384,0.010709952725599298,0.5
7,49,local,S,hb-25,hb,50,51,258,16512,0.010793624231268041,0.5
7,49,local,S,c25-c26,stitch,50,52,256,16384,0.010709952725599298,0.5
7,49,local,S,hb-25,hb,51,50,2049,131136,0.08572145755762875,0.5
7,49,local,S,c19-c26,stitch,52,38,24,1536,0.0010040580680249342,0.05859375
7,49,local,S,c25-c26,stitch,52,50,259,16576,0.010835459984102415,0.5
7,49,local,S,hb-26,hb,52,53,258,16512,0.010793624231268041,0.5
7,49,local,S,c26-c27,stitch,52,54,256,16384,0.010709952725599298,0.5
7,49,local,S,hb-26,hb,53,52,2049,131136,0.08572145755762875,0.5
7,49,local,S,c20-c27,stitch,54,40,224,14336,0.009371208634899385,0.5
7,49,local,S,c26-c27,stitch,54,52,267,17088,0.011170146006777392,0.5
7,49,local,S,hb-27,hb,54,55,258,16512,0.010793624231268041,0.5
7,49,local,S,c27-c34,stitch,54,68,256,16384,0.010709952725599298,0.5
7,49,local,S,hb-27,hb,55,54,2049,131136,0.08572145755762875,0.5
7,49,local,S,hb-28,hb,56,57,258,16512,0.010793624231268041,0.5
7,49,local,S,c28-c29,stitch,56,58,256,16384,0.010709952725599298,0.5
7,49,local,S,hb-28,hb,57,56,2049,131136,0.08572145755762875,0.5
7,49,local,S,c28-c29,stitch,58,56,256,16384,0.010709952725599298,0.5
7,49,local,S,hb-29,hb,58,59,258,16512,0.010793624231268041,0.5
7,49,local,S,c29-c30,stitch,58,60,256,16384,0.010709952725599298,0.5
7,49,local,S,hb-29,hb,59,58,2049,131136,0.08572145755762875,0.5
7,49,local,S,c29-c30,stitch,60,58,256,16384,0.010709952725599298,0.5
7,49,local,S,hb-30,hb,60,61,258,16512,0.010793624231268041,0.5
7,49,local,S,c30-c31,stitch,60,62,256,16384,0.010709952725599298,0.5
7,49,local,S,hb-30,hb,61,60,2049,131136,0.08572145755762875,0.5
7,49,local,S,c30-c31,stitch,62,60,256,16384,0.010709952725599298,0.5
7,49,local,S,hb-31,hb,62,63,258,16512,0.010793624231268041,0.5
7,49,local,S,c31-c32,stitch,62,64,256,16384,0.010709952725599298,0.5
7,49,local,S,hb-31,hb,63,62,2049,131136,0.08572145755762875,0.5
7,49,local,S,c25-c32,stitch,64,50,5,320,0.00020917876417186128,0.01953125
7,49,local,S,c31-c32,stitch,64,62,256,16384,0.010709952725599298,0.5
7,49,local,S,hb-32,hb,64,65,258,16512,0.010793624231268041,0.5
7,49,local,S,c32-c33,stitch,64,66,256,16384,0.010709952725599298,0.5
7,49,local,S,hb-32,hb,65,64,2049,131136,0.08572145755762875,0.5
7,49,local,S,c26-c33,stitch,66,52,16,1024,0.0006693720453499561,0.03515625
7,49,local,S,c32-c33,stitch,66,64,256,16384,0.010709952725599298,0.5
7,49,local,S,hb-33,hb,66,67,258,16512,0.010793624231268041,0.5
7,49,local,S,c33-c34,stitch,66,68,256,16384,0.010709952725599298,0.5
7,49,local,S,hb-33,hb,67,66,2049,131136,0.08572145755762875,0.5
7,49,local,S,c27-c34,stitch,68,54,235,15040,0.00983140191607748,0.5
7,49,local,S,c33-c34,stitch,68,66,263,16832,0.011002802995439903,0.5
7,49,local,S,hb-34,hb,68,69,258,16512,0.010793624231268041,0.5
7,49,local,S,c34-c41,stitch,68,82,256,16384,0.010709952725599298,0.5
7,49,local,S,hb-34,hb,69,68,2049,131136,0.08572145755762875,0.5
7,49,local,S,hb-35,hb,70,71,258,16512,0.010793624231268041,0.5
7,49,local,S,c35-c36,stitch,70,72,256,16384,0.010709952725599298,0.5
7,49,local,S,hb-35,hb,71,70,2049,131136,0.08572145755762875,0.5
7,49,local,S,c35-c36,stitch,72,70,256,16384,0.010709952725599298,0.5
7,49,local,S,hb-36,hb,72,73,258,16512,0.010793624231268041,0.5
7,49,local,S,c36-c37,stitch,72,74,256,16384,0.010709952725599298,0.5
7,49,local,S,hb-36,hb,73,72,2049,131136,0.08572145755762875,0.5
7,49,local,S,c36-c37,stitch,74,72,256,16384,0.010709952725599298,0.5
7,49,local,S,hb-37,hb,74,75,258,16512,0.010793624231268041,0.5
7,49,local,S,c37-c38,stitch,74,76,256,16384,0.010709952725599298,0.5
7,49,local,S,hb-37,hb,75,74,2049,131136,0.08572145755762875,0.5
7,49,local,S,c37-c38,stitch,76,74,256,16384,0.010709952725599298,0.5
7,49,local,S,hb-38,hb,76,77,258,16512,0.010793624231268041,0.5
7,49,local,S,c38-c39,stitch,76,78,256,16384,0.010709952725599298,0.5
7,49,local,S,hb-38,hb,77,76,2049,131136,0.08572145755762875,0.5
7,49,local,S,c32-c39,stitch,78,64,5,320,0.00020917876417186128,0.01953125
7,49,local,S,c38-c39,stitch,78,76,256,16384,0.010709952725599298,0.5
7,49,local,S,hb-39,hb,78,79,258,16512,0.010793624231268041,0.5
7,49,local,S,c39-c40,stitch,78,80,256,16384,0.010709952725599298,0.5
7,49,local,S,hb-39,hb,79,78,2049,131136,0.08572145755762875,0.5
7,49,local,S,c33-c40,stitch,80,66,9,576,0.0003765217755093503,0.03515625
7,49,local,S,c39-c40,stitch,80,78,256,16384,0.010709952725599298,0.5
7,49,local,S,hb-40,hb,80,81,258,16512,0.010793624231268041,0.5
7,49,local,S,c40-c41,stitch,80,82,256,16384,0.010709952725599298,0.5
7,49,local,S,hb-40,hb,81,80,2049,131136,0.08572145755762875,0.5
7,49,local,S,c34-c41,stitch,82,68,242,15488,0.010124252185918085,0.5
7,49,local,S,c40-c41,stitch,82,80,256,16384,0.010709952725599298,0.5
7,49,local,S,hb-41,hb,82,83,258,16512,0.010793624231268041,0.5
7,49,local,S,c41-c48,stitch,82,96,256,16384,0.010709952725599298,0.5
7,49,local,S,hb-41,hb,83,82,2049,131136,0.08572145755762875,0.5
7,49,local,S,hb-42,hb,84,85,258,16512,0.010793624231268041,0.5
7,49,local,S,c42-c43,stitch,84,86,256,16384,0.010709952725599298,0.5
7,49,local,S,hb-42,hb,85,84,2049,131136,0.08572145755762875,0.5
7,49,local,S,c42-c43,stitch,86,84,256,16384,0.010709952725599298,0.5
7,49,local,S,hb-43,hb,86,87,258,16512,0.010793624231268041,0.5
7,49,local,S,c43-c44,stitch,86,88,256,16384,0.010709952725599298,0.5
7,49,local,S,hb-43,hb,87,86,2049,131136,0.08572145755762875,0.5
7,49,local,S,c43-c44,stitch,88,86,256,16384,0.010709952725599298,0.5
7,49,local,S,hb-44,hb,88,89,258,16512,0.010793624231268041,0.5
7,49,local,S,c44-c45,stitch,88,90,256,16384,0.010709952725599298,0.5
7,49,local,S,hb-44,hb,89,88,2049,131136,0.08572145755762875,0.5
7,49,local,S,c44-c45,stitch,90,88,256,16384,0.010709952725599298,0.5
7,49,local,S,hb-45,hb,90,91,258,16512,0.010793624231268041,0.5
7,49,local,S,c45-c46,stitch,90,92,256,16384,0.010709952725599298,0.5
7,49,local,S,hb-45,hb,91,90,2049,131136,0.08572145755762875,0.5
7,49,local,S,c39-c46,stitch,92,78,5,320,0.00020917876417186128,0.01953125
7,49,local,S,c45-c46,stitch,92,90,256,16384,0.010709952725599298,0.5
7,49,local,S,hb-46,hb,92,93,258,16512,0.010793624231268041,0.5
7,49,local,S,c46-c47,stitch,92,94,256,16384,0.010709952725599298,0.5
7,49,local,S,hb-46,hb,93,92,2049,131136,0.08572145755762875,0.5
7,49,local,S,c40-c47,stitch,94,80,9,576,0.0003765217755093503,0.03515625
7,49,local,S,c46-c47,stitch,94,92,261,16704,0.010919131489771158,0.5
7,49,local,S,hb-47,hb,94,95,258,16512,0.010793624231268041,0.5
7,49,local,S,c47-c48,stitch,94,96,256,16384,0.010709952725599298,0.5
7,49,local,S,hb-47,hb,95,94,2049,131136,0.08572145755762875,0.5
7,49,local,S,c41-c48,stitch,96,82,242,15488,0.010124252185918085,0.5
7,49,local,S,c47-c48,stitch,96,94,270,17280,0.011295653265280509,0.5
7,49,local,S,hb-48,hb,96,97,258,16512,0.010793624231268041,0.5
7,49,local,S,hb-48,hb,97,96,2049,131136,0.08572145755762875,0.5
7,49,local,S,edge-io,io,98,0,256,16384,0.010709952725599298,0.5
7,49,clustered_local,U0,c0-c1,stitch,0,2,256,16384,0.017330083942594096,0.5
7,49,clustered_local,U0,edge-io,io,0,98,1,64,6.769564040075819e-05,0.00390625
7,49,clustered_local,U0,c0-c1,stitch,2,0,241,15424,0.016314649336582724,0.48828125
7,49,clustered_local,U0,c1-c2,stitch,2,4,256,16384,0.017330083942594096,0.5
7,49,clustered_local,U0,c1-c2,stitch,4,2,228,14592,0.015434606011372868,0.43359375
7,49,clustered_local,U0,c2-c3,stitch,4,6,256,16384,0.017330083942594096,0.5
7,49,clustered_local,U0,c2-c3,stitch,6,4,197,12608,0.013336041158949364,0.3984375
7,49,clustered_local,U0,c3-c4,stitch,6,8,256,16384,0.017330083942594096,0.5
7,49,clustered_local,U0,c3-c4,stitch,8,6,144,9216,0.00974817221770918,0.32421875
7,49,clustered_local,U0,c4-c5,stitch,8,10,256,16384,0.017330083942594096,0.5
7,49,clustered_local,U0,c4-c5,stitch,10,8,103,6592,0.006972650961278094,0.17578125
7,49,clustered_local,U0,c5-c6,stitch,10,12,256,16384,0.017330083942594096,0.5
7,49,clustered_local,U0,c5-c6,stitch,12,10,55,3520,0.0037232602220417005,0.11328125
7,49,clustered_local,U0,c6-c13,stitch,12,26,256,16384,0.017330083942594096,0.5
7,49,clustered_local,U0,c0-c7,stitch,14,0,15,960,0.0010154346060113728,0.046875
7,49,clustered_local,U0,c7-c8,stitch,14,16,256,16384,0.017330083942594096,0.5
7,49,clustered_local,U0,c1-c8,stitch,16,2,13,832,0.0008800433252098565,0.046875
7,49,clustered_local,U0,c7-c8,stitch,16,14,258,16512,0.017465475223395612,0.5
7,49,clustered_local,U0,c8-c9,stitch,16,18,256,16384,0.017330083942594096,0.5
7,49,clustered_local,U0,c2-c9,stitch,18,4,31,1984,0.002098564852423504,0.0703125
7,49,clustered_local,U0,c8-c9,stitch,18,16,258,16512,0.017465475223395612,0.5
7,49,clustered_local,U0,c9-c10,stitch,18,20,256,16384,0.017330083942594096,0.5
7,49,clustered_local,U0,c3-c10,stitch,20,6,53,3392,0.003587868941240184,0.10546875
7,49,clustered_local,U0,c9-c10,stitch,20,18,265,16960,0.01793934470620092,0.5
7,49,clustered_local,U0,c10-c11,stitch,20,22,256,16384,0.017330083942594096,0.5
7,49,clustered_local,U0,c4-c11,stitch,22,8,41,2624,0.002775521256431086,0.125
7,49,clustered_local,U0,c10-c11,stitch,22,20,263,16832,0.017803953425399404,0.5
7,49,clustered_local,U0,c11-c12,stitch,22,24,256,16384,0.017330083942594096,0.5
7,49,clustered_local,U0,c5-c12,stitch,24,10,48,3072,0.003249390739236393,0.0859375
7,49,clustered_local,U0,c11-c12,stitch,24,22,261,16704,0.017668562144597888,0.5
7,49,clustered_local,U0,c12-c13,stitch,24,26,256,16384,0.017330083942594096,0.5
7,49,clustered_local,U0,c6-c13,stitch,26,12,55,3520,0.0037232602220417005,0.1171875
7,49,clustered_local,U0,c12-c13,stitch,26,24,256,16384,0.017330083942594096,0.5
7,49,clustered_local,U0,c13-c20,stitch,26,40,256,16384,0.017330083942594096,0.5
7,49,clustered_local,U0,c7-c14,stitch,28,14,13,832,0.0008800433252098565,0.0390625
7,49,clustered_local,U0,c14-c15,stitch,28,30,256,16384,0.017330083942594096,0.5
7,49,clustered_local,U0,c8-c15,stitch,30,16,13,832,0.0008800433252098565,0.046875
7,49,clustered_local,U0,c14-c15,stitch,30,28,257,16448,0.017397779582994856,0.5
7,49,clustered_local,U0,c15-c16,stitch,30,32,256,16384,0.017330083942594096,0.5
7,49,clustered_local,U0,c9-c16,stitch,32,18,24,1536,0.0016246953696181965,0.05078125
7,49,clustered_local,U0,c15-c16,stitch,32,30,264,16896,0.017871649065800164,0.5
7,49,clustered_local,U0,c16-c17,stitch,32,34,256,16384,0.017330083942594096,0.5
7,49,clustered_local,U0,c10-c17,stitch,34,20,55,3520,0.0037232602220417005,0.11328125
7,49,clustered_local,U0,c16-c17,stitch,34,32,268,17152,0.018142431627403196,0.5
7,49,clustered_local,U0,c17-c18,stitch,34,36,256,16384,0.017330083942594096,0.5
7,49,clustered_local,U0,c11-c18,stitch,36,22,43,2752,0.002910912537232602,0.13671875
7,49,clustered_local,U0,c17-c18,stitch,36,34,281,17984,0.019022474952613052,0.5
7,49,clustered_local,U0,c18-c19,stitch,36,38,256,16384,0.017330083942594096,0.5
7,49,clustered_local,U0,c12-c19,stitch,38,24,53,3392,0.003587868941240184,0.10546875
7,49,clustered_local,U0,c18-c19,stitch,38,36,277,17728,0.01875169239101002,0.5
7,49,clustered_local,U0,c19-c20,stitch,38,40,256,16384,0.017330083942594096,0.5
7,49,clustered_local,U0,c13-c20,stitch,40,26,55,3520,0.0037232602220417005,0.1171875
7,49,clustered_local,U0,c19-c20,stitch,40,38,261,16704,0.017668562144597888,0.5
7,49,clustered_local,U0,c20-c27,stitch,40,54,256,16384,0.017330083942594096,0.5
7,49,clustered_local,U0,c14-c21,stitch,42,28,12,768,0.0008123476848090983,0.03515625
7,49,clustered_local,U0,c21-c22,stitch,42,44,256,16384,0.017330083942594096,0.5
7,49,clustered_local,U0,c15-c22,stitch,44,30,6,384,0.00040617384240454913,0.0234375
7,49,clustered_local,U0,c21-c22,stitch,44,42,263,16832,0.017803953425399404,0.5
7,49,clustered_local,U0,c22-c23,stitch,44,46,256,16384,0.017330083942594096,0.5
7,49,clustered_local,U0,c16-c23,stitch,46,32,20,1280,0.0013539128080151638,0.0390625
7,49,clustered_local,U0,c22-c23,stitch,46,44,262,16768,0.017736257784998648,0.5
7,49,clustered_local,U0,c23-c24,stitch,46,48,256,16384,0.017330083942594096,0.5
7,49,clustered_local,U0,c17-c24,stitch,48,34,42,2688,0.002843216896831844,0.1015625
7,49,clustered_local,U0,c23-c24,stitch,48,46,276,17664,0.01868399675060926,0.5
7,49,clustered_local,U0,c24-c25,stitch,48,50,256,16384,0.017330083942594096,0.5
7,49,clustered_local,U0,c18-c25,stitch,50,36,47,3008,0.003181695098835635,0.1171875
7,49,clustered_local,U0,c24-c25,stitch,50,48,300,19200,0.020308692120227456,0.5
7,49,clustered_local,U0,c25-c26,stitch,50,52,256,16384,0.017330083942594096,0.5
7,49,clustered_local,U0,c19-c26,stitch,52,38,69,4416,0.004670999187652315,0.15625
7,49,clustered_local,U0,c25-c26,stitch,52,50,296,18944,0.020037909558624424,0.5
7,49,clustered_local,U0,c26-c27,stitch,52,54,256,16384,0.017330083942594096,0.5
7,49,clustered_local,U0,c20-c27,stitch,54,40,60,3840,0.004061738424045491,0.125
7,49,clustered_local,U0,c26-c27,stitch,54,52,300,19200,0.020308692120227456,0.5
7,49,clustered_local,U0,c27-c34,stitch,54,68,256,16384,0.017330083942594096,0.5
7,49,clustered_local,U0,c21-c28,stitch,56,42,5,320,0.00033847820200379094,0.01953125
7,49,clustered_local,U0,c28-c29,stitch,56,58,256,16384,0.017330083942594096,0.5
7,49,clustered_local,U0,c22-c29,stitch,58,44,7,448,0.0004738694828053073,0.02734375
7,49,clustered_local,U0,c28-c29,stitch,58,56,261,16704,0.017668562144597888,0.5
7,49,clustered_local,U0,c29-c30,stitch,58,60,256,16384,0.017330083942594096,0.5
7,49,clustered_local,U0,c23-c30,stitch,60,46,6,384,0.00040617384240454913,0.0234375
7,49,clustered_local,U0,c29-c30,stitch,60,58,263,16832,0.017803953425399404,0.5
7,49,clustered_local,U0,c30-c31,stitch,60,62,256,16384,0.017330083942594096,0.5
7,49,clustered_local,U0,c24-c31,stitch,62,48,18,1152,0.0012185215272136475,0.05859375
7,49,clustered_local,U0,c30-c31,stitch,62,60,262,16768,0.017736257784998648,0.5
7,49,clustered_local,U0,c31-c32,stitch,62,64,256,16384,0.017330083942594096,0.5
7,49,clustered_local,U0,c25-c32,stitch,64,50,51,3264,0.0034524776604386675,0.12890625
7,49,clustered_local,U0,c31-c32,stitch,64,62,270,17280,0.018277822908204712,0.5
7,49,clustered_local,U0,c32-c33,stitch,64,66,256,16384,0.017330083942594096,0.5
7,49,clustered_local,U0,c26-c33,stitch,66,52,65,4160,0.004400216626049282,0.1328125
7,49,clustered_local,U0,c32-c33,stitch,66,64,294,18816,0.019902518277822908,0.5
7,49,clustered_local,U0,c33-c34,stitch,66,68,256,16384,0.017330083942594096,0.5
7,49,clustered_local,U0,c27-c34,stitch,68,54,104,6656,0.007040346601678852,0.20703125
7,49,clustered_local,U0,c33-c34,stitch,68,66,317,20288,0.021459518007040348,0.5
7,49,clustered_local,U0,c34-c41,stitch,68,82,256,16384,0.017330083942594096,0.5
7,49,clustered_local,U0,c35-c36,stitch,70,72,256,16384,0.017330083942594096,0.5
7,49,clustered_local,U0,c29-c36,stitch,72,58,5,320,0.00033847820200379094,0.01953125
7,49,clustered_local,U0,c35-c36,stitch,72,70,256,16384,0.017330083942594096,0.5
7,49,clustered_local,U0,c36-c37,stitch,72,74,256,16384,0.017330083942594096,0.5
7,49,clustered_local,U0,c30-c37,stitch,74,60,7,448,0.0004738694828053073,0.02734375
7,49,clustered_local,U0,c36-c37,stitch,74,72,261,16704,0.017668562144597888,0.5
7,49,clustered_local,U0,c37-c38,stitch,74,76,256,16384,0.017330083942594096,0.5
7,49,clustered_local,U0,c31-c38,stitch,76,62,10,640,0.0006769564040075819,0.0390625
7,49,clustered_local,U0,c37-c38,stitch,76,74,268,17152,0.018142431627403196,0.5
7,49,clustered_local,U0,c38-c39,stitch,76,78,256,16384,0.017330083942594096,0.5
7,49,clustered_local,U0,c32-c39,stitch,78,64,27,1728,0.0018277822908204712,0.0546875
7,49,clustered_local,U0,c38-c39,stitch,78,76,269,17216,0.018210127267803952,0.5
7,49,clustered_local,U0,c39-c40,stitch,78,80,256,16384,0.017330083942594096,0.5
7,49,clustered_local,U0,c33-c40,stitch,80,66,42,2688,0.002843216896831844,0.1015625
7,49,clustered_local,U0,c39-c40,stitch,80,78,285,18240,0.019293257514216084,0.5
7,49,clustered_local,U0,c40-c41,stitch,80,82,256,16384,0.017330083942594096,0.5
7,49,clustered_local,U0,c34-c41,stitch,82,68,165,10560,0.011169780666125102,0.32421875
7,49,clustered_local,U0,c40-c41,stitch,82,80,316,20224,0.021391822366639588,0.5
7,49,clustered_local,U0,c41-c48,stitch,82,96,256,16384,0.017330083942594096,0.5
7,49,clustered_local,U0,c42-c43,stitch,84,86,256,16384,0.017330083942594096,0.5
7,49,clustered_local,U0,c42-c43,stitch,86,84,256,16384,0.017330083942594096,0.5
7,49,clustered_local,U0,c43-c44,stitch,86,88,256,16384,0.017330083942594096,0.5
7,49,clustered_local,U0,c43-c44,stitch,88,86,256,16384,0.017330083942594096,0.5
7,49,clustered_local,U0,c44-c45,stitch,88,90,256,16384,0.017330083942594096,0.5
7,49,clustered_local,U0,c38-c45,stitch,90,76,9,576,0.0006092607636068237,0.03515625
7,49,clustered_local,U0,c44-c45,stitch,90,88,256,16384,0.017330083942594096,0.5
7,49,clustered_local,U0,c45-c46,stitch,90,92,256,16384,0.017330083942594096,0.5
7,49,clustered_local,U0,c39-c46,stitch,92,78,11,704,0.0007446520444083401,0.04296875
7,49,clustered_local,U0,c45-c46,stitch,92,90,265,16960,0.01793934470620092,0.5
7,49,clustered_local,U0,c46-c47,stitch,92,94,256,16384,0.017330083942594096,0.5
7,49,clustered_local,U0,c40-c47,stitch,94,80,11,704,0.0007446520444083401,0.04296875
7,49,clustered_local,U0,c46-c47,stitch,94,92,276,17664,0.01868399675060926,0.5
7,49,clustered_local,U0,c47-c48,stitch,94,96,256,16384,0.017330083942594096,0.5
7,49,clustered_local,U0,c41-c48,stitch,96,82,225,14400,0.015231519090170594,0.5
7,49,clustered_local,U0,c47-c48,stitch,96,94,287,18368,0.0194286487950176,0.5
7,49,clustered_local,U0,edge-io,io,98,0,256,16384,0.017330083942594096,0.5
7,49,clustered_local,U1,c0-c1,stitch,0,2,256,16384,0.009778456837280366,0.5
7,49,clustered_local,U1,edge-io,io,0,98,1,64,3.819709702062643e-05,0.00390625
7,49,clustered_local,U1,c0-c1,stitch,2,0,256,16384,0.009778456837280366,0.5
7,49,clustered_local,U1,c1-c2,stitch,2,4,256,16384,0.009778456837280366,0.5
7,49,clustered_local,U1,c1-c2,stitch,4,2,249,15936,0.009511077158135981,0.484375
7,49,clustered_local,U1,c2-c3,stitch,4,6,256,16384,0.009778456837280366,0.5
7,49,clustered_local,U1,c2-c3,stitch,6,4,234,14976,0.008938120702826586,0.4609375
7,49,clustered_local,U1,c3-c4,stitch,6,8,256,16384,0.009778456837280366,0.5
7,49,clustered_local,U1,c3-c4,stitch,8,6,180,11520,0.006875477463712758,0.3671875
7,49,clustered_local,U1,c4-c5,stitch,8,10,256,16384,0.009778456837280366,0.5
7,49,clustered_local,U1,c4-c5,stitch,10,8,110,7040,0.004201680672268907,0.23828125
7,49,clustered_local,U1,c5-c6,stitch,10,12,256,16384,0.009778456837280366,0.5
7,49,clustered_local,U1,c5-c6,stitch,12,10,41,2624,0.0015660809778456836,0.09765625
7,49,clustered_local,U1,c6-c13,stitch,12,26,256,16384,0.009778456837280366,0.5
7,49,clustered_local,U1,c7-c8,stitch,14,16,256,16384,0.009778456837280366,0.5
7,49,clustered_local,U1,c1-c8,stitch,16,2,7,448,0.00026737967914438503,0.015625
7,49,clustered_local,U1,c7-c8,stitch,16,14,256,16384,0.009778456837280366,0.5
7,49,clustered_local,U1,c8-c9,stitch,16,18,256,16384,0.009778456837280366,0.5
7,49,clustered_local,U1,c2-c9,stitch,18,4,15,960,0.0005729564553093965,0.03515625
7,49,clustered_local,U1,c8-c9,stitch,18,16,256,16384,0.009778456837280366,0.5
7,49,clustered_local,U1,c9-c10,stitch,18,20,256,16384,0.009778456837280366,0.5
7,49,clustered_local,U1,c3-c10,stitch,20,6,54,3456,0.0020626432391138276,0.11328125
7,49,clustered_local,U1,c9-c10,stitch,20,18,256,16384,0.009778456837280366,0.5
7,49,clustered_local,U1,c10-c11,stitch,20,22,256,16384,0.009778456837280366,0.5
7,49,clustered_local,U1,c4-c11,stitch,22,8,70,4480,0.00267379679144385,0.14453125
7,49,clustered_local,U1,c10-c11,stitch,22,20,256,16384,0.009778456837280366,0.5
7,49,clustered_local,U1,c11-c12,stitch,22,24,256,16384,0.009778456837280366,0.5
7,49,clustered_local,U1,c5-c12,stitch,24,10,69,4416,0.002635599694423224,0.14453125
7,49,clustered_local,U1,c11-c12,stitch,24,22,256,16384,0.009778456837280366,0.5
7,49,clustered_local,U1,c12-c13,stitch,24,26,256,16384,0.009778456837280366,0.5
7,49,clustered_local,U1,c6-c13,stitch,26,12,41,2624,0.0015660809778456836,0.0859375
7,49,clustered_local,U1,c12-c13,stitch,26,24,256,16384,0.009778456837280366,0.5
7,49,clustered_local,U1,c13-c20,stitch,26,40,256,16384,0.009778456837280366,0.5
7,49,clustered_local,U1,c14-c15,stitch,28,30,256,16384,0.009778456837280366,0.5
7,49,clustered_local,U1,c8-c15,stitch,30,16,7,448,0.00026737967914438503,0.015625
7,49,clustered_local,U1,c14-c15,stitch,30,28,256,16384,0.009778456837280366,0.5
7,49,clustered_local,U1,c15-c16,stitch,30,32,256,16384,0.009778456837280366,0.5
7,49,clustered_local,U1,c9-c16,stitch,32,18,15,960,0.0005729564553093965,0.03515625
7,49,clustered_local,U1,c15-c16,stitch,32,30,263,16832,0.010045836516424751,0.5
7,49,clustered_local,U1,c16-c17,stitch,32,34,256,16384,0.009778456837280366,0.5
7,49,clustered_local,U1,c10-c17,stitch,34,20,54,3456,0.0020626432391138276,0.11328125
7,49,clustered_local,U1,c16-c17,stitch,34,32,265,16960,0.010122230710466005,0.5
7,49,clustered_local,U1,c17-c18,stitch,34,36,256,16384,0.009778456837280366,0.5
7,49,clustered_local,U1,c11-c18,stitch,36,22,70,4480,0.00267379679144385,0.12109375
7,49,clustered_local,U1,c17-c18,stitch,36,34,275,17600,0.01050420168067227,0.5
7,49,clustered_local,U1,c18-c19,stitch,36,38,256,16384,0.009778456837280366,0.5
7,49,clustered_local,U1,c12-c19,stitch,38,24,69,4416,0.002635599694423224,0.14453125
7,49,clustered_local,U1,c18-c19,stitch,38,36,279,17856,0.010656990068754774,0.5
7,49,clustered_local,U1,c19-c20,stitch,38,40,256,16384,0.009778456837280366,0.5
7,49,clustered_local,U1,c13-c20,stitch,40,26,41,2624,0.0015660809778456836,0.06640625
7,49,clustered_local,U1,c19-c20,stitch,40,38,281,17984,0.010733384262796028,0.5
7,49,clustered_local,U1,c20-c27,stitch,40,54,256,16384,0.009778456837280366,0.5
7,49,clustered_local,U1,c21-c22,stitch,42,44,256,16384,0.009778456837280366,0.5
7,49,clustered_local,U1,c21-c22,stitch,44,42,256,16384,0.009778456837280366,0.5
7,49,clustered_local,U1,c22-c23,stitch,44,46,256,16384,0.009778456837280366,0.5
7,49,clustered_local,U1,c16-c23,stitch,46,32,13,832,0.0004965622612681436,0.02734375
7,49,clustered_local,U1,c22-c23,stitch,46,44,256,16384,0.009778456837280366,0.5
7,49,clustered_local,U1,c23-c24,stitch,46,48,256,16384,0.009778456837280366,0.5
7,49,clustered_local,U1,c17-c24,stitch,48,34,44,2816,0.0016806722689075631,0.09765625
7,49,clustered_local,U1,c23-c24,stitch,48,46,256,16384,0.009778456837280366,0.5
7,49,clustered_local,U1,c24-c25,stitch,48,50,256,16384,0.009778456837280366,0.5
7,49,clustered_local,U1,c18-c25,stitch,50,36,66,4224,0.0025210084033613447,0.12890625
7,49,clustered_local,U1,c24-c25,stitch,50,48,256,16384,0.009778456837280366,0.5
7,49,clustered_local,U1,c25-c26,stitch,50,52,256,16384,0.009778456837280366,0.5
7,49,clustered_local,U1,c19-c26,stitch,52,38,67,4288,0.002559205500381971,0.13671875
7,49,clustered_local,U1,c25-c26,stitch,52,50,256,16384,0.009778456837280366,0.5
7,49,clustered_local,U1,c26-c27,stitch,52,54,256,16384,0.009778456837280366,0.5
7,49,clustered_local,U1,c20-c27,stitch,54,40,66,4224,0.0025210084033613447,0.09375
7,49,clustered_local,U1,c26-c27,stitch,54,52,256,16384,0.009778456837280366,0.5
7,49,clustered_local,U1,c27-c34,stitch,54,68,256,16384,0.009778456837280366,0.5
7,49,clustered_local,U1,c28-c29,stitch,56,58,256,16384,0.009778456837280366,0.5
7,49,clustered_local,U1,c28-c29,stitch,58,56,256,16384,0.009778456837280366,0.5
7,49,clustered_local,U1,c29-c30,stitch,58,60,256,16384,0.009778456837280366,0.5
7,49,clustered_local,U1,c23-c30,stitch,60,46,13,832,0.0004965622612681436,0.02734375
7,49,clustered_local,U1,c29-c30,stitch,60,58,256,16384,0.009778456837280366,0.5
7,49,clustered_local,U1,c30-c31,stitch,60,62,256,16384,0.009778456837280366,0.5
7,49,clustered_local,U1,c24-c31,stitch,62,48,44,2816,0.0016806722689075631,0.08203125
7,49,clustered_local,U1,c30-c31,stitch,62,60,269,17216,0.01027501909854851,0.5
7,49,clustered_local,U1,c31-c32,stitch,62,64,256,16384,0.009778456837280366,0.5
7,49,clustered_local,U1,c25-c32,stitch,64,50,66,4224,0.0025210084033613447,0.12890625
7,49,clustered_local,U1,c31-c32,stitch,64,62,286,18304,0.010924369747899159,0.5
7,49,clustered_local,U1,c32-c33,stitch,64,66,256,16384,0.009778456837280366,0.5
7,49,clustered_local,U1,c26-c33,stitch,66,52,67,4288,0.002559205500381971,0.140625
7,49,clustered_local,U1,c32-c33,stitch,66,64,316,20224,0.012070282658517952,0.5
7,49,clustered_local,U1,c33-c34,stitch,66,68,256,16384,0.009778456837280366,0.5
7,49,clustered_local,U1,c27-c34,stitch,68,54,66,4224,0.0025210084033613447,0.125
7,49,clustered_local,U1,c33-c34,stitch,68,66,317,20288,0.01210847975553858,0.5
7,49,clustered_local,U1,c34-c41,stitch,68,82,256,16384,0.009778456837280366,0.5
7,49,clustered_local,U1,c35-c36,stitch,70,72,256,16384,0.009778456837280366,0.5
7,49,clustered_local,U1,c35-c36,stitch,72,70,256,16384,0.009778456837280366,0.5
7,49,clustered_local,U1,c36-c37,stitch,72,74,256,16384,0.009778456837280366,0.5
7,49,clustered_local,U1,c36-c37,stitch,74,72,256,16384,0.009778456837280366,0.5
7,49,clustered_local,U1,c37-c38,stitch,74,76,256,16384,0.009778456837280366,0.5
7,49,clustered_local,U1,c31-c38,stitch,76,62,27,1728,0.0010313216195569138,0.0703125
7,49,clustered_local,U1,c37-c38,stitch,76,74,256,16384,0.009778456837280366,0.5
7,49,clustered_local,U1,c38-c39,stitch,76,78,256,16384,0.009778456837280366,0.5
7,49,clustered_local,U1,c32-c39,stitch,78,64,36,2304,0.0013750954927425516,0.0859375
7,49,clustered_local,U1,c38-c39,stitch,78,76,256,16384,0.009778456837280366,0.5
7,49,clustered_local,U1,c39-c40,stitch,78,80,256,16384,0.009778456837280366,0.5
7,49,clustered_local,U1,c33-c40,stitch,80,66,66,4224,0.0025210084033613447,0.1328125
7,49,clustered_local,U1,c39-c40,stitch,80,78,256,16384,0.009778456837280366,0.5
7,49,clustered_local,U1,c40-c41,stitch,80,82,256,16384,0.009778456837280366,0.5
7,49,clustered_local,U1,c34-c41,stitch,82,68,127,8128,0.004851031321619557,0.25390625
7,49,clustered_local,U1,c40-c41,stitch,82,80,256,16384,0.009778456837280366,0.5
7,49,clustered_local,U1,c41-c48,stitch,82,96,256,16384,0.009778456837280366,0.5
7,49,clustered_local,U1,c42-c43,stitch,84,86,256,16384,0.009778456837280366,0.5
7,49,clustered_local,U1,c42-c43,stitch,86,84,256,16384,0.009778456837280366,0.5
7,49,clustered_local,U1,c43-c44,stitch,86,88,256,16384,0.009778456837280366,0.5
7,49,clustered_local,U1,c43-c44,stitch,88,86,256,16384,0.009778456837280366,0.5
7,49,clustered_local,U1,c44-c45,stitch,88,90,256,16384,0.009778456837280366,0.5
7,49,clustered_local,U1,c38-c45,stitch,90,76,27,1728,0.0010313216195569138,0.0703125
7,49,clustered_local,U1,c44-c45,stitch,90,88,256,16384,0.009778456837280366,0.5
7,49,clustered_local,U1,c45-c46,stitch,90,92,256,16384,0.009778456837280366,0.5
7,49,clustered_local,U1,c39-c46,stitch,92,78,36,2304,0.0013750954927425516,0.0859375
7,49,clustered_local,U1,c45-c46,stitch,92,90,283,18112,0.01080977845683728,0.5
7,49,clustered_local,U1,c46-c47,stitch,92,94,256,16384,0.009778456837280366,0.5
7,49,clustered_local,U1,c40-c47,stitch,94,80,66,4224,0.0025210084033613447,0.12109375
7,49,clustered_local,U1,c46-c47,stitch,94,92,319,20416,0.012184873949579832,0.5
7,49,clustered_local,U1,c47-c48,stitch,94,96,256,16384,0.009778456837280366,0.5
7,49,clustered_local,U1,c41-c48,stitch,96,82,127,8128,0.004851031321619557,0.29296875
7,49,clustered_local,U1,c47-c48,stitch,96,94,385,24640,0.014705882352941176,0.5
7,49,clustered_local,U1,edge-io,io,98,0,256,16384,0.009778456837280366,0.5
7,49,clustered_local,S,hb-0,hb,0,1,1032,66048,0.03561076604554866,0.5
7,49,clustered_local,S,c0-c1,stitch,0,2,3334,213376,0.1150448585231194,0.5
7,49,clustered_local,S,c0-c7,stitch,0,14,3069,196416,0.10590062111801242,0.5
7,49,clustered_local,S,edge-io,io,0,98,1,64,3.450655624568668e-05,0.00390625
7,49,clustered_local,S,hb-0,hb,1,0,8196,524544,0.282815734989648,0.5
7,49,clustered_local,S,c0-c1,stitch,2,0,639,40896,0.022049689440993787,0.5
7,49,clustered_local,S,c1-c2,stitch,2,4,256,16384,0.00883367839889579,0.5
7,49,clustered_local,S,c1-c8,stitch,2,16,1029,65856,0.035507246376811595,0.2578125
7,49,clustered_local,S,c1-c2,stitch,4,2,237,15168,0.008178053830227744,0.390625
7,49,clustered_local,S,hb-2,hb,4,5,1032,66048,0.03561076604554866,0.5
7,49,clustered_local,S,c2-c3,stitch,4,6,3284,210176,0.11331953071083506,0.5
7,49,clustered_local,S,c2-c9,stitch,4,18,3119,199616,0.10762594893029676,0.5
7,49,clustered_local,S,hb-2,hb,5,4,8196,524544,0.282815734989648,0.5
7,49,clustered_local,S,c2-c3,stitch,6,4,609,38976,0.021014492753623187,0.5
7,49,clustered_local,S,c3-c4,stitch,6,8,256,16384,0.00883367839889579,0.5
7,49,clustered_local,S,c3-c10,stitch,6,20,979,62656,0.03378191856452726,0.265625
7,49,clustered_local,S,c3-c4,stitch,8,6,179,11456,0.006176673567977916,0.3671875
7,49,clustered_local,S,hb-4,hb,8,9,1032,66048,0.03561076604554866,0.5
7,49,clustered_local,S,c4-c5,stitch,8,10,3283,210112,0.11328502415458937,0.5
7,49,clustered_local,S,c4-c11,stitch,8,22,3120,199680,0.10766045548654245,0.5
7,49,clustered_local,S,hb-4,hb,9,8,8196,524544,0.282815734989648,0.5
7,49,clustered_local,S,c4-c5,stitch,10,8,497,31808,0.01714975845410628,0.5
7,49,clustered_local,S,c5-c6,stitch,10,12,256,16384,0.00883367839889579,0.5
7,49,clustered_local,S,c5-c12,stitch,10,24,978,62592,0.033747412008281574,0.2578125
7,49,clustered_local,S,c5-c6,stitch,12,10,41,2624,0.0014147688060731538,0.09765625
7,49,clustered_local,S,hb-6,hb,12,13,516,33024,0.01780538302277433,0.5
7,49,clustered_local,S,c6-c13,stitch,12,26,2305,147520,0.07953761214630779,0.5
7,49,clustered_local,S,hb-6,hb,13,12,4098,262272,0.141407867494824,0.5
7,49,clustered_local,S,c0-c7,stitch,14,0,391,25024,0.013492063492063493,0.5
7,49,clustered_local,S,c7-c8,stitch,14,16,1276,81664,0.044030365769496205,0.5
7,49,clustered_local,S,c1-c8,stitch,16,2,144,9216,0.004968944099378882,0.25390625
7,49,clustered_local,S,c7-c8,stitch,16,14,389,24896,0.01342305037957212,0.5
7,49,clustered_local,S,c8-c9,stitch,16,18,256,16384,0.00883367839889579,0.5
7,49,clustered_local,S,c2-c9,stitch,18,4,402,25728,0.013871635610766046,0.5
7,49,clustered_local,S,c8-c9,stitch,18,16,268,17152,0.00924775707384403,0.5
7,49,clustered_local,S,c9-c10,stitch,18,20,1326,84864,0.04575569358178054,0.5
7,49,clustered_local,S,c3-c10,stitch,20,6,172,11008,0.005935127674258109,0.25390625
7,49,clustered_local,S,c9-c10,stitch,20,18,397,25408,0.013699102829537612,0.5
7,49,clustered_local,S,c10-c11,stitch,20,22,256,16384,0.00883367839889579,0.5
7,49,clustered_local,S,c4-c11,stitch,22,8,456,29184,0.015734989648033125,0.5
7,49,clustered_local,S,c10-c11,stitch,22,20,257,16448,0.008868184955141478,0.5
7,49,clustered_local,S,c11-c12,stitch,22,24,1327,84928,0.045790200138026226,0.5
7,49,clustered_local,S,c5-c12,stitch,24,10,198,12672,0.0068322981366459624,0.18359375
7,49,clustered_local,S,c11-c12,stitch,24,22,385,24640,0.013285024154589372,0.5
7,49,clustered_local,S,c12-c13,stitch,24,26,256,16384,0.00883367839889579,0.5
7,49,clustered_local,S,c6-c13,stitch,26,12,299,19136,0.010317460317460317,0.5
7,49,clustered_local,S,c12-c13,stitch,26,24,256,16384,0.00883367839889579,0.5
7,49,clustered_local,S,c13-c20,stitch,26,40,256,16384,0.00883367839889579,0.5
7,49,clustered_local,S,hb-14,hb,28,29,1032,66048,0.03561076604554866,0.5
7,49,clustered_local,S,c14-c15,stitch,28,30,3283,210112,0.11328502415458937,0.5
7,49,clustered_local,S,c14-c21,stitch,28,42,3120,199680,0.10766045548654245,0.5
7,49,clustered_local,S,hb-14,hb,29,28,8196,524544,0.282815734989648,0.5
7,49,clustered_local,S,c8-c15,stitch,30,16,7,448,0.00024154589371980676,0.015625
7,49,clustered_local,S,c14-c15,stitch,30,28,643,41152,0.022187715665976535,0.5
7,49,clustered_local,S,c15-c16,stitch,30,32,256,16384,0.00883367839889579,0.5
7,49,clustered_local,S,c15-c22,stitch,30,44,978,62592,0.033747412008281574,0.2578125
7,49,clustered_local,S,c9-c16,stitch,32,18,15,960,0.0005175983436853002,0.03515625
7,49,clustered_local,S,c15-c16,stitch,32,30,263,16832,0.009075224292615596,0.5
7,49,clustered_local,S,hb-16,hb,32,33,1032,66048,0.03561076604554866,0.5
7,49,clustered_local,S,c16-c17,stitch,32,34,3283,210112,0.11328502415458937,0.5
7,49,clustered_local,S,c16-c23,stitch,32,46,3120,199680,0.10766045548654245,0.5
7,49,clustered_local,S,hb-16,hb,33,32,8196,524544,0.282815734989648,0.5
7,49,clustered_local,S,c10-c17,stitch,34,20,54,3456,0.0018633540372670807,0.11328125
7,49,clustered_local,S,c16-c17,stitch,34,32,652,41728,0.022498274672187717,0.5
7,49,clustered_local,S,c17-c18,stitch,34,36,256,16384,0.00883367839889579,0.5
7,49,clustered_local,S,c17-c24,stitch,34,48,978,62592,0.033747412008281574,0.2578125
7,49,clustered_local,S,c11-c18,stitch,36,22,70,4480,0.0024154589371980675,0.12109375
7,49,clustered_local,S,c17-c18,stitch,36,34,275,17600,0.009489302967563838,0.5
7,49,clustered_local,S,hb-18,hb,36,37,1032,66048,0.03561076604554866,0.5
7,49,clustered_local,S,c18-c19,stitch,36,38,3283,210112,0.11328502415458937,0.5
7,49,clustered_local,S,c18-c25,stitch,36,50,3120,199680,0.10766045548654245,0.5
7,49,clustered_local,S,hb-18,hb,37,36,8196,524544,0.282815734989648,0.5
7,49,clustered_local,S,c12-c19,stitch,38,24,69,4416,0.002380952380952381,0.14453125
7,49,clustered_local,S,c18-c19,stitch,38,36,666,42624,0.02298136645962733,0.5
7,49,clustered_local,S,c19-c20,stitch,38,40,256,16384,0.00883367839889579,0.5
7,49,clustered_local,S,c19-c26,stitch,38,52,978,62592,0.033747412008281574,0.2578125
7,49,clustered_local,S,c13-c20,stitch,40,26,41,2624,0.0014147688060731538,0.06640625
7,49,clustered_local,S,c19-c20,stitch,40,38,281,17984,0.009696342305037957,0.5
7,49,clustered_local,S,hb-20,hb,40,41,516,33024,0.01780538302277433,0.5
7,49,clustered_local,S,c20-c27,stitch,40,54,2305,147520,0.07953761214630779,0.5
7,49,clustered_local,S,hb-20,hb,41,40,4098,262272,0.141407867494824,0.5
7,49,clustered_local,S,c14-c21,stitch,42,28,387,24768,0.013354037267080746,0.5
7,49,clustered_local,S,c21-c22,stitch,42,44,1327,84928,0.045790200138026226,0.5
7,49,clustered_local,S,c15-c22,stitch,44,30,129,8256,0.004451345755693582,0.18359375
7,49,clustered_local,S,c21-c22,stitch,44,42,385,24640,0.013285024154589372,0.5
7,49,clustered_local,S,c22-c23,stitch,44,46,256,16384,0.00883367839889579,0.5
7,49,clustered_local,S,c16-c23,stitch,46,32,400,25600,0.013802622498274672,0.5
7,49,clustered_local,S,c22-c23,stitch,46,44,256,16384,0.00883367839889579,0.5
7,49,clustered_local,S,c23-c24,stitch,46,48,1327,84928,0.045790200138026226,0.5
7,49,clustered_local,S,c17-c24,stitch,48,34,173,11072,0.0059696342305037954,0.18359375
7,49,clustered_local,S,c23-c24,stitch,48,46,385,24640,0.013285024154589372,0.5
7,49,clustered_local,S,c24-c25,stitch,48,50,256,16384,0.00883367839889579,0.5
7,49,clustered_local,S,c18-c25,stitch,50,36,453,28992,0.015631469979296066,0.5
7,49,clustered_local,S,c24-c25,stitch,50,48,256,16384,0.00883367839889579,0.5
7,49,clustered_local,S,c25-c26,stitch,50,52,1327,84928,0.045790200138026226,0.5
7,49,clustered_local,S,c19-c26,stitch,52,38,196,12544,0.00676328502415459,0.18359375
7,49,clustered_local,S,c25-c26,stitch,52,50,385,24640,0.013285024154589372,0.5
7,49,clustered_local,S,c26-c27,stitch,52,54,256,16384,0.00883367839889579,0.5
7,49,clustered_local,S,c20-c27,stitch,54,40,324,20736,0.011180124223602485,0.5
7,49,clustered_local,S,c26-c27,stitch,54,52,256,16384,0.00883367839889579,0.5
7,49,clustered_local,S,c27-c34,stitch,54,68,256,16384,0.00883367839889579,0.5
7,49,clustered_local,S,hb-28,hb,56,57,1032,66048,0.03561076604554866,0.5
7,49,clustered_local,S,c28-c29,stitch,56,58,3283,210112,0.11328502415458937,0.5
7,49,clustered_local,S,c28-c35,stitch,56,70,3120,199680,0.10766045548654245,0.5
7,49,clustered_local,S,hb-28,hb,57,56,8196,524544,0.282815734989648,0.5
7,49,clustered_local,S,c28-c29,stitch,58,56,643,41152,0.022187715665976535,0.5
7,49,clustered_local,S,c29-c30,stitch,58,60,256,16384,0.00883367839889579,0.5
7,49,clustered_local,S,c29-c36,stitch,58,72,978,62592,0.033747412008281574,0.2578125
7,49,clustered_local,S,c23-c30,stitch,60,46,13,832,0.00044858523119392684,0.02734375
7,49,clustered_local,S,c29-c30,stitch,60,58,256,16384,0.00883367839889579,0.5
7,49,clustered_local,S,hb-30,hb,60,61,1032,66048,0.03561076604554866,0.5
7,49,clustered_local,S,c30-c31,stitch,60,62,3283,210112,0.11328502415458937,0.5
7,49,clustered_local,S,c30-c37,stitch,60,74,3120,199680,0.10766045548654245,0.5
7,49,clustered_local,S,hb-30,hb,61,60,8196,524544,0.282815734989648,0.5
7,49,clustered_local,S,c24-c31,stitch,62,48,44,2816,0.001518288474810214,0.0859375
7,49,clustered_local,S,c30-c31,stitch,62,60,656,41984,0.02263630089717046,0.5
7,49,clustered_local,S,c31-c32,stitch,62,64,256,16384,0.00883367839889579,0.5
7,49,clustered_local,S,c31-c38,stitch,62,76,978,62592,0.033747412008281574,0.2578125
7,49,clustered_local,S,c25-c32,stitch,64,50,66,4224,0.002277432712215321,0.12890625
7,49,clustered_local,S,c31-c32,stitch,64,62,286,18304,0.00986887508626639,0.5
7,49,clustered_local,S,hb-32,hb,64,65,1032,66048,0.03561076604554866,0.5
7,49,clustered_local,S,c32-c33,stitch,64,66,3283,210112,0.11328502415458937,0.5
7,49,clustered_local,S,c32-c39,stitch,64,78,3120,199680,0.10766045548654245,0.5
7,49,clustered_local,S,hb-32,hb,65,64,8196,524544,0.282815734989648,0.5
7,49,clustered_local,S,c26-c33,stitch,66,52,67,4288,0.0023119392684610076,0.14453125
7,49,clustered_local,S,c32-c33,stitch,66,64,703,44992,0.024258109040717735,0.5
7,49,clustered_local,S,c33-c34,stitch,66,68,256,16384,0.00883367839889579,0.5
7,49,clustered_local,S,c33-c40,stitch,66,80,978,62592,0.033747412008281574,0.2578125
7,49,clustered_local,S,c27-c34,stitch,68,54,66,4224,0.002277432712215321,0.125
7,49,clustered_local,S,c33-c34,stitch,68,66,317,20288,0.010938578329882678,0.5
7,49,clustered_local,S,hb-34,hb,68,69,516,33024,0.01780538302277433,0.5
7,49,clustered_local,S,c34-c41,stitch,68,82,2305,147520,0.07953761214630779,0.5
7,49,clustered_local,S,hb-34,hb,69,68,4098,262272,0.141407867494824,0.5
7,49,clustered_local,S,c28-c35,stitch,70,56,387,24768,0.013354037267080746,0.5
7,49,clustered_local,S,c35-c36,stitch,70,72,1327,84928,0.045790200138026226,0.5
7,49,clustered_local,S,c29-c36,stitch,72,58,129,8256,0.004451345755693582,0.18359375
7,49,clustered_local,S,c35-c36,stitch,72,70,385,24640,0.013285024154589372,0.5
7,49,clustered_local,S,c36-c37,stitch,72,74,256,16384,0.00883367839889579,0.5
7,49,clustered_local,S,c30-c37,stitch,74,60,387,24768,0.013354037267080746,0.5
7,49,clustered_local,S,c36-c37,stitch,74,72,256,16384,0.00883367839889579,0.5
7,49,clustered_local,S,c37-c38,stitch,74,76,1327,84928,0.045790200138026226,0.5
7,49,clustered_local,S,c31-c38,stitch,76,62,156,9984,0.005383022774327122,0.18359375
7,49,clustered_local,S,c37-c38,stitch,76,74,385,24640,0.013285024154589372,0.5
7,49,clustered_local,S,c38-c39,stitch,76,78,256,16384,0.00883367839889579,0.5
7,49,clustered_local,S,c32-c39,stitch,78,64,423,27072,0.014596273291925466,0.5
7,49,clustered_local,S,c38-c39,stitch,78,76,256,16384,0.00883367839889579,0.5
7,49,clustered_local,S,c39-c40,stitch,78,80,1327,84928,0.045790200138026226,0.5
7,49,clustered_local,S,c33-c40,stitch,80,66,195,12480,0.006728778467908903,0.18359375
7,49,clustered_local,S,c39-c40,stitch,80,78,385,24640,0.013285024154589372,0.5
7,49,clustered_local,S,c40-c41,stitch,80,82,256,16384,0.00883367839889579,0.5
7,49,clustered_local,S,c34-c41,stitch,82,68,385,24640,0.013285024154589372,0.5
7,49,clustered_local,S,c40-c41,stitch,82,80,256,16384,0.00883367839889579,0.5
7,49,clustered_local,S,c41-c48,stitch,82,96,256,16384,0.00883367839889579,0.5
7,49,clustered_local,S,hb-42,hb,84,85,516,33024,0.01780538302277433,0.5
7,49,clustered_local,S,c42-c43,stitch,84,86,2305,147520,0.07953761214630779,0.5
7,49,clustered_local,S,hb-42,hb,85,84,4098,262272,0.141407867494824,0.5
7,49,clustered_local,S,c42-c43,stitch,86,84,514,32896,0.017736369910282955,0.5
7,49,clustered_local,S,c43-c44,stitch,86,88,256,16384,0.00883367839889579,0.5
7,49,clustered_local,S,c43-c44,stitch,88,86,256,16384,0.00883367839889579,0.5
7,49,clustered_local,S,hb-44,hb,88,89,516,33024,0.01780538302277433,0.5
7,49,clustered_local,S,c44-c45,stitch,88,90,2305,147520,0.07953761214630779,0.5
7,49,clustered_local,S,hb-44,hb,89,88,4098,262272,0.141407867494824,0.5
7,49,clustered_local,S,c38-c45,stitch,90,76,27,1728,0.0009316770186335404,0.0703125
7,49,clustered_local,S,c44-c45,stitch,90,88,514,32896,0.017736369910282955,0.5
7,49,clustered_local,S,c45-c46,stitch,90,92,256,16384,0.00883367839889579,0.5
7,49,clustered_local,S,c39-c46,stitch,92,78,36,2304,0.0012422360248447205,0.0859375
7,49,clustered_local,S,c45-c46,stitch,92,90,283,18112,0.00976535541752933,0.5
7,49,clustered_local,S,hb-46,hb,92,93,516,33024,0.01780538302277433,0.5
7,49,clustered_local,S,c46-c47,stitch,92,94,2305,147520,0.07953761214630779,0.5
7,49,clustered_local,S,hb-46,hb,93,92,4098,262272,0.141407867494824,0.5
7,49,clustered_local,S,c40-c47,stitch,94,80,66,4224,0.002277432712215321,0.12109375
7,49,clustered_local,S,c46-c47,stitch,94,92,577,36928,0.019910282953761214,0.5
7,49,clustered_local,S,c47-c48,stitch,94,96,256,16384,0.00883367839889579,0.5
7,49,clustered_local,S,c41-c48,stitch,96,82,127,8128,0.004382332643202209,0.29296875
7,49,clustered_local,S,c47-c48,stitch,96,94,385,24640,0.013285024154589372,0.5
7,49,clustered_local,S,hb-48,hb,96,97,258,16512,0.008902691511387164,0.5
7,49,clustered_local,S,hb-48,hb,97,96,2049,131136,0.070703933747412,0.5
7,49,clustered_local,S,edge-io,io,98,0,256,16384,0.00883367839889579,0.5
7,49,remote_balanced,U0,c0-c1,stitch,0,2,256,16384,0.017330083942594096,0.5
7,49,remote_balanced,U0,edge-io,io,0,98,1,64,6.769564040075819e-05,0.00390625
7,49,remote_balanced,U0,c0-c1,stitch,2,0,241,15424,0.016314649336582724,0.48828125
7,49,remote_balanced,U0,c1-c2,stitch,2,4,256,16384,0.017330083942594096,0.5
7,49,remote_balanced,U0,c1-c2,stitch,4,2,228,14592,0.015434606011372868,0.43359375
7,49,remote_balanced,U0,c2-c3,stitch,4,6,256,16384,0.017330083942594096,0.5
7,49,remote_balanced,U0,c2-c3,stitch,6,4,197,12608,0.013336041158949364,0.3984375
7,49,remote_balanced,U0,c3-c4,stitch,6,8,256,16384,0.017330083942594096,0.5
7,49,remote_balanced,U0,c3-c4,stitch,8,6,144,9216,0.00974817221770918,0.32421875
7,49,remote_balanced,U0,c4-c5,stitch,8,10,256,16384,0.017330083942594096,0.5
7,49,remote_balanced,U0,c4-c5,stitch,10,8,103,6592,0.006972650961278094,0.17578125
7,49,remote_balanced,U0,c5-c6,stitch,10,12,256,16384,0.017330083942594096,0.5
7,49,remote_balanced,U0,c5-c6,stitch,12,10,55,3520,0.0037232602220417005,0.11328125
7,49,remote_balanced,U0,c6-c13,stitch,12,26,256,16384,0.017330083942594096,0.5
7,49,remote_balanced,U0,c0-c7,stitch,14,0,15,960,0.0010154346060113728,0.046875
7,49,remote_balanced,U0,c7-c8,stitch,14,16,256,16384,0.017330083942594096,0.5
7,49,remote_balanced,U0,c1-c8,stitch,16,2,13,832,0.0008800433252098565,0.046875
7,49,remote_balanced,U0,c7-c8,stitch,16,14,258,16512,0.017465475223395612,0.5
7,49,remote_balanced,U0,c8-c9,stitch,16,18,256,16384,0.017330083942594096,0.5
7,49,remote_balanced,U0,c2-c9,stitch,18,4,31,1984,0.002098564852423504,0.0703125
7,49,remote_balanced,U0,c8-c9,stitch,18,16,258,16512,0.017465475223395612,0.5
7,49,remote_balanced,U0,c9-c10,stitch,18,20,256,16384,0.017330083942594096,0.5
7,49,remote_balanced,U0,c3-c10,stitch,20,6,53,3392,0.003587868941240184,0.10546875
7,49,remote_balanced,U0,c9-c10,stitch,20,18,265,16960,0.01793934470620092,0.5
7,49,remote_balanced,U0,c10-c11,stitch,20,22,256,16384,0.017330083942594096,0.5
7,49,remote_balanced,U0,c4-c11,stitch,22,8,41,2624,0.002775521256431086,0.125
7,49,remote_balanced,U0,c10-c11,stitch,22,20,263,16832,0.017803953425399404,0.5
7,49,remote_balanced,U0,c11-c12,stitch,22,24,256,16384,0.017330083942594096,0.5
7,49,remote_balanced,U0,c5-c12,stitch,24,10,48,3072,0.003249390739236393,0.0859375
7,49,remote_balanced,U0,c11-c12,stitch,24,22,261,16704,0.017668562144597888,0.5
7,49,remote_balanced,U0,c12-c13,stitch,24,26,256,16384,0.017330083942594096,0.5
7,49,remote_balanced,U0,c6-c13,stitch,26,12,55,3520,0.0037232602220417005,0.1171875
7,49,remote_balanced,U0,c12-c13,stitch,26,24,256,16384,0.017330083942594096,0.5
7,49,remote_balanced,U0,c13-c20,stitch,26,40,256,16384,0.017330083942594096,0.5
7,49,remote_balanced,U0,c7-c14,stitch,28,14,13,832,0.0008800433252098565,0.0390625
7,49,remote_balanced,U0,c14-c15,stitch,28,30,256,16384,0.017330083942594096,0.5
7,49,remote_balanced,U0,c8-c15,stitch,30,16,13,832,0.0008800433252098565,0.046875
7,49,remote_balanced,U0,c14-c15,stitch,30,28,257,16448,0.017397779582994856,0.5
7,49,remote_balanced,U0,c15-c16,stitch,30,32,256,16384,0.017330083942594096,0.5
7,49,remote_balanced,U0,c9-c16,stitch,32,18,24,1536,0.0016246953696181965,0.05078125
7,49,remote_balanced,U0,c15-c16,stitch,32,30,264,16896,0.017871649065800164,0.5
7,49,remote_balanced,U0,c16-c17,stitch,32,34,256,16384,0.017330083942594096,0.5
7,49,remote_balanced,U0,c10-c17,stitch,34,20,55,3520,0.0037232602220417005,0.11328125
7,49,remote_balanced,U0,c16-c17,stitch,34,32,268,17152,0.018142431627403196,0.5
7,49,remote_balanced,U0,c17-c18,stitch,34,36,256,16384,0.017330083942594096,0.5
7,49,remote_balanced,U0,c11-c18,stitch,36,22,43,2752,0.002910912537232602,0.13671875
7,49,remote_balanced,U0,c17-c18,stitch,36,34,281,17984,0.019022474952613052,0.5
7,49,remote_balanced,U0,c18-c19,stitch,36,38,256,16384,0.017330083942594096,0.5
7,49,remote_balanced,U0,c12-c19,stitch,38,24,53,3392,0.003587868941240184,0.10546875
7,49,remote_balanced,U0,c18-c19,stitch,38,36,277,17728,0.01875169239101002,0.5
7,49,remote_balanced,U0,c19-c20,stitch,38,40,256,16384,0.017330083942594096,0.5
7,49,remote_balanced,U0,c13-c20,stitch,40,26,55,3520,0.0037232602220417005,0.1171875
7,49,remote_balanced,U0,c19-c20,stitch,40,38,261,16704,0.017668562144597888,0.5
7,49,remote_balanced,U0,c20-c27,stitch,40,54,256,16384,0.017330083942594096,0.5
7,49,remote_balanced,U0,c14-c21,stitch,42,28,12,768,0.0008123476848090983,0.03515625
7,49,remote_balanced,U0,c21-c22,stitch,42,44,256,16384,0.017330083942594096,0.5
7,49,remote_balanced,U0,c15-c22,stitch,44,30,6,384,0.00040617384240454913,0.0234375
7,49,remote_balanced,U0,c21-c22,stitch,44,42,263,16832,0.017803953425399404,0.5
7,49,remote_balanced,U0,c22-c23,stitch,44,46,256,16384,0.017330083942594096,0.5
7,49,remote_balanced,U0,c16-c23,stitch,46,32,20,1280,0.0013539128080151638,0.0390625
7,49,remote_balanced,U0,c22-c23,stitch,46,44,262,16768,0.017736257784998648,0.5
7,49,remote_balanced,U0,c23-c24,stitch,46,48,256,16384,0.017330083942594096,0.5
7,49,remote_balanced,U0,c17-c24,stitch,48,34,42,2688,0.002843216896831844,0.1015625
7,49,remote_balanced,U0,c23-c24,stitch,48,46,276,17664,0.01868399675060926,0.5
7,49,remote_balanced,U0,c24-c25,stitch,48,50,256,16384,0.017330083942594096,0.5
7,49,remote_balanced,U0,c18-c25,stitch,50,36,47,3008,0.003181695098835635,0.1171875
7,49,remote_balanced,U0,c24-c25,stitch,50,48,300,19200,0.020308692120227456,0.5
7,49,remote_balanced,U0,c25-c26,stitch,50,52,256,16384,0.017330083942594096,0.5
7,49,remote_balanced,U0,c19-c26,stitch,52,38,69,4416,0.004670999187652315,0.15625
7,49,remote_balanced,U0,c25-c26,stitch,52,50,296,18944,0.020037909558624424,0.5
7,49,remote_balanced,U0,c26-c27,stitch,52,54,256,16384,0.017330083942594096,0.5
7,49,remote_balanced,U0,c20-c27,stitch,54,40,60,3840,0.004061738424045491,0.125
7,49,remote_balanced,U0,c26-c27,stitch,54,52,300,19200,0.020308692120227456,0.5
7,49,remote_balanced,U0,c27-c34,stitch,54,68,256,16384,0.017330083942594096,0.5
7,49,remote_balanced,U0,c21-c28,stitch,56,42,5,320,0.00033847820200379094,0.01953125
7,49,remote_balanced,U0,c28-c29,stitch,56,58,256,16384,0.017330083942594096,0.5
7,49,remote_balanced,U0,c22-c29,stitch,58,44,7,448,0.0004738694828053073,0.02734375
7,49,remote_balanced,U0,c28-c29,stitch,58,56,261,16704,0.017668562144597888,0.5
7,49,remote_balanced,U0,c29-c30,stitch,58,60,256,16384,0.017330083942594096,0.5
7,49,remote_balanced,U0,c23-c30,stitch,60,46,6,384,0.00040617384240454913,0.0234375
7,49,remote_balanced,U0,c29-c30,stitch,60,58,263,16832,0.017803953425399404,0.5
7,49,remote_balanced,U0,c30-c31,stitch,60,62,256,16384,0.017330083942594096,0.5
7,49,remote_balanced,U0,c24-c31,stitch,62,48,18,1152,0.0012185215272136475,0.05859375
7,49,remote_balanced,U0,c30-c31,stitch,62,60,262,16768,0.017736257784998648,0.5
7,49,remote_balanced,U0,c31-c32,stitch,62,64,256,16384,0.017330083942594096,0.5
7,49,remote_balanced,U0,c25-c32,stitch,64,50,51,3264,0.0034524776604386675,0.12890625
7,49,remote_balanced,U0,c31-c32,stitch,64,62,270,17280,0.018277822908204712,0.5
7,49,remote_balanced,U0,c32-c33,stitch,64,66,256,16384,0.017330083942594096,0.5
7,49,remote_balanced,U0,c26-c33,stitch,66,52,65,4160,0.004400216626049282,0.1328125
7,49,remote_balanced,U0,c32-c33,stitch,66,64,294,18816,0.019902518277822908,0.5
7,49,remote_balanced,U0,c33-c34,stitch,66,68,256,16384,0.017330083942594096,0.5
7,49,remote_balanced,U0,c27-c34,stitch,68,54,104,6656,0.007040346601678852,0.20703125
7,49,remote_balanced,U0,c33-c34,stitch,68,66,317,20288,0.021459518007040348,0.5
7,49,remote_balanced,U0,c34-c41,stitch,68,82,256,16384,0.017330083942594096,0.5
7,49,remote_balanced,U0,c35-c36,stitch,70,72,256,16384,0.017330083942594096,0.5
7,49,remote_balanced,U0,c29-c36,stitch,72,58,5,320,0.00033847820200379094,0.01953125
7,49,remote_balanced,U0,c35-c36,stitch,72,70,256,16384,0.017330083942594096,0.5
7,49,remote_balanced,U0,c36-c37,stitch,72,74,256,16384,0.017330083942594096,0.5
7,49,remote_balanced,U0,c30-c37,stitch,74,60,7,448,0.0004738694828053073,0.02734375
7,49,remote_balanced,U0,c36-c37,stitch,74,72,261,16704,0.017668562144597888,0.5
7,49,remote_balanced,U0,c37-c38,stitch,74,76,256,16384,0.017330083942594096,0.5
7,49,remote_balanced,U0,c31-c38,stitch,76,62,10,640,0.0006769564040075819,0.0390625
7,49,remote_balanced,U0,c37-c38,stitch,76,74,268,17152,0.018142431627403196,0.5
7,49,remote_balanced,U0,c38-c39,stitch,76,78,256,16384,0.017330083942594096,0.5
7,49,remote_balanced,U0,c32-c39,stitch,78,64,27,1728,0.0018277822908204712,0.0546875
7,49,remote_balanced,U0,c38-c39,stitch,78,76,269,17216,0.018210127267803952,0.5
7,49,remote_balanced,U0,c39-c40,stitch,78,80,256,16384,0.017330083942594096,0.5
7,49,remote_balanced,U0,c33-c40,stitch,80,66,42,2688,0.002843216896831844,0.1015625
7,49,remote_balanced,U0,c39-c40,stitch,80,78,285,18240,0.019293257514216084,0.5
7,49,remote_balanced,U0,c40-c41,stitch,80,82,256,16384,0.017330083942594096,0.5
7,49,remote_balanced,U0,c34-c41,stitch,82,68,165,10560,0.011169780666125102,0.32421875
7,49,remote_balanced,U0,c40-c41,stitch,82,80,316,20224,0.021391822366639588,0.5
7,49,remote_balanced,U0,c41-c48,stitch,82,96,256,16384,0.017330083942594096,0.5
7,49,remote_balanced,U0,c42-c43,stitch,84,86,256,16384,0.017330083942594096,0.5
7,49,remote_balanced,U0,c42-c43,stitch,86,84,256,16384,0.017330083942594096,0.5
7,49,remote_balanced,U0,c43-c44,stitch,86,88,256,16384,0.017330083942594096,0.5
7,49,remote_balanced,U0,c43-c44,stitch,88,86,256,16384,0.017330083942594096,0.5
7,49,remote_balanced,U0,c44-c45,stitch,88,90,256,16384,0.017330083942594096,0.5
7,49,remote_balanced,U0,c38-c45,stitch,90,76,9,576,0.0006092607636068237,0.03515625
7,49,remote_balanced,U0,c44-c45,stitch,90,88,256,16384,0.017330083942594096,0.5
7,49,remote_balanced,U0,c45-c46,stitch,90,92,256,16384,0.017330083942594096,0.5
7,49,remote_balanced,U0,c39-c46,stitch,92,78,11,704,0.0007446520444083401,0.04296875
7,49,remote_balanced,U0,c45-c46,stitch,92,90,265,16960,0.01793934470620092,0.5
7,49,remote_balanced,U0,c46-c47,stitch,92,94,256,16384,0.017330083942594096,0.5
7,49,remote_balanced,U0,c40-c47,stitch,94,80,11,704,0.0007446520444083401,0.04296875
7,49,remote_balanced,U0,c46-c47,stitch,94,92,276,17664,0.01868399675060926,0.5
7,49,remote_balanced,U0,c47-c48,stitch,94,96,256,16384,0.017330083942594096,0.5
7,49,remote_balanced,U0,c41-c48,stitch,96,82,225,14400,0.015231519090170594,0.5
7,49,remote_balanced,U0,c47-c48,stitch,96,94,287,18368,0.0194286487950176,0.5
7,49,remote_balanced,U0,edge-io,io,98,0,256,16384,0.017330083942594096,0.5
7,49,remote_balanced,U1,c0-c1,stitch,0,2,256,16384,0.011854047045749213,0.5
7,49,remote_balanced,U1,edge-io,io,0,98,1,64,4.630487127245786e-05,0.00390625
7,49,remote_balanced,U1,c0-c1,stitch,2,0,256,16384,0.011854047045749213,0.5
7,49,remote_balanced,U1,c1-c2,stitch,2,4,256,16384,0.011854047045749213,0.5
7,49,remote_balanced,U1,c1-c2,stitch,4,2,256,16384,0.011854047045749213,0.5
7,49,remote_balanced,U1,c2-c3,stitch,4,6,256,16384,0.011854047045749213,0.5
7,49,remote_balanced,U1,c2-c3,stitch,6,4,253,16192,0.011715132431931839,0.5
7,49,remote_balanced,U1,c3-c4,stitch,6,8,256,16384,0.011854047045749213,0.5
7,49,remote_balanced,U1,c3-c4,stitch,8,6,242,15488,0.011205778847934804,0.47265625
7,49,remote_balanced,U1,c4-c5,stitch,8,10,256,16384,0.011854047045749213,0.5
7,49,remote_balanced,U1,c4-c5,stitch,10,8,226,14464,0.010464900907575478,0.453125
7,49,remote_balanced,U1,c5-c6,stitch,10,12,256,16384,0.011854047045749213,0.5
7,49,remote_balanced,U1,c5-c6,stitch,12,10,202,12928,0.009353583997036488,0.48828125
7,49,remote_balanced,U1,c6-c13,stitch,12,26,256,16384,0.011854047045749213,0.5
7,49,remote_balanced,U1,c7-c8,stitch,14,16,256,16384,0.011854047045749213,0.5
7,49,remote_balanced,U1,c7-c8,stitch,16,14,256,16384,0.011854047045749213,0.5
7,49,remote_balanced,U1,c8-c9,stitch,16,18,256,16384,0.011854047045749213,0.5
7,49,remote_balanced,U1,c2-c9,stitch,18,4,3,192,0.00013891461381737358,0.01171875
7,49,remote_balanced,U1,c8-c9,stitch,18,16,256,16384,0.011854047045749213,0.5
7,49,remote_balanced,U1,c9-c10,stitch,18,20,256,16384,0.011854047045749213,0.5
7,49,remote_balanced,U1,c3-c10,stitch,20,6,11,704,0.0005093535839970365,0.03515625
7,49,remote_balanced,U1,c9-c10,stitch,20,18,259,16576,0.011992961659566587,0.5
7,49,remote_balanced,U1,c10-c11,stitch,20,22,256,16384,0.011854047045749213,0.5
7,49,remote_balanced,U1,c4-c11,stitch,22,8,16,1024,0.0007408779403593258,0.04296875
7,49,remote_balanced,U1,c10-c11,stitch,22,20,267,17088,0.01236340062974625,0.5
7,49,remote_balanced,U1,c11-c12,stitch,22,24,256,16384,0.011854047045749213,0.5
7,49,remote_balanced,U1,c5-c12,stitch,24,10,24,1536,0.0011113169105389886,0.05859375
7,49,remote_balanced,U1,c11-c12,stitch,24,22,267,17088,0.01236340062974625,0.5
7,49,remote_balanced,U1,c12-c13,stitch,24,26,256,16384,0.011854047045749213,0.5
7,49,remote_balanced,U1,c6-c13,stitch,26,12,202,12928,0.009353583997036488,0.5
7,49,remote_balanced,U1,c12-c13,stitch,26,24,267,17088,0.01236340062974625,0.5
7,49,remote_balanced,U1,c13-c20,stitch,26,40,256,16384,0.011854047045749213,0.5
7,49,remote_balanced,U1,c14-c15,stitch,28,30,256,16384,0.011854047045749213,0.5
7,49,remote_balanced,U1,c14-c15,stitch,30,28,256,16384,0.011854047045749213,0.5
7,49,remote_balanced,U1,c15-c16,stitch,30,32,256,16384,0.011854047045749213,0.5
7,49,remote_balanced,U1,c15-c16,stitch,32,30,256,16384,0.011854047045749213,0.5
7,49,remote_balanced,U1,c16-c17,stitch,32,34,256,16384,0.011854047045749213,0.5
7,49,remote_balanced,U1,c10-c17,stitch,34,20,3,192,0.00013891461381737358,0.01171875
7,49,remote_balanced,U1,c16-c17,stitch,34,32,256,16384,0.011854047045749213,0.5
7,49,remote_balanced,U1,c17-c18,stitch,34,36,256,16384,0.011854047045749213,0.5
7,49,remote_balanced,U1,c11-c18,stitch,36,22,16,1024,0.0007408779403593258,0.04296875
7,49,remote_balanced,U1,c17-c18,stitch,36,34,259,16576,0.011992961659566587,0.5
7,49,remote_balanced,U1,c18-c19,stitch,36,38,256,16384,0.011854047045749213,0.5
7,49,remote_balanced,U1,c12-c19,stitch,38,24,24,1536,0.0011113169105389886,0.05859375
7,49,remote_balanced,U1,c18-c19,stitch,38,36,267,17088,0.01236340062974625,0.5
7,49,remote_balanced,U1,c19-c20,stitch,38,40,256,16384,0.011854047045749213,0.5
7,49,remote_balanced,U1,c13-c20,stitch,40,26,213,13632,0.009862937581033526,0.5
7,49,remote_balanced,U1,c19-c20,stitch,40,38,267,17088,0.01236340062974625,0.5
7,49,remote_balanced,U1,c20-c27,stitch,40,54,256,16384,0.011854047045749213,0.5
7,49,remote_balanced,U1,c21-c22,stitch,42,44,256,16384,0.011854047045749213,0.5
7,49,remote_balanced,U1,c21-c22,stitch,44,42,256,16384,0.011854047045749213,0.5
7,49,remote_balanced,U1,c22-c23,stitch,44,46,256,16384,0.011854047045749213,0.5
7,49,remote_balanced,U1,c22-c23,stitch,46,44,256,16384,0.011854047045749213,0.5
7,49,remote_balanced,U1,c23-c24,stitch,46,48,256,16384,0.011854047045749213,0.5
7,49,remote_balanced,U1,c23-c24,stitch,48,46,256,16384,0.011854047045749213,0.5
7,49,remote_balanced,U1,c24-c25,stitch,48,50,256,16384,0.011854047045749213,0.5
7,49,remote_balanced,U1,c18-c25,stitch,50,36,8,512,0.0003704389701796629,0.01953125
7,49,remote_balanced,U1,c24-c25,stitch,50,48,256,16384,0.011854047045749213,0.5
7,49,remote_balanced,U1,c25-c26,stitch,50,52,256,16384,0.011854047045749213,0.5
7,49,remote_balanced,U1,c19-c26,stitch,52,38,24,1536,0.0011113169105389886,0.05859375
7,49,remote_balanced,U1,c25-c26,stitch,52,50,259,16576,0.011992961659566587,0.5
7,49,remote_balanced,U1,c26-c27,stitch,52,54,256,16384,0.011854047045749213,0.5
7,49,remote_balanced,U1,c20-c27,stitch,54,40,224,14336,0.010372291165030561,0.5
7,49,remote_balanced,U1,c26-c27,stitch,54,52,267,17088,0.01236340062974625,0.5
7,49,remote_balanced,U1,c27-c34,stitch,54,68,256,16384,0.011854047045749213,0.5
7,49,remote_balanced,U1,c28-c29,stitch,56,58,256,16384,0.011854047045749213,0.5
7,49,remote_balanced,U1,c28-c29,stitch,58,56,256,16384,0.011854047045749213,0.5
7,49,remote_balanced,U1,c29-c30,stitch,58,60,256,16384,0.011854047045749213,0.5
7,49,remote_balanced,U1,c29-c30,stitch,60,58,256,16384,0.011854047045749213,0.5
7,49,remote_balanced,U1,c30-c31,stitch,60,62,256,16384,0.011854047045749213,0.5
7,49,remote_balanced,U1,c30-c31,stitch,62,60,256,16384,0.011854047045749213,0.5
7,49,remote_balanced,U1,c31-c32,stitch,62,64,256,16384,0.011854047045749213,0.5
7,49,remote_balanced,U1,c25-c32,stitch,64,50,5,320,0.0002315243563622893,0.01953125
7,49,remote_balanced,U1,c31-c32,stitch,64,62,256,16384,0.011854047045749213,0.5
7,49,remote_balanced,U1,c32-c33,stitch,64,66,256,16384,0.011854047045749213,0.5
7,49,remote_balanced,U1,c26-c33,stitch,66,52,16,1024,0.0007408779403593258,0.03515625
7,49,remote_balanced,U1,c32-c33,stitch,66,64,256,16384,0.011854047045749213,0.5
7,49,remote_balanced,U1,c33-c34,stitch,66,68,256,16384,0.011854047045749213,0.5
7,49,remote_balanced,U1,c27-c34,stitch,68,54,235,15040,0.010881644749027598,0.5
7,49,remote_balanced,U1,c33-c34,stitch,68,66,263,16832,0.012178181144656419,0.5
7,49,remote_balanced,U1,c34-c41,stitch,68,82,256,16384,0.011854047045749213,0.5
7,49,remote_balanced,U1,c35-c36,stitch,70,72,256,16384,0.011854047045749213,0.5
7,49,remote_balanced,U1,c35-c36,stitch,72,70,256,16384,0.011854047045749213,0.5
7,49,remote_balanced,U1,c36-c37,stitch,72,74,256,16384,0.011854047045749213,0.5
7,49,remote_balanced,U1,c36-c37,stitch,74,72,256,16384,0.011854047045749213,0.5
7,49,remote_balanced,U1,c37-c38,stitch,74,76,256,16384,0.011854047045749213,0.5
7,49,remote_balanced,U1,c37-c38,stitch,76,74,256,16384,0.011854047045749213,0.5
7,49,remote_balanced,U1,c38-c39,stitch,76,78,256,16384,0.011854047045749213,0.5
7,49,remote_balanced,U1,c32-c39,stitch,78,64,5,320,0.0002315243563622893,0.01953125
7,49,remote_balanced,U1,c38-c39,stitch,78,76,256,16384,0.011854047045749213,0.5
7,49,remote_balanced,U1,c39-c40,stitch,78,80,256,16384,0.011854047045749213,0.5
7,49,remote_balanced,U1,c33-c40,stitch,80,66,9,576,0.0004167438414521208,0.03515625
7,49,remote_balanced,U1,c39-c40,stitch,80,78,256,16384,0.011854047045749213,0.5
7,49,remote_balanced,U1,c40-c41,stitch,80,82,256,16384,0.011854047045749213,0.5
7,49,remote_balanced,U1,c34-c41,stitch,82,68,242,15488,0.011205778847934804,0.5
7,49,remote_balanced,U1,c40-c41,stitch,82,80,256,16384,0.011854047045749213,0.5
7,49,remote_balanced,U1,c41-c48,stitch,82,96,256,16384,0.011854047045749213,0.5
7,49,remote_balanced,U1,c42-c43,stitch,84,86,256,16384,0.011854047045749213,0.5
7,49,remote_balanced,U1,c42-c43,stitch,86,84,256,16384,0.011854047045749213,0.5
7,49,remote_balanced,U1,c43-c44,stitch,86,88,256,16384,0.011854047045749213,0.5
7,49,remote_balanced,U1,c43-c44,stitch,88,86,256,16384,0.011854047045749213,0.5
7,49,remote_balanced,U1,c44-c45,stitch,88,90,256,16384,0.011854047045749213,0.5
7,49,remote_balanced,U1,c44-c45,stitch,90,88,256,16384,0.011854047045749213,0.5
7,49,remote_balanced,U1,c45-c46,stitch,90,92,256,16384,0.011854047045749213,0.5
7,49,remote_balanced,U1,c39-c46,stitch,92,78,5,320,0.0002315243563622893,0.01953125
7,49,remote_balanced,U1,c45-c46,stitch,92,90,256,16384,0.011854047045749213,0.5
7,49,remote_balanced,U1,c46-c47,stitch,92,94,256,16384,0.011854047045749213,0.5
7,49,remote_balanced,U1,c40-c47,stitch,94,80,9,576,0.0004167438414521208,0.03515625
7,49,remote_balanced,U1,c46-c47,stitch,94,92,261,16704,0.012085571402111502,0.5
7,49,remote_balanced,U1,c47-c48,stitch,94,96,256,16384,0.011854047045749213,0.5
7,49,remote_balanced,U1,c41-c48,stitch,96,82,242,15488,0.011205778847934804,0.5
7,49,remote_balanced,U1,c47-c48,stitch,96,94,270,17280,0.012502315243563622,0.5
7,49,remote_balanced,U1,edge-io,io,98,0,256,16384,0.011854047045749213,0.5
7,49,remote_balanced,S,hb-0,hb,0,1,258,16512,0.007988110718929966,0.5
7,49,remote_balanced,S,c0-c1,stitch,0,2,256,16384,0.007926187380023531,0.5
7,49,remote_balanced,S,c0-c7,stitch,0,14,2307,147648,0.07142857142857142,0.5
7,49,remote_balanced,S,edge-io,io,0,98,1,64,3.096166945321692e-05,0.00390625
7,49,remote_balanced,S,hb-0,hb,1,0,2049,131136,0.06344046070964146,0.5
7,49,remote_balanced,S,c0-c1,stitch,2,0,246,15744,0.007616570685491362,0.5
7,49,remote_balanced,S,hb-1,hb,2,3,258,16512,0.007988110718929966,0.26171875
7,49,remote_balanced,S,c1-c2,stitch,2,4,256,16384,0.007926187380023531,0.5
7,49,remote_balanced,S,c1-c8,stitch,2,16,2307,147648,0.07142857142857142,0.4140625
7,49,remote_balanced,S,hb-1,hb,3,2,2049,131136,0.06344046070964146,0.31640625
7,49,remote_balanced,S,c1-c2,stitch,4,2,226,14464,0.006997337296427024,0.484375
7,49,remote_balanced,S,hb-2,hb,4,5,258,16512,0.007988110718929966,0.265625
7,49,remote_balanced,S,c2-c3,stitch,4,6,256,16384,0.007926187380023531,0.5
7,49,remote_balanced,S,c2-c9,stitch,4,18,2307,147648,0.07142857142857142,0.5
7,49,remote_balanced,S,hb-2,hb,5,4,2049,131136,0.06344046070964146,0.31640625
7,49,remote_balanced,S,c2-c3,stitch,6,4,195,12480,0.006037525543377299,0.39453125
7,49,remote_balanced,S,hb-3,hb,6,7,258,16512,0.007988110718929966,0.265625
7,49,remote_balanced,S,c3-c4,stitch,6,8,256,16384,0.007926187380023531,0.5
7,49,remote_balanced,S,c3-c10,stitch,6,20,2307,147648,0.07142857142857142,0.5
7,49,remote_balanced,S,hb-3,hb,7,6,2049,131136,0.06344046070964146,0.31640625
7,49,remote_balanced,S,c3-c4,stitch,8,6,147,9408,0.004551365409622887,0.26171875
7,49,remote_balanced,S,hb-4,hb,8,9,258,16512,0.007988110718929966,0.265625
7,49,remote_balanced,S,c4-c5,stitch,8,10,256,16384,0.007926187380023531,0.5
7,49,remote_balanced,S,c4-c11,stitch,8,22,2307,147648,0.07142857142857142,0.5
7,49,remote_balanced,S,hb-4,hb,9,8,2049,131136,0.06344046070964146,0.31640625
7,49,remote_balanced,S,c4-c5,stitch,10,8,92,5888,0.0028484735896959564,0.17578125
7,49,remote_balanced,S,hb-5,hb,10,11,258,16512,0.007988110718929966,0.265625
7,49,remote_balanced,S,c5-c6,stitch,10,12,256,16384,0.007926187380023531,0.5
7,49,remote_balanced,S,c5-c12,stitch,10,24,2307,147648,0.07142857142857142,0.5
7,49,remote_balanced,S,hb-5,hb,11,10,2049,131136,0.06344046070964146,0.31640625
7,49,remote_balanced,S,c5-c6,stitch,12,10,38,2432,0.001176543439222243,0.08984375
7,49,remote_balanced,S,hb-6,hb,12,13,258,16512,0.007988110718929966,0.265625
7,49,remote_balanced,S,c6-c13,stitch,12,26,2563,164032,0.07935475880859497,0.5
7,49,remote_balanced,S,hb-6,hb,13,12,2049,131136,0.06344046070964146,0.31640625
7,49,remote_balanced,S,c0-c7,stitch,14,0,2317,148288,0.07173818812310359,0.5
7,49,remote_balanced,S,hb-7,hb,14,15,258,16512,0.007988110718929966,0.5
7,49,remote_balanced,S,c7-c8,stitch,14,16,256,16384,0.007926187380023531,0.5
7,49,remote_balanced,S,c7-c14,stitch,14,28,4614,295296,0.14285714285714285,0.5
7,49,remote_balanced,S,hb-7,hb,15,14,2049,131136,0.06344046070964146,0.42578125
7,49,remote_balanced,S,c1-c8,stitch,16,2,2327,148928,0.07204780481763577,0.2578125
7,49,remote_balanced,S,c7-c8,stitch,16,14,256,16384,0.007926187380023531,0.5
7,49,remote_balanced,S,hb-8,hb,16,17,258,16512,0.007988110718929966,0.25
7,49,remote_balanced,S,c8-c9,stitch,16,18,256,16384,0.007926187380023531,0.5
7,49,remote_balanced,S,c8-c15,stitch,16,30,4614,295296,0.14285714285714285,0.5
7,49,remote_balanced,S,hb-8,hb,17,16,2049,131136,0.06344046070964146,0.30078125
7,49,remote_balanced,S,c2-c9,stitch,18,4,2338,149632,0.07238838318162115,0.5
7,49,remote_balanced,S,c8-c9,stitch,18,16,257,16448,0.007957149049476748,0.5
7,49,remote_balanced,S,hb-9,hb,18,19,258,16512,0.007988110718929966,0.25
7,49,remote_balanced,S,c9-c10,stitch,18,20,256,16384,0.007926187380023531,0.5
7,49,remote_balanced,S,c9-c16,stitch,18,32,4614,295296,0.14285714285714285,0.5
7,49,remote_balanced,S,hb-9,hb,19,18,2049,131136,0.06344046070964146,0.296875
7,49,remote_balanced,S,c3-c10,stitch,20,6,2355,150720,0.07291473156232584,0.5
7,49,remote_balanced,S,c9-c10,stitch,20,18,257,16448,0.007957149049476748,0.5
7,49,remote_balanced,S,hb-10,hb,20,21,258,16512,0.007988110718929966,0.25
7,49,remote_balanced,S,c10-c11,stitch,20,22,256,16384,0.007926187380023531,0.5
7,49,remote_balanced,S,c10-c17,stitch,20,34,4614,295296,0.14285714285714285,0.5
7,49,remote_balanced,S,hb-10,hb,21,20,2049,131136,0.06344046070964146,0.296875
7,49,remote_balanced,S,c4-c11,stitch,22,8,2362,151168,0.07313146324849835,0.5
7,49,remote_balanced,S,c10-c11,stitch,22,20,256,16384,0.007926187380023531,0.5
7,49,remote_balanced,S,hb-11,hb,22,23,258,16512,0.007988110718929966,0.25
7,49,remote_balanced,S,c11-c12,stitch,22,24,256,16384,0.007926187380023531,0.5
7,49,remote_balanced,S,c11-c18,stitch,22,36,4614,295296,0.14285714285714285,0.5
7,49,remote_balanced,S,hb-11,hb,23,22,2049,131136,0.06344046070964146,0.296875
7,49,remote_balanced,S,c5-c12,stitch,24,10,2361,151104,0.07310050157904514,0.5
7,49,remote_balanced,S,c11-c12,stitch,24,22,256,16384,0.007926187380023531,0.5
7,49,remote_balanced,S,hb-12,hb,24,25,258,16512,0.007988110718929966,0.25
7,49,remote_balanced,S,c12-c13,stitch,24,26,256,16384,0.007926187380023531,0.5
7,49,remote_balanced,S,c12-c19,stitch,24,38,4614,295296,0.14285714285714285,0.5
7,49,remote_balanced,S,hb-12,hb,25,24,2049,131136,0.06344046070964146,0.296875
7,49,remote_balanced,S,c6-c13,stitch,26,12,2345,150080,0.07260511486779367,0.5
7,49,remote_balanced,S,c12-c13,stitch,26,24,257,16448,0.007957149049476748,0.5
7,49,remote_balanced,S,hb-13,hb,26,27,258,16512,0.007988110718929966,0.25
7,49,remote_balanced,S,c13-c20,stitch,26,40,4870,311680,0.1507833302371664,0.5
7,49,remote_balanced,S,hb-13,hb,27,26,2049,131136,0.06344046070964146,0.296875
7,49,remote_balanced,S,c7-c14,stitch,28,14,4624,295936,0.14316675955167502,0.5
7,49,remote_balanced,S,hb-14,hb,28,29,258,16512,0.007988110718929966,0.5
7,49,remote_balanced,S,c14-c15,stitch,28,30,256,16384,0.007926187380023531,0.5
7,49,remote_balanced,S,c14-c21,stitch,28,42,6921,442944,0.21428571428571427,0.5
7,49,remote_balanced,S,hb-14,hb,29,28,2049,131136,0.06344046070964146,0.359375
7,49,remote_balanced,S,c8-c15,stitch,30,16,4633,296512,0.14344541457675397,0.5
7,49,remote_balanced,S,c14-c15,stitch,30,28,256,16384,0.007926187380023531,0.5
7,49,remote_balanced,S,hb-15,hb,30,31,258,16512,0.007988110718929966,0.125
7,49,remote_balanced,S,c15-c16,stitch,30,32,256,16384,0.007926187380023531,0.5
7,49,remote_balanced,S,c15-c22,stitch,30,44,6921,442944,0.21428571428571427,0.5
7,49,remote_balanced,S,hb-15,hb,31,30,2049,131136,0.06344046070964146,0.5
7,49,remote_balanced,S,c9-c16,stitch,32,18,4645,297280,0.1438169546101926,0.5
7,49,remote_balanced,S,c15-c16,stitch,32,30,262,16768,0.008111957396742833,0.5
7,49,remote_balanced,S,hb-16,hb,32,33,258,16512,0.007988110718929966,0.25
7,49,remote_balanced,S,c16-c17,stitch,32,34,256,16384,0.007926187380023531,0.5
7,49,remote_balanced,S,c16-c23,stitch,32,46,6921,442944,0.21428571428571427,0.5
7,49,remote_balanced,S,hb-16,hb,33,32,2049,131136,0.06344046070964146,0.5
7,49,remote_balanced,S,c10-c17,stitch,34,20,4663,298432,0.1443742646603505,0.5
7,49,remote_balanced,S,c16-c17,stitch,34,32,263,16832,0.008142919066196049,0.5
7,49,remote_balanced,S,hb-17,hb,34,35,258,16512,0.007988110718929966,0.25
7,49,remote_balanced,S,c17-c18,stitch,34,36,256,16384,0.007926187380023531,0.5
7,49,remote_balanced,S,c17-c24,stitch,34,48,6921,442944,0.21428571428571427,0.5
7,49,remote_balanced,S,hb-17,hb,35,34,2049,131136,0.06344046070964146,0.5
7,49,remote_balanced,S,c11-c18,stitch,36,22,4669,298816,0.1445600346770698,0.5
7,49,remote_balanced,S,c17-c18,stitch,36,34,259,16576,0.008019072388383182,0.5
7,49,remote_balanced,S,hb-18,hb,36,37,258,16512,0.007988110718929966,0.25
7,49,remote_balanced,S,c18-c19,stitch,36,38,256,16384,0.007926187380023531,0.5
7,49,remote_balanced,S,c18-c25,stitch,36,50,6921,442944,0.21428571428571427,0.5
7,49,remote_balanced,S,hb-18,hb,37,36,2049,131136,0.06344046070964146,0.5
7,49,remote_balanced,S,c12-c19,stitch,38,24,4667,298688,0.14449811133816334,0.5
7,49,remote_balanced,S,c18-c19,stitch,38,36,257,16448,0.007957149049476748,0.5
7,49,remote_balanced,S,hb-19,hb,38,39,258,16512,0.007988110718929966,0.25
7,49,remote_balanced,S,c19-c20,stitch,38,40,256,16384,0.007926187380023531,0.5
7,49,remote_balanced,S,c19-c26,stitch,38,52,6921,442944,0.21428571428571427,0.5
7,49,remote_balanced,S,hb-19,hb,39,38,2049,131136,0.06344046070964146,0.5
7,49,remote_balanced,S,c13-c20,stitch,40,26,4653,297792,0.1440646479658183,0.5
7,49,remote_balanced,S,c19-c20,stitch,40,38,256,16384,0.007926187380023531,0.5
7,49,remote_balanced,S,hb-20,hb,40,41,258,16512,0.007988110718929966,0.25
7,49,remote_balanced,S,c20-c27,stitch,40,54,7177,459328,0.22221190166573782,0.5
7,49,remote_balanced,S,hb-20,hb,41,40,2049,131136,0.06344046070964146,0.5
7,49,remote_balanced,S,c14-c21,stitch,42,28,6931,443584,0.21459533098024647,0.5
7,49,remote_balanced,S,hb-21,hb,42,43,258,16512,0.007988110718929966,0.5
7,49,remote_balanced,S,c21-c22,stitch,42,44,256,16384,0.007926187380023531,0.5
7,49,remote_balanced,S,c21-c28,stitch,42,56,6921,442944,0.21428571428571427,0.5
7,49,remote_balanced,S,hb-21,hb,43,42,2049,131136,0.06344046070964146,0.359375
7,49,remote_balanced,S,c15-c22,stitch,44,30,6934,443776,0.2146882159886061,0.5
7,49,remote_balanced,S,c21-c22,stitch,44,42,258,16512,0.007988110718929966,0.5
7,49,remote_balanced,S,hb-22,hb,44,45,258,16512,0.007988110718929966,0.37109375
7,49,remote_balanced,S,c22-c23,stitch,44,46,256,16384,0.007926187380023531,0.5
7,49,remote_balanced,S,c22-c29,stitch,44,58,6921,442944,0.21428571428571427,0.5
7,49,remote_balanced,S,hb-22,hb,45,44,2049,131136,0.06344046070964146,0.33984375
7,49,remote_balanced,S,c16-c23,stitch,46,32,6951,444864,0.2152145643693108,0.5
7,49,remote_balanced,S,c22-c23,stitch,46,44,264,16896,0.008173880735649267,0.5
7,49,remote_balanced,S,hb-23,hb,46,47,258,16512,0.007988110718929966,0.5
7,49,remote_balanced,S,c23-c24,stitch,46,48,256,16384,0.007926187380023531,0.5
7,49,remote_balanced,S,c23-c30,stitch,46,60,6921,442944,0.21428571428571427,0.5
7,49,remote_balanced,S,hb-23,hb,47,46,2049,131136,0.06344046070964146,0.5
7,49,remote_balanced,S,c17-c24,stitch,48,34,6974,446336,0.2159266827667348,0.5
7,49,remote_balanced,S,c23-c24,stitch,48,46,271,17344,0.008390612421821785,0.5
7,49,remote_balanced,S,hb-24,hb,48,49,258,16512,0.007988110718929966,0.5
7,49,remote_balanced,S,c24-c25,stitch,48,50,256,16384,0.007926187380023531,0.5
7,49,remote_balanced,S,c24-c31,stitch,48,62,6921,442944,0.21428571428571427,0.5
7,49,remote_balanced,S,hb-24,hb,49,48,2049,131136,0.06344046070964146,0.5
7,49,remote_balanced,S,c18-c25,stitch,50,36,6978,446592,0.21605052944454764,0.5
7,49,remote_balanced,S,c24-c25,stitch,50,48,271,17344,0.008390612421821785,0.5
7,49,remote_balanced,S,hb-25,hb,50,51,258,16512,0.007988110718929966,0.5
7,49,remote_balanced,S,c25-c26,stitch,50,52,256,16384,0.007926187380023531,0.5
7,49,remote_balanced,S,c25-c32,stitch,50,64,6921,442944,0.21428571428571427,0.5
7,49,remote_balanced,S,hb-25,hb,51,50,2049,131136,0.06344046070964146,0.5
7,49,remote_balanced,S,c19-c26,stitch,52,38,6975,446400,0.215957644436188,0.5
7,49,remote_balanced,S,c25-c26,stitch,52,50,263,16832,0.008142919066196049,0.5
7,49,remote_balanced,S,hb-26,hb,52,53,258,16512,0.007988110718929966,0.5
7,49,remote_balanced,S,c26-c27,stitch,52,54,256,16384,0.007926187380023531,0.5
7,49,remote_balanced,S,c26-c33,stitch,52,66,6921,442944,0.21428571428571427,0.5
7,49,remote_balanced,S,hb-26,hb,53,52,2049,131136,0.06344046070964146,0.5
7,49,remote_balanced,S,c20-c27,stitch,54,40,6960,445440,0.21549321939438976,0.5
7,49,remote_balanced,S,c26-c27,stitch,54,52,258,16512,0.007988110718929966,0.5
7,49,remote_balanced,S,hb-27,hb,54,55,258,16512,0.007988110718929966,0.5
7,49,remote_balanced,S,c27-c34,stitch,54,68,7177,459328,0.22221190166573782,0.5
7,49,remote_balanced,S,hb-27,hb,55,54,2049,131136,0.06344046070964146,0.5
7,49,remote_balanced,S,c21-c28,stitch,56,42,6929,443456,0.21453340764134002,0.5
7,49,remote_balanced,S,hb-28,hb,56,57,258,16512,0.007988110718929966,0.5
7,49,remote_balanced,S,c28-c29,stitch,56,58,256,16384,0.007926187380023531,0.5
7,49,remote_balanced,S,c28-c35,stitch,56,70,4614,295296,0.14285714285714285,0.5
7,49,remote_balanced,S,hb-28,hb,57,56,2049,131136,0.06344046070964146,0.5
7,49,remote_balanced,S,c22-c29,stitch,58,44,6928,443392,0.2145024459718868,0.5
7,49,remote_balanced,S,c28-c29,stitch,58,56,264,16896,0.008173880735649267,0.5
7,49,remote_balanced,S,hb-29,hb,58,59,258,16512,0.007988110718929966,0.40234375
7,49,remote_balanced,S,c29-c30,stitch,58,60,256,16384,0.007926187380023531,0.5
7,49,remote_balanced,S,c29-c36,stitch,58,72,4614,295296,0.14285714285714285,0.5
7,49,remote_balanced,S,hb-29,hb,59,58,2049,131136,0.06344046070964146,0.5
7,49,remote_balanced,S,c23-c30,stitch,60,46,6944,444416,0.21499783268313827,0.5
7,49,remote_balanced,S,c29-c30,stitch,60,58,263,16832,0.008142919066196049,0.5
7,49,remote_balanced,S,hb-30,hb,60,61,258,16512,0.007988110718929966,0.5
7,49,remote_balanced,S,c30-c31,stitch,60,62,256,16384,0.007926187380023531,0.5
7,49,remote_balanced,S,c30-c37,stitch,60,74,4614,295296,0.14285714285714285,0.5
7,49,remote_balanced,S,hb-30,hb,61,60,2049,131136,0.06344046070964146,0.5
7,49,remote_balanced,S,c24-c31,stitch,62,48,6974,446336,0.2159266827667348,0.5
7,49,remote_balanced,S,c30-c31,stitch,62,60,269,17216,0.00832868908291535,0.5
7,49,remote_balanced,S,hb-31,hb,62,63,258,16512,0.007988110718929966,0.5
7,49,remote_balanced,S,c31-c32,stitch,62,64,256,16384,0.007926187380023531,0.5
7,49,remote_balanced,S,c31-c38,stitch,62,76,4614,295296,0.14285714285714285,0.5
7,49,remote_balanced,S,hb-31,hb,63,62,2049,131136,0.06344046070964146,0.5
7,49,remote_balanced,S,c25-c32,stitch,64,50,6986,447104,0.21629822280017338,0.5
7,49,remote_balanced,S,c31-c32,stitch,64,62,285,18240,0.008824075794166822,0.5
7,49,remote_balanced,S,hb-32,hb,64,65,258,16512,0.007988110718929966,0.5
7,49,remote_balanced,S,c32-c33,stitch,64,66,256,16384,0.007926187380023531,0.5
7,49,remote_balanced,S,c32-c39,stitch,64,78,4614,295296,0.14285714285714285,0.5
7,49,remote_balanced,S,hb-32,hb,65,64,2049,131136,0.06344046070964146,0.5
7,49,remote_balanced,S,c26-c33,stitch,66,52,6980,446720,0.2161124527834541,0.5
7,49,remote_balanced,S,c32-c33,stitch,66,64,290,18560,0.008978884141432907,0.5
7,49,remote_balanced,S,hb-33,hb,66,67,258,16512,0.007988110718929966,0.5
7,49,remote_balanced,S,c33-c34,stitch,66,68,256,16384,0.007926187380023531,0.5
7,49,remote_balanced,S,c33-c40,stitch,66,80,4614,295296,0.14285714285714285,0.5
7,49,remote_balanced,S,hb-33,hb,67,66,2049,131136,0.06344046070964146,0.5
7,49,remote_balanced,S,c27-c34,stitch,68,54,6962,445568,0.21555514273329618,0.5
7,49,remote_balanced,S,c33-c34,stitch,68,66,281,17984,0.008700229116353955,0.5
7,49,remote_balanced,S,hb-34,hb,68,69,258,16512,0.007988110718929966,0.5
7,49,remote_balanced,S,c34-c41,stitch,68,82,4870,311680,0.1507833302371664,0.5
7,49,remote_balanced,S,hb-34,hb,69,68,2049,131136,0.06344046070964146,0.5
7,49,remote_balanced,S,c28-c35,stitch,70,56,4614,295296,0.14285714285714285,0.5
7,49,remote_balanced,S,hb-35,hb,70,71,258,16512,0.007988110718929966,0.5
7,49,remote_balanced,S,c35-c36,stitch,70,72,256,16384,0.007926187380023531,0.5
7,49,remote_balanced,S,c35-c42,stitch,70,84,2307,147648,0.07142857142857142,0.5
7,49,remote_balanced,S,hb-35,hb,71,70,2049,131136,0.06344046070964146,0.34765625
7,49,remote_balanced,S,c29-c36,stitch,72,58,4622,295808,0.1431048362127686,0.5
7,49,remote_balanced,S,c35-c36,stitch,72,70,256,16384,0.007926187380023531,0.5
7,49,remote_balanced,S,hb-36,hb,72,73,258,16512,0.007988110718929966,0.5
7,49,remote_balanced,S,c36-c37,stitch,72,74,256,16384,0.007926187380023531,0.5
7,49,remote_balanced,S,c36-c43,stitch,72,86,2307,147648,0.07142857142857142,0.5
7,49,remote_balanced,S,hb-36,hb,73,72,2049,131136,0.06344046070964146,0.25
7,49,remote_balanced,S,c30-c37,stitch,74,60,4631,296384,0.14338349123784755,0.5
7,49,remote_balanced,S,c36-c37,stitch,74,72,264,16896,0.008173880735649267,0.5
7,49,remote_balanced,S,hb-37,hb,74,75,258,16512,0.007988110718929966,0.5
7,49,remote_balanced,S,c37-c38,stitch,74,76,256,16384,0.007926187380023531,0.5
7,49,remote_balanced,S,c37-c44,stitch,74,88,2307,147648,0.07142857142857142,0.5
7,49,remote_balanced,S,hb-37,hb,75,74,2049,131136,0.06344046070964146,0.25
7,49,remote_balanced,S,c31-c38,stitch,76,62,4651,297664,0.14400272462691188,0.5
7,49,remote_balanced,S,c37-c38,stitch,76,74,281,17984,0.008700229116353955,0.5
7,49,remote_balanced,S,hb-38,hb,76,77,258,16512,0.007988110718929966,0.5
7,49,remote_balanced,S,c38-c39,stitch,76,78,256,16384,0.007926187380023531,0.5
7,49,remote_balanced,S,c38-c45,stitch,76,90,2307,147648,0.07142857142857142,0.5
7,49,remote_balanced,S,hb-38,hb,77,76,2049,131136,0.06344046070964146,0.25
7,49,remote_balanced,S,c32-c39,stitch,78,64,4674,299136,0.14471484302433588,0.5
7,49,remote_balanced,S,c38-c39,stitch,78,76,291,18624,0.009009845810886123,0.5
7,49,remote_balanced,S,hb-39,hb,78,79,258,16512,0.007988110718929966,0.5
7,49,remote_balanced,S,c39-c40,stitch,78,80,256,16384,0.007926187380023531,0.5
7,49,remote_balanced,S,c39-c46,stitch,78,92,2307,147648,0.07142857142857142,0.5
7,49,remote_balanced,S,hb-39,hb,79,78,2049,131136,0.06344046070964146,0.25
7,49,remote_balanced,S,c33-c40,stitch,80,66,4682,299648,0.14496253637996162,0.5
7,49,remote_balanced,S,c39-c40,stitch,80,78,315,20160,0.00975292587776333,0.5
7,49,remote_balanced,S,hb-40,hb,80,81,258,16512,0.007988110718929966,0.5
7,49,remote_balanced,S,c40-c41,stitch,80,82,256,16384,0.007926187380023531,0.5
7,49,remote_balanced,S,c40-c47,stitch,80,94,2307,147648,0.07142857142857142,0.5
7,49,remote_balanced,S,hb-40,hb,81,80,2049,131136,0.06344046070964146,0.25
7,49,remote_balanced,S,c34-c41,stitch,82,68,4680,299520,0.14490061304105517,0.5
7,49,remote_balanced,S,c40-c41,stitch,82,80,317,20288,0.009814849216669762,0.5
7,49,remote_balanced,S,hb-41,hb,82,83,258,16512,0.007988110718929966,0.5
7,49,remote_balanced,S,c41-c48,stitch,82,96,2563,164032,0.07935475880859497,0.5
7,49,remote_balanced,S,hb-41,hb,83,82,2049,131136,0.06344046070964146,0.25
7,49,remote_balanced,S,c35-c42,stitch,84,70,2307,147648,0.07142857142857142,0.5
7,49,remote_balanced,S,hb-42,hb,84,85,258,16512,0.007988110718929966,0.5
7,49,remote_balanced,S,c42-c43,stitch,84,86,256,16384,0.007926187380023531,0.5
7,49,remote_balanced,S,hb-42,hb,85,84,2049,131136,0.06344046070964146,0.5
7,49,remote_balanced,S,c36-c43,stitch,86,72,2307,147648,0.07142857142857142,0.484375
7,49,remote_balanced,S,c42-c43,stitch,86,84,256,16384,0.007926187380023531,0.5
7,49,remote_balanced,S,hb-43,hb,86,87,258,16512,0.007988110718929966,0.5
7,49,remote_balanced,S,c43-c44,stitch,86,88,256,16384,0.007926187380023531,0.5
7,49,remote_balanced,S,hb-43,hb,87,86,2049,131136,0.06344046070964146,0.5
7,49,remote_balanced,S,c37-c44,stitch,88,74,2307,147648,0.07142857142857142,0.5
7,49,remote_balanced,S,c43-c44,stitch,88,86,256,16384,0.007926187380023531,0.5
7,49,remote_balanced,S,hb-44,hb,88,89,258,16512,0.007988110718929966,0.5
7,49,remote_balanced,S,c44-c45,stitch,88,90,256,16384,0.007926187380023531,0.5
7,49,remote_balanced,S,hb-44,hb,89,88,2049,131136,0.06344046070964146,0.2734375
7,49,remote_balanced,S,c38-c45,stitch,90,76,2334,149376,0.07226453650380829,0.5
7,49,remote_balanced,S,c44-c45,stitch,90,88,256,16384,0.007926187380023531,0.5
7,49,remote_balanced,S,hb-45,hb,90,91,258,16512,0.007988110718929966,0.5
7,49,remote_balanced,S,c45-c46,stitch,90,92,256,16384,0.007926187380023531,0.5
7,49,remote_balanced,S,hb-45,hb,91,90,2049,131136,0.06344046070964146,0.2734375
7,49,remote_balanced,S,c39-c46,stitch,92,78,2343,149952,0.07254319152888723,0.5
7,49,remote_balanced,S,c45-c46,stitch,92,90,283,18112,0.008762152455260387,0.5
7,49,remote_balanced,S,hb-46,hb,92,93,258,16512,0.007988110718929966,0.5
7,49,remote_balanced,S,c46-c47,stitch,92,94,256,16384,0.007926187380023531,0.5
7,49,remote_balanced,S,hb-46,hb,93,92,2049,131136,0.06344046070964146,0.2734375
7,49,remote_balanced,S,c40-c47,stitch,94,80,2373,151872,0.07347204161248375,0.5
7,49,remote_balanced,S,c46-c47,stitch,94,92,319,20416,0.009876772555576197,0.5
7,49,remote_balanced,S,hb-47,hb,94,95,258,16512,0.007988110718929966,0.5
7,49,remote_balanced,S,c47-c48,stitch,94,96,256,16384,0.007926187380023531,0.5
7,49,remote_balanced,S,hb-47,hb,95,94,2049,131136,0.06344046070964146,0.2734375
7,49,remote_balanced,S,c41-c48,stitch,96,82,2434,155776,0.07536070344912997,0.5
7,49,remote_balanced,S,c47-c48,stitch,96,94,385,24640,0.011920242739488513,0.5
7,49,remote_balanced,S,hb-48,hb,96,97,258,16512,0.007988110718929966,0.5
7,49,remote_balanced,S,hb-48,hb,97,96,2049,131136,0.06344046070964146,0.2734375
7,49,remote_balanced,S,edge-io,io,98,0,256,16384,0.007926187380023531,0.5
