side,workers,layout,model,resource,kind,busy_cycles,queue_wait_cycles,requests,busy_fraction
4,16,local,U0,c0,compute,4096,0,2,0.2737418966784736
4,16,local,U0,c1,compute,4096,0,2,0.2737418966784736
4,16,local,U0,c10,compute,4096,0,2,0.2737418966784736
4,16,local,U0,c11,compute,4096,0,2,0.2737418966784736
4,16,local,U0,c12,compute,4096,0,2,0.2737418966784736
4,16,local,U0,c13,compute,4096,0,2,0.2737418966784736
4,16,local,U0,c14,compute,4096,0,2,0.2737418966784736
4,16,local,U0,c15,compute,4096,0,2,0.2737418966784736
4,16,local,U0,c2,compute,4096,0,2,0.2737418966784736
4,16,local,U0,c3,compute,4096,0,2,0.2737418966784736
4,16,local,U0,c4,compute,4096,0,2,0.2737418966784736
4,16,local,U0,c5,compute,4096,0,2,0.2737418966784736
4,16,local,U0,c6,compute,4096,0,2,0.2737418966784736
4,16,local,U0,c7,compute,4096,0,2,0.2737418966784736
4,16,local,U0,c8,compute,4096,0,2,0.2737418966784736
4,16,local,U0,c9,compute,4096,0,2,0.2737418966784736
4,16,local,U0,host-controller/channel,controller_channel,256,0,1,0.0171088685424046
4,16,local,U0,host-controller/command,controller_command,8,0,1,0.0005346521419501437
4,16,local,U0,host-memory/port,external,512,0,1,0.0342177370848092
4,16,local,U0,sram-0/port,sram,6144,145,10,0.41061284501771034
4,16,local,U0,sram-1/port,sram,5888,0,9,0.3935039764753058
4,16,local,U0,sram-10/port,sram,5888,0,9,0.3935039764753058
4,16,local,U0,sram-11/port,sram,5888,0,9,0.3935039764753058
4,16,local,U0,sram-12/port,sram,5888,0,9,0.3935039764753058
4,16,local,U0,sram-13/port,sram,5888,0,9,0.3935039764753058
4,16,local,U0,sram-14/port,sram,5888,0,9,0.3935039764753058
4,16,local,U0,sram-15/port,sram,5888,0,9,0.3935039764753058
4,16,local,U0,sram-2/port,sram,5888,0,9,0.3935039764753058
4,16,local,U0,sram-3/port,sram,5888,0,9,0.3935039764753058
4,16,local,U0,sram-4/port,sram,5888,0,9,0.3935039764753058
4,16,local,U0,sram-5/port,sram,5888,0,9,0.3935039764753058
4,16,local,U0,sram-6/port,sram,5888,0,9,0.3935039764753058
4,16,local,U0,sram-7/port,sram,5888,0,9,0.3935039764753058
4,16,local,U0,sram-8/port,sram,5888,0,9,0.3935039764753058
4,16,local,U0,sram-9/port,sram,5888,0,9,0.3935039764753058
4,16,local,U0,uniform/bank,bank,2304,7173,48,0.1539798168816414
4,16,local,U0,uniform/channel,controller_channel,2304,0,48,0.1539798168816414
4,16,local,U0,uniform/command,controller_command,48,106,48,0.003207912851700862
4,16,local,U1,c0,compute,4096,0,2,0.1896647527319874
4,16,local,U1,c1,compute,4096,0,2,0.1896647527319874
4,16,local,U1,c10,compute,4096,0,2,0.1896647527319874
4,16,local,U1,c11,compute,4096,0,2,0.1896647527319874
4,16,local,U1,c12,compute,4096,0,2,0.1896647527319874
4,16,local,U1,c13,compute,4096,0,2,0.1896647527319874
4,16,local,U1,c14,compute,4096,0,2,0.1896647527319874
4,16,local,U1,c15,compute,4096,0,2,0.1896647527319874
4,16,local,U1,c2,compute,4096,0,2,0.1896647527319874
4,16,local,U1,c3,compute,4096,0,2,0.1896647527319874
4,16,local,U1,c4,compute,4096,0,2,0.1896647527319874
4,16,local,U1,c5,compute,4096,0,2,0.1896647527319874
4,16,local,U1,c6,compute,4096,0,2,0.1896647527319874
4,16,local,U1,c7,compute,4096,0,2,0.1896647527319874
4,16,local,U1,c8,compute,4096,0,2,0.1896647527319874
4,16,local,U1,c9,compute,4096,0,2,0.1896647527319874
4,16,local,U1,controller-0/channel,controller_channel,2304,0,3,0.10668642341174292
4,16,local,U1,controller-0/command,controller_command,12,0,3,0.0005556584552694943
4,16,local,U1,controller-1/channel,controller_channel,2304,0,3,0.10668642341174292
4,16,local,U1,controller-1/command,controller_command,12,0,3,0.0005556584552694943
4,16,local,U1,controller-10/channel,controller_channel,2304,0,3,0.10668642341174292
4,16,local,U1,controller-10/command,controller_command,12,0,3,0.0005556584552694943
4,16,local,U1,controller-11/channel,controller_channel,2304,0,3,0.10668642341174292
4,16,local,U1,controller-11/command,controller_command,12,0,3,0.0005556584552694943
4,16,local,U1,controller-12/channel,controller_channel,2304,0,3,0.10668642341174292
4,16,local,U1,controller-12/command,controller_command,12,0,3,0.0005556584552694943
4,16,local,U1,controller-13/channel,controller_channel,2304,0,3,0.10668642341174292
4,16,local,U1,controller-13/command,controller_command,12,0,3,0.0005556584552694943
4,16,local,U1,controller-14/channel,controller_channel,2304,0,3,0.10668642341174292
4,16,local,U1,controller-14/command,controller_command,12,0,3,0.0005556584552694943
4,16,local,U1,controller-15/channel,controller_channel,2304,0,3,0.10668642341174292
4,16,local,U1,controller-15/command,controller_command,12,0,3,0.0005556584552694943
4,16,local,U1,controller-2/channel,controller_channel,2304,0,3,0.10668642341174292
4,16,local,U1,controller-2/command,controller_command,12,0,3,0.0005556584552694943
4,16,local,U1,controller-3/channel,controller_channel,2304,0,3,0.10668642341174292
4,16,local,U1,controller-3/command,controller_command,12,0,3,0.0005556584552694943
4,16,local,U1,controller-4/channel,controller_channel,2304,0,3,0.10668642341174292
4,16,local,U1,controller-4/command,controller_command,12,0,3,0.0005556584552694943
4,16,local,U1,controller-5/channel,controller_channel,2304,0,3,0.10668642341174292
4,16,local,U1,controller-5/command,controller_command,12,0,3,0.0005556584552694943
4,16,local,U1,controller-6/channel,controller_channel,2304,0,3,0.10668642341174292
4,16,local,U1,controller-6/command,controller_command,12,0,3,0.0005556584552694943
4,16,local,U1,controller-7/channel,controller_channel,2304,0,3,0.10668642341174292
4,16,local,U1,controller-7/command,controller_command,12,0,3,0.0005556584552694943
4,16,local,U1,controller-8/channel,controller_channel,2304,0,3,0.10668642341174292
4,16,local,U1,controller-8/command,controller_command,12,0,3,0.0005556584552694943
4,16,local,U1,controller-9/channel,controller_channel,2304,0,3,0.10668642341174292
4,16,local,U1,controller-9/command,controller_command,12,0,3,0.0005556584552694943
4,16,local,U1,dram-0-0/port,bank,2560,0,2,0.11854047045749212
4,16,local,U1,dram-0-1/port,bank,2048,0,1,0.0948323763659937
4,16,local,U1,dram-1-0/port,bank,2560,0,2,0.11854047045749212
4,16,local,U1,dram-1-1/port,bank,2048,0,1,0.0948323763659937
4,16,local,U1,dram-10-0/port,bank,2560,0,2,0.11854047045749212
4,16,local,U1,dram-10-1/port,bank,2048,0,1,0.0948323763659937
4,16,local,U1,dram-11-0/port,bank,2560,0,2,0.11854047045749212
4,16,local,U1,dram-11-1/port,bank,2048,0,1,0.0948323763659937
4,16,local,U1,dram-12-0/port,bank,2560,0,2,0.11854047045749212
4,16,local,U1,dram-12-1/port,bank,2048,0,1,0.0948323763659937
4,16,local,U1,dram-13-0/port,bank,2560,0,2,0.11854047045749212
4,16,local,U1,dram-13-1/port,bank,2048,0,1,0.0948323763659937
4,16,local,U1,dram-14-0/port,bank,2560,0,2,0.11854047045749212
4,16,local,U1,dram-14-1/port,bank,2048,0,1,0.0948323763659937
4,16,local,U1,dram-15-0/port,bank,2560,0,2,0.11854047045749212
4,16,local,U1,dram-15-1/port,bank,2048,0,1,0.0948323763659937
4,16,local,U1,dram-2-0/port,bank,2560,0,2,0.11854047045749212
4,16,local,U1,dram-2-1/port,bank,2048,0,1,0.0948323763659937
4,16,local,U1,dram-3-0/port,bank,2560,0,2,0.11854047045749212
4,16,local,U1,dram-3-1/port,bank,2048,0,1,0.0948323763659937
4,16,local,U1,dram-4-0/port,bank,2560,0,2,0.11854047045749212
4,16,local,U1,dram-4-1/port,bank,2048,0,1,0.0948323763659937
4,16,local,U1,dram-5-0/port,bank,2560,0,2,0.11854047045749212
4,16,local,U1,dram-5-1/port,bank,2048,0,1,0.0948323763659937
4,16,local,U1,dram-6-0/port,bank,2560,0,2,0.11854047045749212
4,16,local,U1,dram-6-1/port,bank,2048,0,1,0.0948323763659937
4,16,local,U1,dram-7-0/port,bank,2560,0,2,0.11854047045749212
4,16,local,U1,dram-7-1/port,bank,2048,0,1,0.0948323763659937
4,16,local,U1,dram-8-0/port,bank,2560,0,2,0.11854047045749212
4,16,local,U1,dram-8-1/port,bank,2048,0,1,0.0948323763659937
4,16,local,U1,dram-9-0/port,bank,2560,0,2,0.11854047045749212
4,16,local,U1,dram-9-1/port,bank,2048,0,1,0.0948323763659937
4,16,local,U1,host-controller/channel,controller_channel,256,0,1,0.011854047045749213
4,16,local,U1,host-controller/command,controller_command,8,0,1,0.0003704389701796629
4,16,local,U1,host-memory/port,external,512,0,1,0.023708094091498426
4,16,local,U1,sram-0/port,sram,6144,0,10,0.2844971290979811
4,16,local,U1,sram-1/port,sram,5888,0,9,0.2726430820522319
4,16,local,U1,sram-10/port,sram,5888,0,9,0.2726430820522319
4,16,local,U1,sram-11/port,sram,5888,0,9,0.2726430820522319
4,16,local,U1,sram-12/port,sram,5888,0,9,0.2726430820522319
4,16,local,U1,sram-13/port,sram,5888,0,9,0.2726430820522319
4,16,local,U1,sram-14/port,sram,5888,0,9,0.2726430820522319
4,16,local,U1,sram-15/port,sram,5888,0,9,0.2726430820522319
4,16,local,U1,sram-2/port,sram,5888,0,9,0.2726430820522319
4,16,local,U1,sram-3/port,sram,5888,0,9,0.2726430820522319
4,16,local,U1,sram-4/port,sram,5888,0,9,0.2726430820522319
4,16,local,U1,sram-5/port,sram,5888,0,9,0.2726430820522319
4,16,local,U1,sram-6/port,sram,5888,0,9,0.2726430820522319
4,16,local,U1,sram-7/port,sram,5888,0,9,0.2726430820522319
4,16,local,U1,sram-8/port,sram,5888,0,9,0.2726430820522319
4,16,local,U1,sram-9/port,sram,5888,0,9,0.2726430820522319
4,16,local,S,c0,compute,4096,0,2,0.17135924360958876
4,16,local,S,c1,compute,4096,0,2,0.17135924360958876
4,16,local,S,c10,compute,4096,0,2,0.17135924360958876
4,16,local,S,c11,compute,4096,0,2,0.17135924360958876
4,16,local,S,c12,compute,4096,0,2,0.17135924360958876
4,16,local,S,c13,compute,4096,0,2,0.17135924360958876
4,16,local,S,c14,compute,4096,0,2,0.17135924360958876
4,16,local,S,c15,compute,4096,0,2,0.17135924360958876
4,16,local,S,c2,compute,4096,0,2,0.17135924360958876
4,16,local,S,c3,compute,4096,0,2,0.17135924360958876
4,16,local,S,c4,compute,4096,0,2,0.17135924360958876
4,16,local,S,c5,compute,4096,0,2,0.17135924360958876
4,16,local,S,c6,compute,4096,0,2,0.17135924360958876
4,16,local,S,c7,compute,4096,0,2,0.17135924360958876
4,16,local,S,c8,compute,4096,0,2,0.17135924360958876
4,16,local,S,c9,compute,4096,0,2,0.17135924360958876
4,16,local,S,controller-0/channel,controller_channel,2304,0,3,0.09638957453039368
4,16,local,S,controller-0/command,controller_command,12,0,3,0.0005020290340124671
4,16,local,S,controller-1/channel,controller_channel,2304,0,3,0.09638957453039368
4,16,local,S,controller-1/command,controller_command,12,0,3,0.0005020290340124671
4,16,local,S,controller-10/channel,controller_channel,2304,0,3,0.09638957453039368
4,16,local,S,controller-10/command,controller_command,12,0,3,0.0005020290340124671
4,16,local,S,controller-11/channel,controller_channel,2304,0,3,0.09638957453039368
4,16,local,S,controller-11/command,controller_command,12,0,3,0.0005020290340124671
4,16,local,S,controller-12/channel,controller_channel,2304,0,3,0.09638957453039368
4,16,local,S,controller-12/command,controller_command,12,0,3,0.0005020290340124671
4,16,local,S,controller-13/channel,controller_channel,2304,0,3,0.09638957453039368
4,16,local,S,controller-13/command,controller_command,12,0,3,0.0005020290340124671
4,16,local,S,controller-14/channel,controller_channel,2304,0,3,0.09638957453039368
4,16,local,S,controller-14/command,controller_command,12,0,3,0.0005020290340124671
4,16,local,S,controller-15/channel,controller_channel,2304,0,3,0.09638957453039368
4,16,local,S,controller-15/command,controller_command,12,0,3,0.0005020290340124671
4,16,local,S,controller-2/channel,controller_channel,2304,0,3,0.09638957453039368
4,16,local,S,controller-2/command,controller_command,12,0,3,0.0005020290340124671
4,16,local,S,controller-3/channel,controller_channel,2304,0,3,0.09638957453039368
4,16,local,S,controller-3/command,controller_command,12,0,3,0.0005020290340124671
4,16,local,S,controller-4/channel,controller_channel,2304,0,3,0.09638957453039368
4,16,local,S,controller-4/command,controller_command,12,0,3,0.0005020290340124671
4,16,local,S,controller-5/channel,controller_channel,2304,0,3,0.09638957453039368
4,16,local,S,controller-5/command,controller_command,12,0,3,0.0005020290340124671
4,16,local,S,controller-6/channel,controller_channel,2304,0,3,0.09638957453039368
4,16,local,S,controller-6/command,controller_command,12,0,3,0.0005020290340124671
4,16,local,S,controller-7/channel,controller_channel,2304,0,3,0.09638957453039368
4,16,local,S,controller-7/command,controller_command,12,0,3,0.0005020290340124671
4,16,local,S,controller-8/channel,controller_channel,2304,0,3,0.09638957453039368
4,16,local,S,controller-8/command,controller_command,12,0,3,0.0005020290340124671
4,16,local,S,controller-9/channel,controller_channel,2304,0,3,0.09638957453039368
4,16,local,S,controller-9/command,controller_command,12,0,3,0.0005020290340124671
4,16,local,S,dram-0-0/port,bank,2560,0,2,0.10709952725599298
4,16,local,S,dram-0-1/port,bank,2048,0,1,0.08567962180479438
4,16,local,S,dram-1-0/port,bank,2560,0,2,0.10709952725599298
4,16,local,S,dram-1-1/port,bank,2048,0,1,0.08567962180479438
4,16,local,S,dram-10-0/port,bank,2560,0,2,0.10709952725599298
4,16,local,S,dram-10-1/port,bank,2048,0,1,0.08567962180479438
4,16,local,S,dram-11-0/port,bank,2560,0,2,0.10709952725599298
4,16,local,S,dram-11-1/port,bank,2048,0,1,0.08567962180479438
4,16,local,S,dram-12-0/port,bank,2560,0,2,0.10709952725599298
4,16,local,S,dram-12-1/port,bank,2048,0,1,0.08567962180479438
4,16,local,S,dram-13-0/port,bank,2560,0,2,0.10709952725599298
4,16,local,S,dram-13-1/port,bank,2048,0,1,0.08567962180479438
4,16,local,S,dram-14-0/port,bank,2560,0,2,0.10709952725599298
4,16,local,S,dram-14-1/port,bank,2048,0,1,0.08567962180479438
4,16,local,S,dram-15-0/port,bank,2560,0,2,0.10709952725599298
4,16,local,S,dram-15-1/port,bank,2048,0,1,0.08567962180479438
4,16,local,S,dram-2-0/port,bank,2560,0,2,0.10709952725599298
4,16,local,S,dram-2-1/port,bank,2048,0,1,0.08567962180479438
4,16,local,S,dram-3-0/port,bank,2560,0,2,0.10709952725599298
4,16,local,S,dram-3-1/port,bank,2048,0,1,0.08567962180479438
4,16,local,S,dram-4-0/port,bank,2560,0,2,0.10709952725599298
4,16,local,S,dram-4-1/port,bank,2048,0,1,0.08567962180479438
4,16,local,S,dram-5-0/port,bank,2560,0,2,0.10709952725599298
4,16,local,S,dram-5-1/port,bank,2048,0,1,0.08567962180479438
4,16,local,S,dram-6-0/port,bank,2560,0,2,0.10709952725599298
4,16,local,S,dram-6-1/port,bank,2048,0,1,0.08567962180479438
4,16,local,S,dram-7-0/port,bank,2560,0,2,0.10709952725599298
4,16,local,S,dram-7-1/port,bank,2048,0,1,0.08567962180479438
4,16,local,S,dram-8-0/port,bank,2560,0,2,0.10709952725599298
4,16,local,S,dram-8-1/port,bank,2048,0,1,0.08567962180479438
4,16,local,S,dram-9-0/port,bank,2560,0,2,0.10709952725599298
4,16,local,S,dram-9-1/port,bank,2048,0,1,0.08567962180479438
4,16,local,S,host-controller/channel,controller_channel,256,0,1,0.010709952725599298
4,16,local,S,host-controller/command,controller_command,8,0,1,0.00033468602267497805
4,16,local,S,host-memory/port,external,512,0,1,0.021419905451198595
4,16,local,S,sram-0/port,sram,6144,0,10,0.25703886541438314
4,16,local,S,sram-1/port,sram,5888,0,9,0.24632891268878385
4,16,local,S,sram-10/port,sram,5888,0,9,0.24632891268878385
4,16,local,S,sram-11/port,sram,5888,0,9,0.24632891268878385
4,16,local,S,sram-12/port,sram,5888,0,9,0.24632891268878385
4,16,local,S,sram-13/port,sram,5888,0,9,0.24632891268878385
4,16,local,S,sram-14/port,sram,5888,0,9,0.24632891268878385
4,16,local,S,sram-15/port,sram,5888,0,9,0.24632891268878385
4,16,local,S,sram-2/port,sram,5888,0,9,0.24632891268878385
4,16,local,S,sram-3/port,sram,5888,0,9,0.24632891268878385
4,16,local,S,sram-4/port,sram,5888,0,9,0.24632891268878385
4,16,local,S,sram-5/port,sram,5888,0,9,0.24632891268878385
4,16,local,S,sram-6/port,sram,5888,0,9,0.24632891268878385
4,16,local,S,sram-7/port,sram,5888,0,9,0.24632891268878385
4,16,local,S,sram-8/port,sram,5888,0,9,0.24632891268878385
4,16,local,S,sram-9/port,sram,5888,0,9,0.24632891268878385
4,16,clustered_local,U0,c0,compute,4096,0,2,0.2737418966784736
4,16,clustered_local,U0,c1,compute,4096,0,2,0.2737418966784736
4,16,clustered_local,U0,c10,compute,4096,0,2,0.2737418966784736
4,16,clustered_local,U0,c11,compute,4096,0,2,0.2737418966784736
4,16,clustered_local,U0,c12,compute,4096,0,2,0.2737418966784736
4,16,clustered_local,U0,c13,compute,4096,0,2,0.2737418966784736
4,16,clustered_local,U0,c14,compute,4096,0,2,0.2737418966784736
4,16,clustered_local,U0,c15,compute,4096,0,2,0.2737418966784736
4,16,clustered_local,U0,c2,compute,4096,0,2,0.2737418966784736
4,16,clustered_local,U0,c3,compute,4096,0,2,0.2737418966784736
4,16,clustered_local,U0,c4,compute,4096,0,2,0.2737418966784736
4,16,clustered_local,U0,c5,compute,4096,0,2,0.2737418966784736
4,16,clustered_local,U0,c6,compute,4096,0,2,0.2737418966784736
4,16,clustered_local,U0,c7,compute,4096,0,2,0.2737418966784736
4,16,clustered_local,U0,c8,compute,4096,0,2,0.2737418966784736
4,16,clustered_local,U0,c9,compute,4096,0,2,0.2737418966784736
4,16,clustered_local,U0,host-controller/channel,controller_channel,256,0,1,0.0171088685424046
4,16,clustered_local,U0,host-controller/command,controller_command,8,0,1,0.0005346521419501437
4,16,clustered_local,U0,host-memory/port,external,512,0,1,0.0342177370848092
4,16,clustered_local,U0,sram-0/port,sram,6144,145,10,0.41061284501771034
4,16,clustered_local,U0,sram-1/port,sram,5888,0,9,0.3935039764753058
4,16,clustered_local,U0,sram-10/port,sram,5888,0,9,0.3935039764753058
4,16,clustered_local,U0,sram-11/port,sram,5888,0,9,0.3935039764753058
4,16,clustered_local,U0,sram-12/port,sram,5888,0,9,0.3935039764753058
4,16,clustered_local,U0,sram-13/port,sram,5888,0,9,0.3935039764753058
4,16,clustered_local,U0,sram-14/port,sram,5888,0,9,0.3935039764753058
4,16,clustered_local,U0,sram-15/port,sram,5888,0,9,0.3935039764753058
4,16,clustered_local,U0,sram-2/port,sram,5888,0,9,0.3935039764753058
4,16,clustered_local,U0,sram-3/port,sram,5888,0,9,0.3935039764753058
4,16,clustered_local,U0,sram-4/port,sram,5888,0,9,0.3935039764753058
4,16,clustered_local,U0,sram-5/port,sram,5888,0,9,0.3935039764753058
4,16,clustered_local,U0,sram-6/port,sram,5888,0,9,0.3935039764753058
4,16,clustered_local,U0,sram-7/port,sram,5888,0,9,0.3935039764753058
4,16,clustered_local,U0,sram-8/port,sram,5888,0,9,0.3935039764753058
4,16,clustered_local,U0,sram-9/port,sram,5888,0,9,0.3935039764753058
4,16,clustered_local,U0,uniform/bank,bank,2304,7173,48,0.1539798168816414
4,16,clustered_local,U0,uniform/channel,controller_channel,2304,0,48,0.1539798168816414
4,16,clustered_local,U0,uniform/command,controller_command,48,106,48,0.003207912851700862
4,16,clustered_local,U1,c0,compute,4096,0,2,0.14575475055156217
4,16,clustered_local,U1,c1,compute,4096,0,2,0.14575475055156217
4,16,clustered_local,U1,c10,compute,4096,0,2,0.14575475055156217
4,16,clustered_local,U1,c11,compute,4096,0,2,0.14575475055156217
4,16,clustered_local,U1,c12,compute,4096,0,2,0.14575475055156217
4,16,clustered_local,U1,c13,compute,4096,0,2,0.14575475055156217
4,16,clustered_local,U1,c14,compute,4096,0,2,0.14575475055156217
4,16,clustered_local,U1,c15,compute,4096,0,2,0.14575475055156217
4,16,clustered_local,U1,c2,compute,4096,0,2,0.14575475055156217
4,16,clustered_local,U1,c3,compute,4096,0,2,0.14575475055156217
4,16,clustered_local,U1,c4,compute,4096,0,2,0.14575475055156217
4,16,clustered_local,U1,c5,compute,4096,0,2,0.14575475055156217
4,16,clustered_local,U1,c6,compute,4096,0,2,0.14575475055156217
4,16,clustered_local,U1,c7,compute,4096,0,2,0.14575475055156217
4,16,clustered_local,U1,c8,compute,4096,0,2,0.14575475055156217
4,16,clustered_local,U1,c9,compute,4096,0,2,0.14575475055156217
4,16,clustered_local,U1,controller-0/channel,controller_channel,9216,0,12,0.3279481887410149
4,16,clustered_local,U1,controller-0/command,controller_command,48,12,12,0.0017080634830261192
4,16,clustered_local,U1,controller-10/channel,controller_channel,9216,0,12,0.3279481887410149
4,16,clustered_local,U1,controller-10/command,controller_command,48,24,12,0.0017080634830261192
4,16,clustered_local,U1,controller-2/channel,controller_channel,9216,0,12,0.3279481887410149
4,16,clustered_local,U1,controller-2/command,controller_command,48,30,12,0.0017080634830261192
4,16,clustered_local,U1,controller-8/channel,controller_channel,9216,37,12,0.3279481887410149
4,16,clustered_local,U1,controller-8/command,controller_command,48,24,12,0.0017080634830261192
4,16,clustered_local,U1,dram-0-0/port,bank,10240,10590,8,0.36438687637890543
4,16,clustered_local,U1,dram-0-1/port,bank,8192,3928,4,0.29150950110312435
4,16,clustered_local,U1,dram-10-0/port,bank,10240,12264,8,0.36438687637890543
4,16,clustered_local,U1,dram-10-1/port,bank,8192,0,4,0.29150950110312435
4,16,clustered_local,U1,dram-2-0/port,bank,10240,12264,8,0.36438687637890543
4,16,clustered_local,U1,dram-2-1/port,bank,8192,4088,4,0.29150950110312435
4,16,clustered_local,U1,dram-8-0/port,bank,10240,12264,8,0.36438687637890543
4,16,clustered_local,U1,dram-8-1/port,bank,8192,63,4,0.29150950110312435
4,16,clustered_local,U1,host-controller/channel,controller_channel,256,0,1,0.009109671909472636
4,16,clustered_local,U1,host-controller/command,controller_command,8,0,1,0.00028467724717101987
4,16,clustered_local,U1,host-memory/port,external,512,0,1,0.01821934381894527
4,16,clustered_local,U1,sram-0/port,sram,6144,0,10,0.21863212582734326
4,16,clustered_local,U1,sram-1/port,sram,5888,0,9,0.2095224539178706
4,16,clustered_local,U1,sram-10/port,sram,5888,0,9,0.2095224539178706
4,16,clustered_local,U1,sram-11/port,sram,5888,0,9,0.2095224539178706
4,16,clustered_local,U1,sram-12/port,sram,5888,0,9,0.2095224539178706
4,16,clustered_local,U1,sram-13/port,sram,5888,0,9,0.2095224539178706
4,16,clustered_local,U1,sram-14/port,sram,5888,0,9,0.2095224539178706
4,16,clustered_local,U1,sram-15/port,sram,5888,0,9,0.2095224539178706
4,16,clustered_local,U1,sram-2/port,sram,5888,0,9,0.2095224539178706
4,16,clustered_local,U1,sram-3/port,sram,5888,0,9,0.2095224539178706
4,16,clustered_local,U1,sram-4/port,sram,5888,0,9,0.2095224539178706
4,16,clustered_local,U1,sram-5/port,sram,5888,0,9,0.2095224539178706
4,16,clustered_local,U1,sram-6/port,sram,5888,0,9,0.2095224539178706
4,16,clustered_local,U1,sram-7/port,sram,5888,0,9,0.2095224539178706
4,16,clustered_local,U1,sram-8/port,sram,5888,0,9,0.2095224539178706
4,16,clustered_local,U1,sram-9/port,sram,5888,0,9,0.2095224539178706
4,16,clustered_local,S,c0,compute,4096,0,2,0.13365965084026757
4,16,clustered_local,S,c1,compute,4096,0,2,0.13365965084026757
4,16,clustered_local,S,c10,compute,4096,0,2,0.13365965084026757
4,16,clustered_local,S,c11,compute,4096,0,2,0.13365965084026757
4,16,clustered_local,S,c12,compute,4096,0,2,0.13365965084026757
4,16,clustered_local,S,c13,compute,4096,0,2,0.13365965084026757
4,16,clustered_local,S,c14,compute,4096,0,2,0.13365965084026757
4,16,clustered_local,S,c15,compute,4096,0,2,0.13365965084026757
4,16,clustered_local,S,c2,compute,4096,0,2,0.13365965084026757
4,16,clustered_local,S,c3,compute,4096,0,2,0.13365965084026757
4,16,clustered_local,S,c4,compute,4096,0,2,0.13365965084026757
4,16,clustered_local,S,c5,compute,4096,0,2,0.13365965084026757
4,16,clustered_local,S,c6,compute,4096,0,2,0.13365965084026757
4,16,clustered_local,S,c7,compute,4096,0,2,0.13365965084026757
4,16,clustered_local,S,c8,compute,4096,0,2,0.13365965084026757
4,16,clustered_local,S,c9,compute,4096,0,2,0.13365965084026757
4,16,clustered_local,S,controller-0/channel,controller_channel,9216,0,12,0.30073421439060205
4,16,clustered_local,S,controller-0/command,controller_command,48,2,12,0.0015663240332843857
4,16,clustered_local,S,controller-10/channel,controller_channel,9216,0,12,0.30073421439060205
4,16,clustered_local,S,controller-10/command,controller_command,48,2,12,0.0015663240332843857
4,16,clustered_local,S,controller-2/channel,controller_channel,9216,0,12,0.30073421439060205
4,16,clustered_local,S,controller-2/command,controller_command,48,2,12,0.0015663240332843857
4,16,clustered_local,S,controller-8/channel,controller_channel,9216,0,12,0.30073421439060205
4,16,clustered_local,S,controller-8/command,controller_command,48,2,12,0.0015663240332843857
4,16,clustered_local,S,dram-0-0/port,bank,10240,10598,8,0.33414912710066896
4,16,clustered_local,S,dram-0-1/port,bank,8192,3958,4,0.26731930168053514
4,16,clustered_local,S,dram-10-0/port,bank,10240,12200,8,0.33414912710066896
4,16,clustered_local,S,dram-10-1/port,bank,8192,311,4,0.26731930168053514
4,16,clustered_local,S,dram-2-0/port,bank,10240,12200,8,0.33414912710066896
4,16,clustered_local,S,dram-2-1/port,bank,8192,3920,4,0.26731930168053514
4,16,clustered_local,S,dram-8-0/port,bank,10240,12200,8,0.33414912710066896
4,16,clustered_local,S,dram-8-1/port,bank,8192,227,4,0.26731930168053514
4,16,clustered_local,S,host-controller/channel,controller_channel,256,0,1,0.008353728177516723
4,16,clustered_local,S,host-controller/command,controller_command,8,0,1,0.0002610540055473976
4,16,clustered_local,S,host-memory/port,external,512,0,1,0.016707456355033446
4,16,clustered_local,S,sram-0/port,sram,6144,0,10,0.20048947626040137
4,16,clustered_local,S,sram-1/port,sram,5888,0,9,0.19213574808288464
4,16,clustered_local,S,sram-10/port,sram,5888,0,9,0.19213574808288464
4,16,clustered_local,S,sram-11/port,sram,5888,0,9,0.19213574808288464
4,16,clustered_local,S,sram-12/port,sram,5888,0,9,0.19213574808288464
4,16,clustered_local,S,sram-13/port,sram,5888,0,9,0.19213574808288464
4,16,clustered_local,S,sram-14/port,sram,5888,0,9,0.19213574808288464
4,16,clustered_local,S,sram-15/port,sram,5888,0,9,0.19213574808288464
4,16,clustered_local,S,sram-2/port,sram,5888,0,9,0.19213574808288464
4,16,clustered_local,S,sram-3/port,sram,5888,0,9,0.19213574808288464
4,16,clustered_local,S,sram-4/port,sram,5888,0,9,0.19213574808288464
4,16,clustered_local,S,sram-5/port,sram,5888,0,9,0.19213574808288464
4,16,clustered_local,S,sram-6/port,sram,5888,0,9,0.19213574808288464
4,16,clustered_local,S,sram-7/port,sram,5888,0,9,0.19213574808288464
4,16,clustered_local,S,sram-8/port,sram,5888,0,9,0.19213574808288464
4,16,clustered_local,S,sram-9/port,sram,5888,0,9,0.19213574808288464
4,16,remote_balanced,U0,c0,compute,4096,0,2,0.2737418966784736
4,16,remote_balanced,U0,c1,compute,4096,0,2,0.2737418966784736
4,16,remote_balanced,U0,c10,compute,4096,0,2,0.2737418966784736
4,16,remote_balanced,U0,c11,compute,4096,0,2,0.2737418966784736
4,16,remote_balanced,U0,c12,compute,4096,0,2,0.2737418966784736
4,16,remote_balanced,U0,c13,compute,4096,0,2,0.2737418966784736
4,16,remote_balanced,U0,c14,compute,4096,0,2,0.2737418966784736
4,16,remote_balanced,U0,c15,compute,4096,0,2,0.2737418966784736
4,16,remote_balanced,U0,c2,compute,4096,0,2,0.2737418966784736
4,16,remote_balanced,U0,c3,compute,4096,0,2,0.2737418966784736
4,16,remote_balanced,U0,c4,compute,4096,0,2,0.2737418966784736
4,16,remote_balanced,U0,c5,compute,4096,0,2,0.2737418966784736
4,16,remote_balanced,U0,c6,compute,4096,0,2,0.2737418966784736
4,16,remote_balanced,U0,c7,compute,4096,0,2,0.2737418966784736
4,16,remote_balanced,U0,c8,compute,4096,0,2,0.2737418966784736
4,16,remote_balanced,U0,c9,compute,4096,0,2,0.2737418966784736
4,16,remote_balanced,U0,host-controller/channel,controller_channel,256,0,1,0.0171088685424046
4,16,remote_balanced,U0,host-controller/command,controller_command,8,0,1,0.0005346521419501437
4,16,remote_balanced,U0,host-memory/port,external,512,0,1,0.0342177370848092
4,16,remote_balanced,U0,sram-0/port,sram,6144,145,10,0.41061284501771034
4,16,remote_balanced,U0,sram-1/port,sram,5888,0,9,0.3935039764753058
4,16,remote_balanced,U0,sram-10/port,sram,5888,0,9,0.3935039764753058
4,16,remote_balanced,U0,sram-11/port,sram,5888,0,9,0.3935039764753058
4,16,remote_balanced,U0,sram-12/port,sram,5888,0,9,0.3935039764753058
4,16,remote_balanced,U0,sram-13/port,sram,5888,0,9,0.3935039764753058
4,16,remote_balanced,U0,sram-14/port,sram,5888,0,9,0.3935039764753058
4,16,remote_balanced,U0,sram-15/port,sram,5888,0,9,0.3935039764753058
4,16,remote_balanced,U0,sram-2/port,sram,5888,0,9,0.3935039764753058
4,16,remote_balanced,U0,sram-3/port,sram,5888,0,9,0.3935039764753058
4,16,remote_balanced,U0,sram-4/port,sram,5888,0,9,0.3935039764753058
4,16,remote_balanced,U0,sram-5/port,sram,5888,0,9,0.3935039764753058
4,16,remote_balanced,U0,sram-6/port,sram,5888,0,9,0.3935039764753058
4,16,remote_balanced,U0,sram-7/port,sram,5888,0,9,0.3935039764753058
4,16,remote_balanced,U0,sram-8/port,sram,5888,0,9,0.3935039764753058
4,16,remote_balanced,U0,sram-9/port,sram,5888,0,9,0.3935039764753058
4,16,remote_balanced,U0,uniform/bank,bank,2304,7173,48,0.1539798168816414
4,16,remote_balanced,U0,uniform/channel,controller_channel,2304,0,48,0.1539798168816414
4,16,remote_balanced,U0,uniform/command,controller_command,48,106,48,0.003207912851700862
4,16,remote_balanced,U1,c0,compute,4096,0,2,0.1896647527319874
4,16,remote_balanced,U1,c1,compute,4096,0,2,0.1896647527319874
4,16,remote_balanced,U1,c10,compute,4096,0,2,0.1896647527319874
4,16,remote_balanced,U1,c11,compute,4096,0,2,0.1896647527319874
4,16,remote_balanced,U1,c12,compute,4096,0,2,0.1896647527319874
4,16,remote_balanced,U1,c13,compute,4096,0,2,0.1896647527319874
4,16,remote_balanced,U1,c14,compute,4096,0,2,0.1896647527319874
4,16,remote_balanced,U1,c15,compute,4096,0,2,0.1896647527319874
4,16,remote_balanced,U1,c2,compute,4096,0,2,0.1896647527319874
4,16,remote_balanced,U1,c3,compute,4096,0,2,0.1896647527319874
4,16,remote_balanced,U1,c4,compute,4096,0,2,0.1896647527319874
4,16,remote_balanced,U1,c5,compute,4096,0,2,0.1896647527319874
4,16,remote_balanced,U1,c6,compute,4096,0,2,0.1896647527319874
4,16,remote_balanced,U1,c7,compute,4096,0,2,0.1896647527319874
4,16,remote_balanced,U1,c8,compute,4096,0,2,0.1896647527319874
4,16,remote_balanced,U1,c9,compute,4096,0,2,0.1896647527319874
4,16,remote_balanced,U1,controller-0/channel,controller_channel,2304,0,3,0.10668642341174292
4,16,remote_balanced,U1,controller-0/command,controller_command,12,0,3,0.0005556584552694943
4,16,remote_balanced,U1,controller-1/channel,controller_channel,2304,0,3,0.10668642341174292
4,16,remote_balanced,U1,controller-1/command,controller_command,12,0,3,0.0005556584552694943
4,16,remote_balanced,U1,controller-10/channel,controller_channel,2304,0,3,0.10668642341174292
4,16,remote_balanced,U1,controller-10/command,controller_command,12,0,3,0.0005556584552694943
4,16,remote_balanced,U1,controller-11/channel,controller_channel,2304,0,3,0.10668642341174292
4,16,remote_balanced,U1,controller-11/command,controller_command,12,0,3,0.0005556584552694943
4,16,remote_balanced,U1,controller-12/channel,controller_channel,2304,0,3,0.10668642341174292
4,16,remote_balanced,U1,controller-12/command,controller_command,12,0,3,0.0005556584552694943
4,16,remote_balanced,U1,controller-13/channel,controller_channel,2304,0,3,0.10668642341174292
4,16,remote_balanced,U1,controller-13/command,controller_command,12,0,3,0.0005556584552694943
4,16,remote_balanced,U1,controller-14/channel,controller_channel,2304,0,3,0.10668642341174292
4,16,remote_balanced,U1,controller-14/command,controller_command,12,0,3,0.0005556584552694943
4,16,remote_balanced,U1,controller-15/channel,controller_channel,2304,0,3,0.10668642341174292
4,16,remote_balanced,U1,controller-15/command,controller_command,12,0,3,0.0005556584552694943
4,16,remote_balanced,U1,controller-2/channel,controller_channel,2304,0,3,0.10668642341174292
4,16,remote_balanced,U1,controller-2/command,controller_command,12,0,3,0.0005556584552694943
4,16,remote_balanced,U1,controller-3/channel,controller_channel,2304,0,3,0.10668642341174292
4,16,remote_balanced,U1,controller-3/command,controller_command,12,0,3,0.0005556584552694943
4,16,remote_balanced,U1,controller-4/channel,controller_channel,2304,0,3,0.10668642341174292
4,16,remote_balanced,U1,controller-4/command,controller_command,12,0,3,0.0005556584552694943
4,16,remote_balanced,U1,controller-5/channel,controller_channel,2304,0,3,0.10668642341174292
4,16,remote_balanced,U1,controller-5/command,controller_command,12,0,3,0.0005556584552694943
4,16,remote_balanced,U1,controller-6/channel,controller_channel,2304,0,3,0.10668642341174292
4,16,remote_balanced,U1,controller-6/command,controller_command,12,0,3,0.0005556584552694943
4,16,remote_balanced,U1,controller-7/channel,controller_channel,2304,0,3,0.10668642341174292
4,16,remote_balanced,U1,controller-7/command,controller_command,12,0,3,0.0005556584552694943
4,16,remote_balanced,U1,controller-8/channel,controller_channel,2304,0,3,0.10668642341174292
4,16,remote_balanced,U1,controller-8/command,controller_command,12,0,3,0.0005556584552694943
4,16,remote_balanced,U1,controller-9/channel,controller_channel,2304,0,3,0.10668642341174292
4,16,remote_balanced,U1,controller-9/command,controller_command,12,0,3,0.0005556584552694943
4,16,remote_balanced,U1,dram-0-0/port,bank,2560,0,2,0.11854047045749212
4,16,remote_balanced,U1,dram-0-1/port,bank,2048,0,1,0.0948323763659937
4,16,remote_balanced,U1,dram-1-0/port,bank,2560,0,2,0.11854047045749212
4,16,remote_balanced,U1,dram-1-1/port,bank,2048,0,1,0.0948323763659937
4,16,remote_balanced,U1,dram-10-0/port,bank,2560,0,2,0.11854047045749212
4,16,remote_balanced,U1,dram-10-1/port,bank,2048,0,1,0.0948323763659937
4,16,remote_balanced,U1,dram-11-0/port,bank,2560,0,2,0.11854047045749212
4,16,remote_balanced,U1,dram-11-1/port,bank,2048,0,1,0.0948323763659937
4,16,remote_balanced,U1,dram-12-0/port,bank,2560,0,2,0.11854047045749212
4,16,remote_balanced,U1,dram-12-1/port,bank,2048,0,1,0.0948323763659937
4,16,remote_balanced,U1,dram-13-0/port,bank,2560,0,2,0.11854047045749212
4,16,remote_balanced,U1,dram-13-1/port,bank,2048,0,1,0.0948323763659937
4,16,remote_balanced,U1,dram-14-0/port,bank,2560,0,2,0.11854047045749212
4,16,remote_balanced,U1,dram-14-1/port,bank,2048,0,1,0.0948323763659937
4,16,remote_balanced,U1,dram-15-0/port,bank,2560,0,2,0.11854047045749212
4,16,remote_balanced,U1,dram-15-1/port,bank,2048,0,1,0.0948323763659937
4,16,remote_balanced,U1,dram-2-0/port,bank,2560,0,2,0.11854047045749212
4,16,remote_balanced,U1,dram-2-1/port,bank,2048,0,1,0.0948323763659937
4,16,remote_balanced,U1,dram-3-0/port,bank,2560,0,2,0.11854047045749212
4,16,remote_balanced,U1,dram-3-1/port,bank,2048,0,1,0.0948323763659937
4,16,remote_balanced,U1,dram-4-0/port,bank,2560,0,2,0.11854047045749212
4,16,remote_balanced,U1,dram-4-1/port,bank,2048,0,1,0.0948323763659937
4,16,remote_balanced,U1,dram-5-0/port,bank,2560,0,2,0.11854047045749212
4,16,remote_balanced,U1,dram-5-1/port,bank,2048,0,1,0.0948323763659937
4,16,remote_balanced,U1,dram-6-0/port,bank,2560,0,2,0.11854047045749212
4,16,remote_balanced,U1,dram-6-1/port,bank,2048,0,1,0.0948323763659937
4,16,remote_balanced,U1,dram-7-0/port,bank,2560,0,2,0.11854047045749212
4,16,remote_balanced,U1,dram-7-1/port,bank,2048,0,1,0.0948323763659937
4,16,remote_balanced,U1,dram-8-0/port,bank,2560,0,2,0.11854047045749212
4,16,remote_balanced,U1,dram-8-1/port,bank,2048,0,1,0.0948323763659937
4,16,remote_balanced,U1,dram-9-0/port,bank,2560,0,2,0.11854047045749212
4,16,remote_balanced,U1,dram-9-1/port,bank,2048,0,1,0.0948323763659937
4,16,remote_balanced,U1,host-controller/channel,controller_channel,256,0,1,0.011854047045749213
4,16,remote_balanced,U1,host-controller/command,controller_command,8,0,1,0.0003704389701796629
4,16,remote_balanced,U1,host-memory/port,external,512,0,1,0.023708094091498426
4,16,remote_balanced,U1,sram-0/port,sram,6144,0,10,0.2844971290979811
4,16,remote_balanced,U1,sram-1/port,sram,5888,0,9,0.2726430820522319
4,16,remote_balanced,U1,sram-10/port,sram,5888,0,9,0.2726430820522319
4,16,remote_balanced,U1,sram-11/port,sram,5888,0,9,0.2726430820522319
4,16,remote_balanced,U1,sram-12/port,sram,5888,0,9,0.2726430820522319
4,16,remote_balanced,U1,sram-13/port,sram,5888,0,9,0.2726430820522319
4,16,remote_balanced,U1,sram-14/port,sram,5888,0,9,0.2726430820522319
4,16,remote_balanced,U1,sram-15/port,sram,5888,0,9,0.2726430820522319
4,16,remote_balanced,U1,sram-2/port,sram,5888,0,9,0.2726430820522319
4,16,remote_balanced,U1,sram-3/port,sram,5888,0,9,0.2726430820522319
4,16,remote_balanced,U1,sram-4/port,sram,5888,0,9,0.2726430820522319
4,16,remote_balanced,U1,sram-5/port,sram,5888,0,9,0.2726430820522319
4,16,remote_balanced,U1,sram-6/port,sram,5888,0,9,0.2726430820522319
4,16,remote_balanced,U1,sram-7/port,sram,5888,0,9,0.2726430820522319
4,16,remote_balanced,U1,sram-8/port,sram,5888,0,9,0.2726430820522319
4,16,remote_balanced,U1,sram-9/port,sram,5888,0,9,0.2726430820522319
4,16,remote_balanced,S,c0,compute,4096,0,2,0.1511662237968704
4,16,remote_balanced,S,c1,compute,4096,0,2,0.1511662237968704
4,16,remote_balanced,S,c10,compute,4096,0,2,0.1511662237968704
4,16,remote_balanced,S,c11,compute,4096,0,2,0.1511662237968704
4,16,remote_balanced,S,c12,compute,4096,0,2,0.1511662237968704
4,16,remote_balanced,S,c13,compute,4096,0,2,0.1511662237968704
4,16,remote_balanced,S,c14,compute,4096,0,2,0.1511662237968704
4,16,remote_balanced,S,c15,compute,4096,0,2,0.1511662237968704
4,16,remote_balanced,S,c2,compute,4096,0,2,0.1511662237968704
4,16,remote_balanced,S,c3,compute,4096,0,2,0.1511662237968704
4,16,remote_balanced,S,c4,compute,4096,0,2,0.1511662237968704
4,16,remote_balanced,S,c5,compute,4096,0,2,0.1511662237968704
4,16,remote_balanced,S,c6,compute,4096,0,2,0.1511662237968704
4,16,remote_balanced,S,c7,compute,4096,0,2,0.1511662237968704
4,16,remote_balanced,S,c8,compute,4096,0,2,0.1511662237968704
4,16,remote_balanced,S,c9,compute,4096,0,2,0.1511662237968704
4,16,remote_balanced,S,controller-0/channel,controller_channel,2304,0,3,0.08503100088573959
4,16,remote_balanced,S,controller-0/command,controller_command,12,0,3,0.0004428697962798937
4,16,remote_balanced,S,controller-1/channel,controller_channel,2304,0,3,0.08503100088573959
4,16,remote_balanced,S,controller-1/command,controller_command,12,0,3,0.0004428697962798937
4,16,remote_balanced,S,controller-10/channel,controller_channel,2304,0,3,0.08503100088573959
4,16,remote_balanced,S,controller-10/command,controller_command,12,0,3,0.0004428697962798937
4,16,remote_balanced,S,controller-11/channel,controller_channel,2304,0,3,0.08503100088573959
4,16,remote_balanced,S,controller-11/command,controller_command,12,0,3,0.0004428697962798937
4,16,remote_balanced,S,controller-12/channel,controller_channel,2304,0,3,0.08503100088573959
4,16,remote_balanced,S,controller-12/command,controller_command,12,0,3,0.0004428697962798937
4,16,remote_balanced,S,controller-13/channel,controller_channel,2304,0,3,0.08503100088573959
4,16,remote_balanced,S,controller-13/command,controller_command,12,0,3,0.0004428697962798937
4,16,remote_balanced,S,controller-14/channel,controller_channel,2304,0,3,0.08503100088573959
4,16,remote_balanced,S,controller-14/command,controller_command,12,0,3,0.0004428697962798937
4,16,remote_balanced,S,controller-15/channel,controller_channel,2304,0,3,0.08503100088573959
4,16,remote_balanced,S,controller-15/command,controller_command,12,0,3,0.0004428697962798937
4,16,remote_balanced,S,controller-2/channel,controller_channel,2304,0,3,0.08503100088573959
4,16,remote_balanced,S,controller-2/command,controller_command,12,0,3,0.0004428697962798937
4,16,remote_balanced,S,controller-3/channel,controller_channel,2304,0,3,0.08503100088573959
4,16,remote_balanced,S,controller-3/command,controller_command,12,0,3,0.0004428697962798937
4,16,remote_balanced,S,controller-4/channel,controller_channel,2304,0,3,0.08503100088573959
4,16,remote_balanced,S,controller-4/command,controller_command,12,0,3,0.0004428697962798937
4,16,remote_balanced,S,controller-5/channel,controller_channel,2304,0,3,0.08503100088573959
4,16,remote_balanced,S,controller-5/command,controller_command,12,0,3,0.0004428697962798937
4,16,remote_balanced,S,controller-6/channel,controller_channel,2304,0,3,0.08503100088573959
4,16,remote_balanced,S,controller-6/command,controller_command,12,0,3,0.0004428697962798937
4,16,remote_balanced,S,controller-7/channel,controller_channel,2304,0,3,0.08503100088573959
4,16,remote_balanced,S,controller-7/command,controller_command,12,0,3,0.0004428697962798937
4,16,remote_balanced,S,controller-8/channel,controller_channel,2304,0,3,0.08503100088573959
4,16,remote_balanced,S,controller-8/command,controller_command,12,0,3,0.0004428697962798937
4,16,remote_balanced,S,controller-9/channel,controller_channel,2304,0,3,0.08503100088573959
4,16,remote_balanced,S,controller-9/command,controller_command,12,0,3,0.0004428697962798937
4,16,remote_balanced,S,dram-0-0/port,bank,2560,0,2,0.094478889873044
4,16,remote_balanced,S,dram-0-1/port,bank,2048,0,1,0.0755831118984352
4,16,remote_balanced,S,dram-1-0/port,bank,2560,0,2,0.094478889873044
4,16,remote_balanced,S,dram-1-1/port,bank,2048,0,1,0.0755831118984352
4,16,remote_balanced,S,dram-10-0/port,bank,2560,0,2,0.094478889873044
4,16,remote_balanced,S,dram-10-1/port,bank,2048,0,1,0.0755831118984352
4,16,remote_balanced,S,dram-11-0/port,bank,2560,0,2,0.094478889873044
4,16,remote_balanced,S,dram-11-1/port,bank,2048,0,1,0.0755831118984352
4,16,remote_balanced,S,dram-12-0/port,bank,2560,0,2,0.094478889873044
4,16,remote_balanced,S,dram-12-1/port,bank,2048,0,1,0.0755831118984352
4,16,remote_balanced,S,dram-13-0/port,bank,2560,0,2,0.094478889873044
4,16,remote_balanced,S,dram-13-1/port,bank,2048,0,1,0.0755831118984352
4,16,remote_balanced,S,dram-14-0/port,bank,2560,0,2,0.094478889873044
4,16,remote_balanced,S,dram-14-1/port,bank,2048,0,1,0.0755831118984352
4,16,remote_balanced,S,dram-15-0/port,bank,2560,0,2,0.094478889873044
4,16,remote_balanced,S,dram-15-1/port,bank,2048,0,1,0.0755831118984352
4,16,remote_balanced,S,dram-2-0/port,bank,2560,0,2,0.094478889873044
4,16,remote_balanced,S,dram-2-1/port,bank,2048,0,1,0.0755831118984352
4,16,remote_balanced,S,dram-3-0/port,bank,2560,0,2,0.094478889873044
4,16,remote_balanced,S,dram-3-1/port,bank,2048,0,1,0.0755831118984352
4,16,remote_balanced,S,dram-4-0/port,bank,2560,0,2,0.094478889873044
4,16,remote_balanced,S,dram-4-1/port,bank,2048,0,1,0.0755831118984352
4,16,remote_balanced,S,dram-5-0/port,bank,2560,0,2,0.094478889873044
4,16,remote_balanced,S,dram-5-1/port,bank,2048,0,1,0.0755831118984352
4,16,remote_balanced,S,dram-6-0/port,bank,2560,0,2,0.094478889873044
4,16,remote_balanced,S,dram-6-1/port,bank,2048,0,1,0.0755831118984352
4,16,remote_balanced,S,dram-7-0/port,bank,2560,0,2,0.094478889873044
4,16,remote_balanced,S,dram-7-1/port,bank,2048,0,1,0.0755831118984352
4,16,remote_balanced,S,dram-8-0/port,bank,2560,0,2,0.094478889873044
4,16,remote_balanced,S,dram-8-1/port,bank,2048,0,1,0.0755831118984352
4,16,remote_balanced,S,dram-9-0/port,bank,2560,0,2,0.094478889873044
4,16,remote_balanced,S,dram-9-1/port,bank,2048,0,1,0.0755831118984352
4,16,remote_balanced,S,host-controller/channel,controller_channel,256,0,1,0.0094478889873044
4,16,remote_balanced,S,host-controller/command,controller_command,8,0,1,0.0002952465308532625
4,16,remote_balanced,S,host-memory/port,external,512,0,1,0.0188957779746088
4,16,remote_balanced,S,sram-0/port,sram,6144,0,10,0.2267493356953056
4,16,remote_balanced,S,sram-1/port,sram,5888,0,9,0.2173014467080012
4,16,remote_balanced,S,sram-10/port,sram,5888,0,9,0.2173014467080012
4,16,remote_balanced,S,sram-11/port,sram,5888,0,9,0.2173014467080012
4,16,remote_balanced,S,sram-12/port,sram,5888,0,9,0.2173014467080012
4,16,remote_balanced,S,sram-13/port,sram,5888,0,9,0.2173014467080012
4,16,remote_balanced,S,sram-14/port,sram,5888,0,9,0.2173014467080012
4,16,remote_balanced,S,sram-15/port,sram,5888,0,9,0.2173014467080012
4,16,remote_balanced,S,sram-2/port,sram,5888,0,9,0.2173014467080012
4,16,remote_balanced,S,sram-3/port,sram,5888,0,9,0.2173014467080012
4,16,remote_balanced,S,sram-4/port,sram,5888,0,9,0.2173014467080012
4,16,remote_balanced,S,sram-5/port,sram,5888,0,9,0.2173014467080012
4,16,remote_balanced,S,sram-6/port,sram,5888,0,9,0.2173014467080012
4,16,remote_balanced,S,sram-7/port,sram,5888,0,9,0.2173014467080012
4,16,remote_balanced,S,sram-8/port,sram,5888,0,9,0.2173014467080012
4,16,remote_balanced,S,sram-9/port,sram,5888,0,9,0.2173014467080012
6,36,local,U0,c0,compute,4096,0,2,0.27660723933009185
6,36,local,U0,c1,compute,4096,0,2,0.27660723933009185
6,36,local,U0,c10,compute,4096,0,2,0.27660723933009185
6,36,local,U0,c11,compute,4096,0,2,0.27660723933009185
6,36,local,U0,c12,compute,4096,0,2,0.27660723933009185
6,36,local,U0,c13,compute,4096,0,2,0.27660723933009185
6,36,local,U0,c14,compute,4096,0,2,0.27660723933009185
6,36,local,U0,c15,compute,4096,0,2,0.27660723933009185
6,36,local,U0,c16,compute,4096,0,2,0.27660723933009185
6,36,local,U0,c17,compute,4096,0,2,0.27660723933009185
6,36,local,U0,c18,compute,4096,0,2,0.27660723933009185
6,36,local,U0,c19,compute,4096,0,2,0.27660723933009185
6,36,local,U0,c2,compute,4096,0,2,0.27660723933009185
6,36,local,U0,c20,compute,4096,0,2,0.27660723933009185
6,36,local,U0,c21,compute,4096,0,2,0.27660723933009185
6,36,local,U0,c22,compute,4096,0,2,0.27660723933009185
6,36,local,U0,c23,compute,4096,0,2,0.27660723933009185
6,36,local,U0,c24,compute,4096,0,2,0.27660723933009185
6,36,local,U0,c25,compute,4096,0,2,0.27660723933009185
6,36,local,U0,c26,compute,4096,0,2,0.27660723933009185
6,36,local,U0,c27,compute,4096,0,2,0.27660723933009185
6,36,local,U0,c28,compute,4096,0,2,0.27660723933009185
6,36,local,U0,c29,compute,4096,0,2,0.27660723933009185
6,36,local,U0,c3,compute,4096,0,2,0.27660723933009185
6,36,local,U0,c30,compute,4096,0,2,0.27660723933009185
6,36,local,U0,c31,compute,4096,0,2,0.27660723933009185
6,36,local,U0,c32,compute,4096,0,2,0.27660723933009185
6,36,local,U0,c33,compute,4096,0,2,0.27660723933009185
6,36,local,U0,c34,compute,4096,0,2,0.27660723933009185
6,36,local,U0,c35,compute,4096,0,2,0.27660723933009185
6,36,local,U0,c4,compute,4096,0,2,0.27660723933009185
6,36,local,U0,c5,compute,4096,0,2,0.27660723933009185
6,36,local,U0,c6,compute,4096,0,2,0.27660723933009185
6,36,local,U0,c7,compute,4096,0,2,0.27660723933009185
6,36,local,U0,c8,compute,4096,0,2,0.27660723933009185
6,36,local,U0,c9,compute,4096,0,2,0.27660723933009185
6,36,local,U0,host-controller/channel,controller_channel,256,0,1,0.01728795245813074
6,36,local,U0,host-controller/command,controller_command,8,0,1,0.0005402485143165856
6,36,local,U0,host-memory/port,external,512,0,1,0.03457590491626148
6,36,local,U0,sram-0/port,sram,6144,0,10,0.41491085899513774
6,36,local,U0,sram-1/port,sram,5888,0,9,0.39762290653700705
6,36,local,U0,sram-10/port,sram,5888,0,9,0.39762290653700705
6,36,local,U0,sram-11/port,sram,5888,0,9,0.39762290653700705
6,36,local,U0,sram-12/port,sram,5888,0,9,0.39762290653700705
6,36,local,U0,sram-13/port,sram,5888,0,9,0.39762290653700705
6,36,local,U0,sram-14/port,sram,5888,0,9,0.39762290653700705
6,36,local,U0,sram-15/port,sram,5888,0,9,0.39762290653700705
6,36,local,U0,sram-16/port,sram,5888,0,9,0.39762290653700705
6,36,local,U0,sram-17/port,sram,5888,0,9,0.39762290653700705
6,36,local,U0,sram-18/port,sram,5888,0,9,0.39762290653700705
6,36,local,U0,sram-19/port,sram,5888,0,9,0.39762290653700705
6,36,local,U0,sram-2/port,sram,5888,0,9,0.39762290653700705
6,36,local,U0,sram-20/port,sram,5888,0,9,0.39762290653700705
6,36,local,U0,sram-21/port,sram,5888,0,9,0.39762290653700705
6,36,local,U0,sram-22/port,sram,5888,0,9,0.39762290653700705
6,36,local,U0,sram-23/port,sram,5888,0,9,0.39762290653700705
6,36,local,U0,sram-24/port,sram,5888,0,9,0.39762290653700705
6,36,local,U0,sram-25/port,sram,5888,0,9,0.39762290653700705
6,36,local,U0,sram-26/port,sram,5888,0,9,0.39762290653700705
6,36,local,U0,sram-27/port,sram,5888,0,9,0.39762290653700705
6,36,local,U0,sram-28/port,sram,5888,0,9,0.39762290653700705
6,36,local,U0,sram-29/port,sram,5888,0,9,0.39762290653700705
6,36,local,U0,sram-3/port,sram,5888,0,9,0.39762290653700705
6,36,local,U0,sram-30/port,sram,5888,0,9,0.39762290653700705
6,36,local,U0,sram-31/port,sram,5888,0,9,0.39762290653700705
6,36,local,U0,sram-32/port,sram,5888,0,9,0.39762290653700705
6,36,local,U0,sram-33/port,sram,5888,0,9,0.39762290653700705
6,36,local,U0,sram-34/port,sram,5888,0,9,0.39762290653700705
6,36,local,U0,sram-35/port,sram,5888,0,9,0.39762290653700705
6,36,local,U0,sram-4/port,sram,5888,0,9,0.39762290653700705
6,36,local,U0,sram-5/port,sram,5888,0,9,0.39762290653700705
6,36,local,U0,sram-6/port,sram,5888,0,9,0.39762290653700705
6,36,local,U0,sram-7/port,sram,5888,0,9,0.39762290653700705
6,36,local,U0,sram-8/port,sram,5888,0,9,0.39762290653700705
6,36,local,U0,sram-9/port,sram,5888,0,9,0.39762290653700705
6,36,local,U0,uniform/bank,bank,2376,17001,108,0.16045380875202594
6,36,local,U0,uniform/channel,controller_channel,2376,0,108,0.16045380875202594
6,36,local,U0,uniform/command,controller_command,108,595,108,0.007293354943273906
6,36,local,U1,c0,compute,4096,0,2,0.1896647527319874
6,36,local,U1,c1,compute,4096,0,2,0.1896647527319874
6,36,local,U1,c10,compute,4096,0,2,0.1896647527319874
6,36,local,U1,c11,compute,4096,0,2,0.1896647527319874
6,36,local,U1,c12,compute,4096,0,2,0.1896647527319874
6,36,local,U1,c13,compute,4096,0,2,0.1896647527319874
6,36,local,U1,c14,compute,4096,0,2,0.1896647527319874
6,36,local,U1,c15,compute,4096,0,2,0.1896647527319874
6,36,local,U1,c16,compute,4096,0,2,0.1896647527319874
6,36,local,U1,c17,compute,4096,0,2,0.1896647527319874
6,36,local,U1,c18,compute,4096,0,2,0.1896647527319874
6,36,local,U1,c19,compute,4096,0,2,0.1896647527319874
6,36,local,U1,c2,compute,4096,0,2,0.1896647527319874
6,36,local,U1,c20,compute,4096,0,2,0.1896647527319874
6,36,local,U1,c21,compute,4096,0,2,0.1896647527319874
6,36,local,U1,c22,compute,4096,0,2,0.1896647527319874
6,36,local,U1,c23,compute,4096,0,2,0.1896647527319874
6,36,local,U1,c24,compute,4096,0,2,0.1896647527319874
6,36,local,U1,c25,compute,4096,0,2,0.1896647527319874
6,36,local,U1,c26,compute,4096,0,2,0.1896647527319874
6,36,local,U1,c27,compute,4096,0,2,0.1896647527319874
6,36,local,U1,c28,compute,4096,0,2,0.1896647527319874
6,36,local,U1,c29,compute,4096,0,2,0.1896647527319874
6,36,local,U1,c3,compute,4096,0,2,0.1896647527319874
6,36,local,U1,c30,compute,4096,0,2,0.1896647527319874
6,36,local,U1,c31,compute,4096,0,2,0.1896647527319874
6,36,local,U1,c32,compute,4096,0,2,0.1896647527319874
6,36,local,U1,c33,compute,4096,0,2,0.1896647527319874
6,36,local,U1,c34,compute,4096,0,2,0.1896647527319874
6,36,local,U1,c35,compute,4096,0,2,0.1896647527319874
6,36,local,U1,c4,compute,4096,0,2,0.1896647527319874
6,36,local,U1,c5,compute,4096,0,2,0.1896647527319874
6,36,local,U1,c6,compute,4096,0,2,0.1896647527319874
6,36,local,U1,c7,compute,4096,0,2,0.1896647527319874
6,36,local,U1,c8,compute,4096,0,2,0.1896647527319874
6,36,local,U1,c9,compute,4096,0,2,0.1896647527319874
6,36,local,U1,controller-0/channel,controller_channel,2304,0,3,0.10668642341174292
6,36,local,U1,controller-0/command,controller_command,12,0,3,0.0005556584552694943
6,36,local,U1,controller-1/channel,controller_channel,2304,0,3,0.10668642341174292
6,36,local,U1,controller-1/command,controller_command,12,0,3,0.0005556584552694943
6,36,local,U1,controller-10/channel,controller_channel,2304,0,3,0.10668642341174292
6,36,local,U1,controller-10/command,controller_command,12,0,3,0.0005556584552694943
6,36,local,U1,controller-11/channel,controller_channel,2304,0,3,0.10668642341174292
6,36,local,U1,controller-11/command,controller_command,12,0,3,0.0005556584552694943
6,36,local,U1,controller-12/channel,controller_channel,2304,0,3,0.10668642341174292
6,36,local,U1,controller-12/command,controller_command,12,0,3,0.0005556584552694943
6,36,local,U1,controller-13/channel,controller_channel,2304,0,3,0.10668642341174292
6,36,local,U1,controller-13/command,controller_command,12,0,3,0.0005556584552694943
6,36,local,U1,controller-14/channel,controller_channel,2304,0,3,0.10668642341174292
6,36,local,U1,controller-14/command,controller_command,12,0,3,0.0005556584552694943
6,36,local,U1,controller-15/channel,controller_channel,2304,0,3,0.10668642341174292
6,36,local,U1,controller-15/command,controller_command,12,0,3,0.0005556584552694943
6,36,local,U1,controller-16/channel,controller_channel,2304,0,3,0.10668642341174292
6,36,local,U1,controller-16/command,controller_command,12,0,3,0.0005556584552694943
6,36,local,U1,controller-17/channel,controller_channel,2304,0,3,0.10668642341174292
6,36,local,U1,controller-17/command,controller_command,12,0,3,0.0005556584552694943
6,36,local,U1,controller-18/channel,controller_channel,2304,0,3,0.10668642341174292
6,36,local,U1,controller-18/command,controller_command,12,0,3,0.0005556584552694943
6,36,local,U1,controller-19/channel,controller_channel,2304,0,3,0.10668642341174292
6,36,local,U1,controller-19/command,controller_command,12,0,3,0.0005556584552694943
6,36,local,U1,controller-2/channel,controller_channel,2304,0,3,0.10668642341174292
6,36,local,U1,controller-2/command,controller_command,12,0,3,0.0005556584552694943
6,36,local,U1,controller-20/channel,controller_channel,2304,0,3,0.10668642341174292
6,36,local,U1,controller-20/command,controller_command,12,0,3,0.0005556584552694943
6,36,local,U1,controller-21/channel,controller_channel,2304,0,3,0.10668642341174292
6,36,local,U1,controller-21/command,controller_command,12,0,3,0.0005556584552694943
6,36,local,U1,controller-22/channel,controller_channel,2304,0,3,0.10668642341174292
6,36,local,U1,controller-22/command,controller_command,12,0,3,0.0005556584552694943
6,36,local,U1,controller-23/channel,controller_channel,2304,0,3,0.10668642341174292
6,36,local,U1,controller-23/command,controller_command,12,0,3,0.0005556584552694943
6,36,local,U1,controller-24/channel,controller_channel,2304,0,3,0.10668642341174292
6,36,local,U1,controller-24/command,controller_command,12,0,3,0.0005556584552694943
6,36,local,U1,controller-25/channel,controller_channel,2304,0,3,0.10668642341174292
6,36,local,U1,controller-25/command,controller_command,12,0,3,0.0005556584552694943
6,36,local,U1,controller-26/channel,controller_channel,2304,0,3,0.10668642341174292
6,36,local,U1,controller-26/command,controller_command,12,0,3,0.0005556584552694943
6,36,local,U1,controller-27/channel,controller_channel,2304,0,3,0.10668642341174292
6,36,local,U1,controller-27/command,controller_command,12,0,3,0.0005556584552694943
6,36,local,U1,controller-28/channel,controller_channel,2304,0,3,0.10668642341174292
6,36,local,U1,controller-28/command,controller_command,12,0,3,0.0005556584552694943
6,36,local,U1,controller-29/channel,controller_channel,2304,0,3,0.10668642341174292
6,36,local,U1,controller-29/command,controller_command,12,0,3,0.0005556584552694943
6,36,local,U1,controller-3/channel,controller_channel,2304,0,3,0.10668642341174292
6,36,local,U1,controller-3/command,controller_command,12,0,3,0.0005556584552694943
6,36,local,U1,controller-30/channel,controller_channel,2304,0,3,0.10668642341174292
6,36,local,U1,controller-30/command,controller_command,12,0,3,0.0005556584552694943
6,36,local,U1,controller-31/channel,controller_channel,2304,0,3,0.10668642341174292
6,36,local,U1,controller-31/command,controller_command,12,0,3,0.0005556584552694943
6,36,local,U1,controller-32/channel,controller_channel,2304,0,3,0.10668642341174292
6,36,local,U1,controller-32/command,controller_command,12,0,3,0.0005556584552694943
6,36,local,U1,controller-33/channel,controller_channel,2304,0,3,0.10668642341174292
6,36,local,U1,controller-33/command,controller_command,12,0,3,0.0005556584552694943
6,36,local,U1,controller-34/channel,controller_channel,2304,0,3,0.10668642341174292
6,36,local,U1,controller-34/command,controller_command,12,0,3,0.0005556584552694943
6,36,local,U1,controller-35/channel,controller_channel,2304,0,3,0.10668642341174292
6,36,local,U1,controller-35/command,controller_command,12,0,3,0.0005556584552694943
6,36,local,U1,controller-4/channel,controller_channel,2304,0,3,0.10668642341174292
6,36,local,U1,controller-4/command,controller_command,12,0,3,0.0005556584552694943
6,36,local,U1,controller-5/channel,controller_channel,2304,0,3,0.10668642341174292
6,36,local,U1,controller-5/command,controller_command,12,0,3,0.0005556584552694943
6,36,local,U1,controller-6/channel,controller_channel,2304,0,3,0.10668642341174292
6,36,local,U1,controller-6/command,controller_command,12,0,3,0.0005556584552694943
6,36,local,U1,controller-7/channel,controller_channel,2304,0,3,0.10668642341174292
6,36,local,U1,controller-7/command,controller_command,12,0,3,0.0005556584552694943
6,36,local,U1,controller-8/channel,controller_channel,2304,0,3,0.10668642341174292
6,36,local,U1,controller-8/command,controller_command,12,0,3,0.0005556584552694943
6,36,local,U1,controller-9/channel,controller_channel,2304,0,3,0.10668642341174292
6,36,local,U1,controller-9/command,controller_command,12,0,3,0.0005556584552694943
6,36,local,U1,dram-0-0/port,bank,2560,0,2,0.11854047045749212
6,36,local,U1,dram-0-1/port,bank,2048,0,1,0.0948323763659937
6,36,local,U1,dram-1-0/port,bank,2560,0,2,0.11854047045749212
6,36,local,U1,dram-1-1/port,bank,2048,0,1,0.0948323763659937
6,36,local,U1,dram-10-0/port,bank,2560,0,2,0.11854047045749212
6,36,local,U1,dram-10-1/port,bank,2048,0,1,0.0948323763659937
6,36,local,U1,dram-11-0/port,bank,2560,0,2,0.11854047045749212
6,36,local,U1,dram-11-1/port,bank,2048,0,1,0.0948323763659937
6,36,local,U1,dram-12-0/port,bank,2560,0,2,0.11854047045749212
6,36,local,U1,dram-12-1/port,bank,2048,0,1,0.0948323763659937
6,36,local,U1,dram-13-0/port,bank,2560,0,2,0.11854047045749212
6,36,local,U1,dram-13-1/port,bank,2048,0,1,0.0948323763659937
6,36,local,U1,dram-14-0/port,bank,2560,0,2,0.11854047045749212
6,36,local,U1,dram-14-1/port,bank,2048,0,1,0.0948323763659937
6,36,local,U1,dram-15-0/port,bank,2560,0,2,0.11854047045749212
6,36,local,U1,dram-15-1/port,bank,2048,0,1,0.0948323763659937
6,36,local,U1,dram-16-0/port,bank,2560,0,2,0.11854047045749212
6,36,local,U1,dram-16-1/port,bank,2048,0,1,0.0948323763659937
6,36,local,U1,dram-17-0/port,bank,2560,0,2,0.11854047045749212
6,36,local,U1,dram-17-1/port,bank,2048,0,1,0.0948323763659937
6,36,local,U1,dram-18-0/port,bank,2560,0,2,0.11854047045749212
6,36,local,U1,dram-18-1/port,bank,2048,0,1,0.0948323763659937
6,36,local,U1,dram-19-0/port,bank,2560,0,2,0.11854047045749212
6,36,local,U1,dram-19-1/port,bank,2048,0,1,0.0948323763659937
6,36,local,U1,dram-2-0/port,bank,2560,0,2,0.11854047045749212
6,36,local,U1,dram-2-1/port,bank,2048,0,1,0.0948323763659937
6,36,local,U1,dram-20-0/port,bank,2560,0,2,0.11854047045749212
6,36,local,U1,dram-20-1/port,bank,2048,0,1,0.0948323763659937
6,36,local,U1,dram-21-0/port,bank,2560,0,2,0.11854047045749212
6,36,local,U1,dram-21-1/port,bank,2048,0,1,0.0948323763659937
6,36,local,U1,dram-22-0/port,bank,2560,0,2,0.11854047045749212
6,36,local,U1,dram-22-1/port,bank,2048,0,1,0.0948323763659937
6,36,local,U1,dram-23-0/port,bank,2560,0,2,0.11854047045749212
6,36,local,U1,dram-23-1/port,bank,2048,0,1,0.0948323763659937
6,36,local,U1,dram-24-0/port,bank,2560,0,2,0.11854047045749212
6,36,local,U1,dram-24-1/port,bank,2048,0,1,0.0948323763659937
6,36,local,U1,dram-25-0/port,bank,2560,0,2,0.11854047045749212
6,36,local,U1,dram-25-1/port,bank,2048,0,1,0.0948323763659937
6,36,local,U1,dram-26-0/port,bank,2560,0,2,0.11854047045749212
6,36,local,U1,dram-26-1/port,bank,2048,0,1,0.0948323763659937
6,36,local,U1,dram-27-0/port,bank,2560,0,2,0.11854047045749212
6,36,local,U1,dram-27-1/port,bank,2048,0,1,0.0948323763659937
6,36,local,U1,dram-28-0/port,bank,2560,0,2,0.11854047045749212
6,36,local,U1,dram-28-1/port,bank,2048,0,1,0.0948323763659937
6,36,local,U1,dram-29-0/port,bank,2560,0,2,0.11854047045749212
6,36,local,U1,dram-29-1/port,bank,2048,0,1,0.0948323763659937
6,36,local,U1,dram-3-0/port,bank,2560,0,2,0.11854047045749212
6,36,local,U1,dram-3-1/port,bank,2048,0,1,0.0948323763659937
6,36,local,U1,dram-30-0/port,bank,2560,0,2,0.11854047045749212
6,36,local,U1,dram-30-1/port,bank,2048,0,1,0.0948323763659937
6,36,local,U1,dram-31-0/port,bank,2560,0,2,0.11854047045749212
6,36,local,U1,dram-31-1/port,bank,2048,0,1,0.0948323763659937
6,36,local,U1,dram-32-0/port,bank,2560,0,2,0.11854047045749212
6,36,local,U1,dram-32-1/port,bank,2048,0,1,0.0948323763659937
6,36,local,U1,dram-33-0/port,bank,2560,0,2,0.11854047045749212
6,36,local,U1,dram-33-1/port,bank,2048,0,1,0.0948323763659937
6,36,local,U1,dram-34-0/port,bank,2560,0,2,0.11854047045749212
6,36,local,U1,dram-34-1/port,bank,2048,0,1,0.0948323763659937
6,36,local,U1,dram-35-0/port,bank,2560,0,2,0.11854047045749212
6,36,local,U1,dram-35-1/port,bank,2048,0,1,0.0948323763659937
6,36,local,U1,dram-4-0/port,bank,2560,0,2,0.11854047045749212
6,36,local,U1,dram-4-1/port,bank,2048,0,1,0.0948323763659937
6,36,local,U1,dram-5-0/port,bank,2560,0,2,0.11854047045749212
6,36,local,U1,dram-5-1/port,bank,2048,0,1,0.0948323763659937
6,36,local,U1,dram-6-0/port,bank,2560,0,2,0.11854047045749212
6,36,local,U1,dram-6-1/port,bank,2048,0,1,0.0948323763659937
6,36,local,U1,dram-7-0/port,bank,2560,0,2,0.11854047045749212
6,36,local,U1,dram-7-1/port,bank,2048,0,1,0.0948323763659937
6,36,local,U1,dram-8-0/port,bank,2560,0,2,0.11854047045749212
6,36,local,U1,dram-8-1/port,bank,2048,0,1,0.0948323763659937
6,36,local,U1,dram-9-0/port,bank,2560,0,2,0.11854047045749212
6,36,local,U1,dram-9-1/port,bank,2048,0,1,0.0948323763659937
6,36,local,U1,host-controller/channel,controller_channel,256,0,1,0.011854047045749213
6,36,local,U1,host-controller/command,controller_command,8,0,1,0.0003704389701796629
6,36,local,U1,host-memory/port,external,512,0,1,0.023708094091498426
6,36,local,U1,sram-0/port,sram,6144,0,10,0.2844971290979811
6,36,local,U1,sram-1/port,sram,5888,0,9,0.2726430820522319
6,36,local,U1,sram-10/port,sram,5888,0,9,0.2726430820522319
6,36,local,U1,sram-11/port,sram,5888,0,9,0.2726430820522319
6,36,local,U1,sram-12/port,sram,5888,0,9,0.2726430820522319
6,36,local,U1,sram-13/port,sram,5888,0,9,0.2726430820522319
6,36,local,U1,sram-14/port,sram,5888,0,9,0.2726430820522319
6,36,local,U1,sram-15/port,sram,5888,0,9,0.2726430820522319
6,36,local,U1,sram-16/port,sram,5888,0,9,0.2726430820522319
6,36,local,U1,sram-17/port,sram,5888,0,9,0.2726430820522319
6,36,local,U1,sram-18/port,sram,5888,0,9,0.2726430820522319
6,36,local,U1,sram-19/port,sram,5888,0,9,0.2726430820522319
6,36,local,U1,sram-2/port,sram,5888,0,9,0.2726430820522319
6,36,local,U1,sram-20/port,sram,5888,0,9,0.2726430820522319
6,36,local,U1,sram-21/port,sram,5888,0,9,0.2726430820522319
6,36,local,U1,sram-22/port,sram,5888,0,9,0.2726430820522319
6,36,local,U1,sram-23/port,sram,5888,0,9,0.2726430820522319
6,36,local,U1,sram-24/port,sram,5888,0,9,0.2726430820522319
6,36,local,U1,sram-25/port,sram,5888,0,9,0.2726430820522319
6,36,local,U1,sram-26/port,sram,5888,0,9,0.2726430820522319
6,36,local,U1,sram-27/port,sram,5888,0,9,0.2726430820522319
6,36,local,U1,sram-28/port,sram,5888,0,9,0.2726430820522319
6,36,local,U1,sram-29/port,sram,5888,0,9,0.2726430820522319
6,36,local,U1,sram-3/port,sram,5888,0,9,0.2726430820522319
6,36,local,U1,sram-30/port,sram,5888,0,9,0.2726430820522319
6,36,local,U1,sram-31/port,sram,5888,0,9,0.2726430820522319
6,36,local,U1,sram-32/port,sram,5888,0,9,0.2726430820522319
6,36,local,U1,sram-33/port,sram,5888,0,9,0.2726430820522319
6,36,local,U1,sram-34/port,sram,5888,0,9,0.2726430820522319
6,36,local,U1,sram-35/port,sram,5888,0,9,0.2726430820522319
6,36,local,U1,sram-4/port,sram,5888,0,9,0.2726430820522319
6,36,local,U1,sram-5/port,sram,5888,0,9,0.2726430820522319
6,36,local,U1,sram-6/port,sram,5888,0,9,0.2726430820522319
6,36,local,U1,sram-7/port,sram,5888,0,9,0.2726430820522319
6,36,local,U1,sram-8/port,sram,5888,0,9,0.2726430820522319
6,36,local,U1,sram-9/port,sram,5888,0,9,0.2726430820522319
6,36,local,S,c0,compute,4096,0,2,0.17135924360958876
6,36,local,S,c1,compute,4096,0,2,0.17135924360958876
6,36,local,S,c10,compute,4096,0,2,0.17135924360958876
6,36,local,S,c11,compute,4096,0,2,0.17135924360958876
6,36,local,S,c12,compute,4096,0,2,0.17135924360958876
6,36,local,S,c13,compute,4096,0,2,0.17135924360958876
6,36,local,S,c14,compute,4096,0,2,0.17135924360958876
6,36,local,S,c15,compute,4096,0,2,0.17135924360958876
6,36,local,S,c16,compute,4096,0,2,0.17135924360958876
6,36,local,S,c17,compute,4096,0,2,0.17135924360958876
6,36,local,S,c18,compute,4096,0,2,0.17135924360958876
6,36,local,S,c19,compute,4096,0,2,0.17135924360958876
6,36,local,S,c2,compute,4096,0,2,0.17135924360958876
6,36,local,S,c20,compute,4096,0,2,0.17135924360958876
6,36,local,S,c21,compute,4096,0,2,0.17135924360958876
6,36,local,S,c22,compute,4096,0,2,0.17135924360958876
6,36,local,S,c23,compute,4096,0,2,0.17135924360958876
6,36,local,S,c24,compute,4096,0,2,0.17135924360958876
6,36,local,S,c25,compute,4096,0,2,0.17135924360958876
6,36,local,S,c26,compute,4096,0,2,0.17135924360958876
6,36,local,S,c27,compute,4096,0,2,0.17135924360958876
6,36,local,S,c28,compute,4096,0,2,0.17135924360958876
6,36,local,S,c29,compute,4096,0,2,0.17135924360958876
6,36,local,S,c3,compute,4096,0,2,0.17135924360958876
6,36,local,S,c30,compute,4096,0,2,0.17135924360958876
6,36,local,S,c31,compute,4096,0,2,0.17135924360958876
6,36,local,S,c32,compute,4096,0,2,0.17135924360958876
6,36,local,S,c33,compute,4096,0,2,0.17135924360958876
6,36,local,S,c34,compute,4096,0,2,0.17135924360958876
6,36,local,S,c35,compute,4096,0,2,0.17135924360958876
6,36,local,S,c4,compute,4096,0,2,0.17135924360958876
6,36,local,S,c5,compute,4096,0,2,0.17135924360958876
6,36,local,S,c6,compute,4096,0,2,0.17135924360958876
6,36,local,S,c7,compute,4096,0,2,0.17135924360958876
6,36,local,S,c8,compute,4096,0,2,0.17135924360958876
6,36,local,S,c9,compute,4096,0,2,0.17135924360958876
6,36,local,S,controller-0/channel,controller_channel,2304,0,3,0.09638957453039368
6,36,local,S,controller-0/command,controller_command,12,0,3,0.0005020290340124671
6,36,local,S,controller-1/channel,controller_channel,2304,0,3,0.09638957453039368
6,36,local,S,controller-1/command,controller_command,12,0,3,0.0005020290340124671
6,36,local,S,controller-10/channel,controller_channel,2304,0,3,0.09638957453039368
6,36,local,S,controller-10/command,controller_command,12,0,3,0.0005020290340124671
6,36,local,S,controller-11/channel,controller_channel,2304,0,3,0.09638957453039368
6,36,local,S,controller-11/command,controller_command,12,0,3,0.0005020290340124671
6,36,local,S,controller-12/channel,controller_channel,2304,0,3,0.09638957453039368
6,36,local,S,controller-12/command,controller_command,12,0,3,0.0005020290340124671
6,36,local,S,controller-13/channel,controller_channel,2304,0,3,0.09638957453039368
6,36,local,S,controller-13/command,controller_command,12,0,3,0.0005020290340124671
6,36,local,S,controller-14/channel,controller_channel,2304,0,3,0.09638957453039368
6,36,local,S,controller-14/command,controller_command,12,0,3,0.0005020290340124671
6,36,local,S,controller-15/channel,controller_channel,2304,0,3,0.09638957453039368
6,36,local,S,controller-15/command,controller_command,12,0,3,0.0005020290340124671
6,36,local,S,controller-16/channel,controller_channel,2304,0,3,0.09638957453039368
6,36,local,S,controller-16/command,controller_command,12,0,3,0.0005020290340124671
6,36,local,S,controller-17/channel,controller_channel,2304,0,3,0.09638957453039368
6,36,local,S,controller-17/command,controller_command,12,0,3,0.0005020290340124671
6,36,local,S,controller-18/channel,controller_channel,2304,0,3,0.09638957453039368
6,36,local,S,controller-18/command,controller_command,12,0,3,0.0005020290340124671
6,36,local,S,controller-19/channel,controller_channel,2304,0,3,0.09638957453039368
6,36,local,S,controller-19/command,controller_command,12,0,3,0.0005020290340124671
6,36,local,S,controller-2/channel,controller_channel,2304,0,3,0.09638957453039368
6,36,local,S,controller-2/command,controller_command,12,0,3,0.0005020290340124671
6,36,local,S,controller-20/channel,controller_channel,2304,0,3,0.09638957453039368
6,36,local,S,controller-20/command,controller_command,12,0,3,0.0005020290340124671
6,36,local,S,controller-21/channel,controller_channel,2304,0,3,0.09638957453039368
6,36,local,S,controller-21/command,controller_command,12,0,3,0.0005020290340124671
6,36,local,S,controller-22/channel,controller_channel,2304,0,3,0.09638957453039368
6,36,local,S,controller-22/command,controller_command,12,0,3,0.0005020290340124671
6,36,local,S,controller-23/channel,controller_channel,2304,0,3,0.09638957453039368
6,36,local,S,controller-23/command,controller_command,12,0,3,0.0005020290340124671
6,36,local,S,controller-24/channel,controller_channel,2304,0,3,0.09638957453039368
6,36,local,S,controller-24/command,controller_command,12,0,3,0.0005020290340124671
6,36,local,S,controller-25/channel,controller_channel,2304,0,3,0.09638957453039368
6,36,local,S,controller-25/command,controller_command,12,0,3,0.0005020290340124671
6,36,local,S,controller-26/channel,controller_channel,2304,0,3,0.09638957453039368
6,36,local,S,controller-26/command,controller_command,12,0,3,0.0005020290340124671
6,36,local,S,controller-27/channel,controller_channel,2304,0,3,0.09638957453039368
6,36,local,S,controller-27/command,controller_command,12,0,3,0.0005020290340124671
6,36,local,S,controller-28/channel,controller_channel,2304,0,3,0.09638957453039368
6,36,local,S,controller-28/command,controller_command,12,0,3,0.0005020290340124671
6,36,local,S,controller-29/channel,controller_channel,2304,0,3,0.09638957453039368
6,36,local,S,controller-29/command,controller_command,12,0,3,0.0005020290340124671
6,36,local,S,controller-3/channel,controller_channel,2304,0,3,0.09638957453039368
6,36,local,S,controller-3/command,controller_command,12,0,3,0.0005020290340124671
6,36,local,S,controller-30/channel,controller_channel,2304,0,3,0.09638957453039368
6,36,local,S,controller-30/command,controller_command,12,0,3,0.0005020290340124671
6,36,local,S,controller-31/channel,controller_channel,2304,0,3,0.09638957453039368
6,36,local,S,controller-31/command,controller_command,12,0,3,0.0005020290340124671
6,36,local,S,controller-32/channel,controller_channel,2304,0,3,0.09638957453039368
6,36,local,S,controller-32/command,controller_command,12,0,3,0.0005020290340124671
6,36,local,S,controller-33/channel,controller_channel,2304,0,3,0.09638957453039368
6,36,local,S,controller-33/command,controller_command,12,0,3,0.0005020290340124671
6,36,local,S,controller-34/channel,controller_channel,2304,0,3,0.09638957453039368
6,36,local,S,controller-34/command,controller_command,12,0,3,0.0005020290340124671
6,36,local,S,controller-35/channel,controller_channel,2304,0,3,0.09638957453039368
6,36,local,S,controller-35/command,controller_command,12,0,3,0.0005020290340124671
6,36,local,S,controller-4/channel,controller_channel,2304,0,3,0.09638957453039368
6,36,local,S,controller-4/command,controller_command,12,0,3,0.0005020290340124671
6,36,local,S,controller-5/channel,controller_channel,2304,0,3,0.09638957453039368
6,36,local,S,controller-5/command,controller_command,12,0,3,0.0005020290340124671
6,36,local,S,controller-6/channel,controller_channel,2304,0,3,0.09638957453039368
6,36,local,S,controller-6/command,controller_command,12,0,3,0.0005020290340124671
6,36,local,S,controller-7/channel,controller_channel,2304,0,3,0.09638957453039368
6,36,local,S,controller-7/command,controller_command,12,0,3,0.0005020290340124671
6,36,local,S,controller-8/channel,controller_channel,2304,0,3,0.09638957453039368
6,36,local,S,controller-8/command,controller_command,12,0,3,0.0005020290340124671
6,36,local,S,controller-9/channel,controller_channel,2304,0,3,0.09638957453039368
6,36,local,S,controller-9/command,controller_command,12,0,3,0.0005020290340124671
6,36,local,S,dram-0-0/port,bank,2560,0,2,0.10709952725599298
6,36,local,S,dram-0-1/port,bank,2048,0,1,0.08567962180479438
6,36,local,S,dram-1-0/port,bank,2560,0,2,0.10709952725599298
6,36,local,S,dram-1-1/port,bank,2048,0,1,0.08567962180479438
6,36,local,S,dram-10-0/port,bank,2560,0,2,0.10709952725599298
6,36,local,S,dram-10-1/port,bank,2048,0,1,0.08567962180479438
6,36,local,S,dram-11-0/port,bank,2560,0,2,0.10709952725599298
6,36,local,S,dram-11-1/port,bank,2048,0,1,0.08567962180479438
6,36,local,S,dram-12-0/port,bank,2560,0,2,0.10709952725599298
6,36,local,S,dram-12-1/port,bank,2048,0,1,0.08567962180479438
6,36,local,S,dram-13-0/port,bank,2560,0,2,0.10709952725599298
6,36,local,S,dram-13-1/port,bank,2048,0,1,0.08567962180479438
6,36,local,S,dram-14-0/port,bank,2560,0,2,0.10709952725599298
6,36,local,S,dram-14-1/port,bank,2048,0,1,0.08567962180479438
6,36,local,S,dram-15-0/port,bank,2560,0,2,0.10709952725599298
6,36,local,S,dram-15-1/port,bank,2048,0,1,0.08567962180479438
6,36,local,S,dram-16-0/port,bank,2560,0,2,0.10709952725599298
6,36,local,S,dram-16-1/port,bank,2048,0,1,0.08567962180479438
6,36,local,S,dram-17-0/port,bank,2560,0,2,0.10709952725599298
6,36,local,S,dram-17-1/port,bank,2048,0,1,0.08567962180479438
6,36,local,S,dram-18-0/port,bank,2560,0,2,0.10709952725599298
6,36,local,S,dram-18-1/port,bank,2048,0,1,0.08567962180479438
6,36,local,S,dram-19-0/port,bank,2560,0,2,0.10709952725599298
6,36,local,S,dram-19-1/port,bank,2048,0,1,0.08567962180479438
6,36,local,S,dram-2-0/port,bank,2560,0,2,0.10709952725599298
6,36,local,S,dram-2-1/port,bank,2048,0,1,0.08567962180479438
6,36,local,S,dram-20-0/port,bank,2560,0,2,0.10709952725599298
6,36,local,S,dram-20-1/port,bank,2048,0,1,0.08567962180479438
6,36,local,S,dram-21-0/port,bank,2560,0,2,0.10709952725599298
6,36,local,S,dram-21-1/port,bank,2048,0,1,0.08567962180479438
6,36,local,S,dram-22-0/port,bank,2560,0,2,0.10709952725599298
6,36,local,S,dram-22-1/port,bank,2048,0,1,0.08567962180479438
6,36,local,S,dram-23-0/port,bank,2560,0,2,0.10709952725599298
6,36,local,S,dram-23-1/port,bank,2048,0,1,0.08567962180479438
6,36,local,S,dram-24-0/port,bank,2560,0,2,0.10709952725599298
6,36,local,S,dram-24-1/port,bank,2048,0,1,0.08567962180479438
6,36,local,S,dram-25-0/port,bank,2560,0,2,0.10709952725599298
6,36,local,S,dram-25-1/port,bank,2048,0,1,0.08567962180479438
6,36,local,S,dram-26-0/port,bank,2560,0,2,0.10709952725599298
6,36,local,S,dram-26-1/port,bank,2048,0,1,0.08567962180479438
6,36,local,S,dram-27-0/port,bank,2560,0,2,0.10709952725599298
6,36,local,S,dram-27-1/port,bank,2048,0,1,0.08567962180479438
6,36,local,S,dram-28-0/port,bank,2560,0,2,0.10709952725599298
6,36,local,S,dram-28-1/port,bank,2048,0,1,0.08567962180479438
6,36,local,S,dram-29-0/port,bank,2560,0,2,0.10709952725599298
6,36,local,S,dram-29-1/port,bank,2048,0,1,0.08567962180479438
6,36,local,S,dram-3-0/port,bank,2560,0,2,0.10709952725599298
6,36,local,S,dram-3-1/port,bank,2048,0,1,0.08567962180479438
6,36,local,S,dram-30-0/port,bank,2560,0,2,0.10709952725599298
6,36,local,S,dram-30-1/port,bank,2048,0,1,0.08567962180479438
6,36,local,S,dram-31-0/port,bank,2560,0,2,0.10709952725599298
6,36,local,S,dram-31-1/port,bank,2048,0,1,0.08567962180479438
6,36,local,S,dram-32-0/port,bank,2560,0,2,0.10709952725599298
6,36,local,S,dram-32-1/port,bank,2048,0,1,0.08567962180479438
6,36,local,S,dram-33-0/port,bank,2560,0,2,0.10709952725599298
6,36,local,S,dram-33-1/port,bank,2048,0,1,0.08567962180479438
6,36,local,S,dram-34-0/port,bank,2560,0,2,0.10709952725599298
6,36,local,S,dram-34-1/port,bank,2048,0,1,0.08567962180479438
6,36,local,S,dram-35-0/port,bank,2560,0,2,0.10709952725599298
6,36,local,S,dram-35-1/port,bank,2048,0,1,0.08567962180479438
6,36,local,S,dram-4-0/port,bank,2560,0,2,0.10709952725599298
6,36,local,S,dram-4-1/port,bank,2048,0,1,0.08567962180479438
6,36,local,S,dram-5-0/port,bank,2560,0,2,0.10709952725599298
6,36,local,S,dram-5-1/port,bank,2048,0,1,0.08567962180479438
6,36,local,S,dram-6-0/port,bank,2560,0,2,0.10709952725599298
6,36,local,S,dram-6-1/port,bank,2048,0,1,0.08567962180479438
6,36,local,S,dram-7-0/port,bank,2560,0,2,0.10709952725599298
6,36,local,S,dram-7-1/port,bank,2048,0,1,0.08567962180479438
6,36,local,S,dram-8-0/port,bank,2560,0,2,0.10709952725599298
6,36,local,S,dram-8-1/port,bank,2048,0,1,0.08567962180479438
6,36,local,S,dram-9-0/port,bank,2560,0,2,0.10709952725599298
6,36,local,S,dram-9-1/port,bank,2048,0,1,0.08567962180479438
6,36,local,S,host-controller/channel,controller_channel,256,0,1,0.010709952725599298
6,36,local,S,host-controller/command,controller_command,8,0,1,0.00033468602267497805
6,36,local,S,host-memory/port,external,512,0,1,0.021419905451198595
6,36,local,S,sram-0/port,sram,6144,0,10,0.25703886541438314
6,36,local,S,sram-1/port,sram,5888,0,9,0.24632891268878385
6,36,local,S,sram-10/port,sram,5888,0,9,0.24632891268878385
6,36,local,S,sram-11/port,sram,5888,0,9,0.24632891268878385
6,36,local,S,sram-12/port,sram,5888,0,9,0.24632891268878385
6,36,local,S,sram-13/port,sram,5888,0,9,0.24632891268878385
6,36,local,S,sram-14/port,sram,5888,0,9,0.24632891268878385
6,36,local,S,sram-15/port,sram,5888,0,9,0.24632891268878385
6,36,local,S,sram-16/port,sram,5888,0,9,0.24632891268878385
6,36,local,S,sram-17/port,sram,5888,0,9,0.24632891268878385
6,36,local,S,sram-18/port,sram,5888,0,9,0.24632891268878385
6,36,local,S,sram-19/port,sram,5888,0,9,0.24632891268878385
6,36,local,S,sram-2/port,sram,5888,0,9,0.24632891268878385
6,36,local,S,sram-20/port,sram,5888,0,9,0.24632891268878385
6,36,local,S,sram-21/port,sram,5888,0,9,0.24632891268878385
6,36,local,S,sram-22/port,sram,5888,0,9,0.24632891268878385
6,36,local,S,sram-23/port,sram,5888,0,9,0.24632891268878385
6,36,local,S,sram-24/port,sram,5888,0,9,0.24632891268878385
6,36,local,S,sram-25/port,sram,5888,0,9,0.24632891268878385
6,36,local,S,sram-26/port,sram,5888,0,9,0.24632891268878385
6,36,local,S,sram-27/port,sram,5888,0,9,0.24632891268878385
6,36,local,S,sram-28/port,sram,5888,0,9,0.24632891268878385
6,36,local,S,sram-29/port,sram,5888,0,9,0.24632891268878385
6,36,local,S,sram-3/port,sram,5888,0,9,0.24632891268878385
6,36,local,S,sram-30/port,sram,5888,0,9,0.24632891268878385
6,36,local,S,sram-31/port,sram,5888,0,9,0.24632891268878385
6,36,local,S,sram-32/port,sram,5888,0,9,0.24632891268878385
6,36,local,S,sram-33/port,sram,5888,0,9,0.24632891268878385
6,36,local,S,sram-34/port,sram,5888,0,9,0.24632891268878385
6,36,local,S,sram-35/port,sram,5888,0,9,0.24632891268878385
6,36,local,S,sram-4/port,sram,5888,0,9,0.24632891268878385
6,36,local,S,sram-5/port,sram,5888,0,9,0.24632891268878385
6,36,local,S,sram-6/port,sram,5888,0,9,0.24632891268878385
6,36,local,S,sram-7/port,sram,5888,0,9,0.24632891268878385
6,36,local,S,sram-8/port,sram,5888,0,9,0.24632891268878385
6,36,local,S,sram-9/port,sram,5888,0,9,0.24632891268878385
6,36,clustered_local,U0,c0,compute,4096,0,2,0.27660723933009185
6,36,clustered_local,U0,c1,compute,4096,0,2,0.27660723933009185
6,36,clustered_local,U0,c10,compute,4096,0,2,0.27660723933009185
6,36,clustered_local,U0,c11,compute,4096,0,2,0.27660723933009185
6,36,clustered_local,U0,c12,compute,4096,0,2,0.27660723933009185
6,36,clustered_local,U0,c13,compute,4096,0,2,0.27660723933009185
6,36,clustered_local,U0,c14,compute,4096,0,2,0.27660723933009185
6,36,clustered_local,U0,c15,compute,4096,0,2,0.27660723933009185
6,36,clustered_local,U0,c16,compute,4096,0,2,0.27660723933009185
6,36,clustered_local,U0,c17,compute,4096,0,2,0.27660723933009185
6,36,clustered_local,U0,c18,compute,4096,0,2,0.27660723933009185
6,36,clustered_local,U0,c19,compute,4096,0,2,0.27660723933009185
6,36,clustered_local,U0,c2,compute,4096,0,2,0.27660723933009185
6,36,clustered_local,U0,c20,compute,4096,0,2,0.27660723933009185
6,36,clustered_local,U0,c21,compute,4096,0,2,0.27660723933009185
6,36,clustered_local,U0,c22,compute,4096,0,2,0.27660723933009185
6,36,clustered_local,U0,c23,compute,4096,0,2,0.27660723933009185
6,36,clustered_local,U0,c24,compute,4096,0,2,0.27660723933009185
6,36,clustered_local,U0,c25,compute,4096,0,2,0.27660723933009185
6,36,clustered_local,U0,c26,compute,4096,0,2,0.27660723933009185
6,36,clustered_local,U0,c27,compute,4096,0,2,0.27660723933009185
6,36,clustered_local,U0,c28,compute,4096,0,2,0.27660723933009185
6,36,clustered_local,U0,c29,compute,4096,0,2,0.27660723933009185
6,36,clustered_local,U0,c3,compute,4096,0,2,0.27660723933009185
6,36,clustered_local,U0,c30,compute,4096,0,2,0.27660723933009185
6,36,clustered_local,U0,c31,compute,4096,0,2,0.27660723933009185
6,36,clustered_local,U0,c32,compute,4096,0,2,0.27660723933009185
6,36,clustered_local,U0,c33,compute,4096,0,2,0.27660723933009185
6,36,clustered_local,U0,c34,compute,4096,0,2,0.27660723933009185
6,36,clustered_local,U0,c35,compute,4096,0,2,0.27660723933009185
6,36,clustered_local,U0,c4,compute,4096,0,2,0.27660723933009185
6,36,clustered_local,U0,c5,compute,4096,0,2,0.27660723933009185
6,36,clustered_local,U0,c6,compute,4096,0,2,0.27660723933009185
6,36,clustered_local,U0,c7,compute,4096,0,2,0.27660723933009185
6,36,clustered_local,U0,c8,compute,4096,0,2,0.27660723933009185
6,36,clustered_local,U0,c9,compute,4096,0,2,0.27660723933009185
6,36,clustered_local,U0,host-controller/channel,controller_channel,256,0,1,0.01728795245813074
6,36,clustered_local,U0,host-controller/command,controller_command,8,0,1,0.0005402485143165856
6,36,clustered_local,U0,host-memory/port,external,512,0,1,0.03457590491626148
6,36,clustered_local,U0,sram-0/port,sram,6144,0,10,0.41491085899513774
6,36,clustered_local,U0,sram-1/port,sram,5888,0,9,0.39762290653700705
6,36,clustered_local,U0,sram-10/port,sram,5888,0,9,0.39762290653700705
6,36,clustered_local,U0,sram-11/port,sram,5888,0,9,0.39762290653700705
6,36,clustered_local,U0,sram-12/port,sram,5888,0,9,0.39762290653700705
6,36,clustered_local,U0,sram-13/port,sram,5888,0,9,0.39762290653700705
6,36,clustered_local,U0,sram-14/port,sram,5888,0,9,0.39762290653700705
6,36,clustered_local,U0,sram-15/port,sram,5888,0,9,0.39762290653700705
6,36,clustered_local,U0,sram-16/port,sram,5888,0,9,0.39762290653700705
6,36,clustered_local,U0,sram-17/port,sram,5888,0,9,0.39762290653700705
6,36,clustered_local,U0,sram-18/port,sram,5888,0,9,0.39762290653700705
6,36,clustered_local,U0,sram-19/port,sram,5888,0,9,0.39762290653700705
6,36,clustered_local,U0,sram-2/port,sram,5888,0,9,0.39762290653700705
6,36,clustered_local,U0,sram-20/port,sram,5888,0,9,0.39762290653700705
6,36,clustered_local,U0,sram-21/port,sram,5888,0,9,0.39762290653700705
6,36,clustered_local,U0,sram-22/port,sram,5888,0,9,0.39762290653700705
6,36,clustered_local,U0,sram-23/port,sram,5888,0,9,0.39762290653700705
6,36,clustered_local,U0,sram-24/port,sram,5888,0,9,0.39762290653700705
6,36,clustered_local,U0,sram-25/port,sram,5888,0,9,0.39762290653700705
6,36,clustered_local,U0,sram-26/port,sram,5888,0,9,0.39762290653700705
6,36,clustered_local,U0,sram-27/port,sram,5888,0,9,0.39762290653700705
6,36,clustered_local,U0,sram-28/port,sram,5888,0,9,0.39762290653700705
6,36,clustered_local,U0,sram-29/port,sram,5888,0,9,0.39762290653700705
6,36,clustered_local,U0,sram-3/port,sram,5888,0,9,0.39762290653700705
6,36,clustered_local,U0,sram-30/port,sram,5888,0,9,0.39762290653700705
6,36,clustered_local,U0,sram-31/port,sram,5888,0,9,0.39762290653700705
6,36,clustered_local,U0,sram-32/port,sram,5888,0,9,0.39762290653700705
6,36,clustered_local,U0,sram-33/port,sram,5888,0,9,0.39762290653700705
6,36,clustered_local,U0,sram-34/port,sram,5888,0,9,0.39762290653700705
6,36,clustered_local,U0,sram-35/port,sram,5888,0,9,0.39762290653700705
6,36,clustered_local,U0,sram-4/port,sram,5888,0,9,0.39762290653700705
6,36,clustered_local,U0,sram-5/port,sram,5888,0,9,0.39762290653700705
6,36,clustered_local,U0,sram-6/port,sram,5888,0,9,0.39762290653700705
6,36,clustered_local,U0,sram-7/port,sram,5888,0,9,0.39762290653700705
6,36,clustered_local,U0,sram-8/port,sram,5888,0,9,0.39762290653700705
6,36,clustered_local,U0,sram-9/port,sram,5888,0,9,0.39762290653700705
6,36,clustered_local,U0,uniform/bank,bank,2376,17001,108,0.16045380875202594
6,36,clustered_local,U0,uniform/channel,controller_channel,2376,0,108,0.16045380875202594
6,36,clustered_local,U0,uniform/command,controller_command,108,595,108,0.007293354943273906
6,36,clustered_local,U1,c0,compute,4096,0,2,0.14575475055156217
6,36,clustered_local,U1,c1,compute,4096,0,2,0.14575475055156217
6,36,clustered_local,U1,c10,compute,4096,0,2,0.14575475055156217
6,36,clustered_local,U1,c11,compute,4096,0,2,0.14575475055156217
6,36,clustered_local,U1,c12,compute,4096,0,2,0.14575475055156217
6,36,clustered_local,U1,c13,compute,4096,0,2,0.14575475055156217
6,36,clustered_local,U1,c14,compute,4096,0,2,0.14575475055156217
6,36,clustered_local,U1,c15,compute,4096,0,2,0.14575475055156217
6,36,clustered_local,U1,c16,compute,4096,0,2,0.14575475055156217
6,36,clustered_local,U1,c17,compute,4096,0,2,0.14575475055156217
6,36,clustered_local,U1,c18,compute,4096,0,2,0.14575475055156217
6,36,clustered_local,U1,c19,compute,4096,0,2,0.14575475055156217
6,36,clustered_local,U1,c2,compute,4096,0,2,0.14575475055156217
6,36,clustered_local,U1,c20,compute,4096,0,2,0.14575475055156217
6,36,clustered_local,U1,c21,compute,4096,0,2,0.14575475055156217
6,36,clustered_local,U1,c22,compute,4096,0,2,0.14575475055156217
6,36,clustered_local,U1,c23,compute,4096,0,2,0.14575475055156217
6,36,clustered_local,U1,c24,compute,4096,0,2,0.14575475055156217
6,36,clustered_local,U1,c25,compute,4096,0,2,0.14575475055156217
6,36,clustered_local,U1,c26,compute,4096,0,2,0.14575475055156217
6,36,clustered_local,U1,c27,compute,4096,0,2,0.14575475055156217
6,36,clustered_local,U1,c28,compute,4096,0,2,0.14575475055156217
6,36,clustered_local,U1,c29,compute,4096,0,2,0.14575475055156217
6,36,clustered_local,U1,c3,compute,4096,0,2,0.14575475055156217
6,36,clustered_local,U1,c30,compute,4096,0,2,0.14575475055156217
6,36,clustered_local,U1,c31,compute,4096,0,2,0.14575475055156217
6,36,clustered_local,U1,c32,compute,4096,0,2,0.14575475055156217
6,36,clustered_local,U1,c33,compute,4096,0,2,0.14575475055156217
6,36,clustered_local,U1,c34,compute,4096,0,2,0.14575475055156217
6,36,clustered_local,U1,c35,compute,4096,0,2,0.14575475055156217
6,36,clustered_local,U1,c4,compute,4096,0,2,0.14575475055156217
6,36,clustered_local,U1,c5,compute,4096,0,2,0.14575475055156217
6,36,clustered_local,U1,c6,compute,4096,0,2,0.14575475055156217
6,36,clustered_local,U1,c7,compute,4096,0,2,0.14575475055156217
6,36,clustered_local,U1,c8,compute,4096,0,2,0.14575475055156217
6,36,clustered_local,U1,c9,compute,4096,0,2,0.14575475055156217
6,36,clustered_local,U1,controller-0/channel,controller_channel,9216,0,12,0.3279481887410149
6,36,clustered_local,U1,controller-0/command,controller_command,48,12,12,0.0017080634830261192
6,36,clustered_local,U1,controller-12/channel,controller_channel,9216,79,12,0.3279481887410149
6,36,clustered_local,U1,controller-12/command,controller_command,48,24,12,0.0017080634830261192
6,36,clustered_local,U1,controller-14/channel,controller_channel,9216,0,12,0.3279481887410149
6,36,clustered_local,U1,controller-14/command,controller_command,48,24,12,0.0017080634830261192
6,36,clustered_local,U1,controller-16/channel,controller_channel,9216,0,12,0.3279481887410149
6,36,clustered_local,U1,controller-16/command,controller_command,48,24,12,0.0017080634830261192
6,36,clustered_local,U1,controller-2/channel,controller_channel,9216,0,12,0.3279481887410149
6,36,clustered_local,U1,controller-2/command,controller_command,48,30,12,0.0017080634830261192
6,36,clustered_local,U1,controller-24/channel,controller_channel,9216,79,12,0.3279481887410149
6,36,clustered_local,U1,controller-24/command,controller_command,48,24,12,0.0017080634830261192
6,36,clustered_local,U1,controller-26/channel,controller_channel,9216,0,12,0.3279481887410149
6,36,clustered_local,U1,controller-26/command,controller_command,48,24,12,0.0017080634830261192
6,36,clustered_local,U1,controller-28/channel,controller_channel,9216,0,12,0.3279481887410149
6,36,clustered_local,U1,controller-28/command,controller_command,48,24,12,0.0017080634830261192
6,36,clustered_local,U1,controller-4/channel,controller_channel,9216,0,12,0.3279481887410149
6,36,clustered_local,U1,controller-4/command,controller_command,48,24,12,0.0017080634830261192
6,36,clustered_local,U1,dram-0-0/port,bank,10240,10590,8,0.36438687637890543
6,36,clustered_local,U1,dram-0-1/port,bank,8192,3802,4,0.29150950110312435
6,36,clustered_local,U1,dram-12-0/port,bank,10240,12264,8,0.36438687637890543
6,36,clustered_local,U1,dram-12-1/port,bank,8192,105,4,0.29150950110312435
6,36,clustered_local,U1,dram-14-0/port,bank,10240,12264,8,0.36438687637890543
6,36,clustered_local,U1,dram-14-1/port,bank,8192,0,4,0.29150950110312435
6,36,clustered_local,U1,dram-16-0/port,bank,10240,12264,8,0.36438687637890543
6,36,clustered_local,U1,dram-16-1/port,bank,8192,0,4,0.29150950110312435
6,36,clustered_local,U1,dram-2-0/port,bank,10240,12264,8,0.36438687637890543
6,36,clustered_local,U1,dram-2-1/port,bank,8192,4088,4,0.29150950110312435
6,36,clustered_local,U1,dram-24-0/port,bank,10240,12264,8,0.36438687637890543
6,36,clustered_local,U1,dram-24-1/port,bank,8192,105,4,0.29150950110312435
6,36,clustered_local,U1,dram-26-0/port,bank,10240,12264,8,0.36438687637890543
6,36,clustered_local,U1,dram-26-1/port,bank,8192,0,4,0.29150950110312435
6,36,clustered_local,U1,dram-28-0/port,bank,10240,12264,8,0.36438687637890543
6,36,clustered_local,U1,dram-28-1/port,bank,8192,0,4,0.29150950110312435
6,36,clustered_local,U1,dram-4-0/port,bank,10240,12264,8,0.36438687637890543
6,36,clustered_local,U1,dram-4-1/port,bank,8192,0,4,0.29150950110312435
6,36,clustered_local,U1,host-controller/channel,controller_channel,256,0,1,0.009109671909472636
6,36,clustered_local,U1,host-controller/command,controller_command,8,0,1,0.00028467724717101987
6,36,clustered_local,U1,host-memory/port,external,512,0,1,0.01821934381894527
6,36,clustered_local,U1,sram-0/port,sram,6144,0,10,0.21863212582734326
6,36,clustered_local,U1,sram-1/port,sram,5888,0,9,0.2095224539178706
6,36,clustered_local,U1,sram-10/port,sram,5888,0,9,0.2095224539178706
6,36,clustered_local,U1,sram-11/port,sram,5888,0,9,0.2095224539178706
6,36,clustered_local,U1,sram-12/port,sram,5888,0,9,0.2095224539178706
6,36,clustered_local,U1,sram-13/port,sram,5888,0,9,0.2095224539178706
6,36,clustered_local,U1,sram-14/port,sram,5888,0,9,0.2095224539178706
6,36,clustered_local,U1,sram-15/port,sram,5888,0,9,0.2095224539178706
6,36,clustered_local,U1,sram-16/port,sram,5888,0,9,0.2095224539178706
6,36,clustered_local,U1,sram-17/port,sram,5888,0,9,0.2095224539178706
6,36,clustered_local,U1,sram-18/port,sram,5888,0,9,0.2095224539178706
6,36,clustered_local,U1,sram-19/port,sram,5888,0,9,0.2095224539178706
6,36,clustered_local,U1,sram-2/port,sram,5888,0,9,0.2095224539178706
6,36,clustered_local,U1,sram-20/port,sram,5888,0,9,0.2095224539178706
6,36,clustered_local,U1,sram-21/port,sram,5888,0,9,0.2095224539178706
6,36,clustered_local,U1,sram-22/port,sram,5888,0,9,0.2095224539178706
6,36,clustered_local,U1,sram-23/port,sram,5888,0,9,0.2095224539178706
6,36,clustered_local,U1,sram-24/port,sram,5888,0,9,0.2095224539178706
6,36,clustered_local,U1,sram-25/port,sram,5888,0,9,0.2095224539178706
6,36,clustered_local,U1,sram-26/port,sram,5888,0,9,0.2095224539178706
6,36,clustered_local,U1,sram-27/port,sram,5888,0,9,0.2095224539178706
6,36,clustered_local,U1,sram-28/port,sram,5888,0,9,0.2095224539178706
6,36,clustered_local,U1,sram-29/port,sram,5888,0,9,0.2095224539178706
6,36,clustered_local,U1,sram-3/port,sram,5888,0,9,0.2095224539178706
6,36,clustered_local,U1,sram-30/port,sram,5888,0,9,0.2095224539178706
6,36,clustered_local,U1,sram-31/port,sram,5888,0,9,0.2095224539178706
6,36,clustered_local,U1,sram-32/port,sram,5888,0,9,0.2095224539178706
6,36,clustered_local,U1,sram-33/port,sram,5888,0,9,0.2095224539178706
6,36,clustered_local,U1,sram-34/port,sram,5888,0,9,0.2095224539178706
6,36,clustered_local,U1,sram-35/port,sram,5888,0,9,0.2095224539178706
6,36,clustered_local,U1,sram-4/port,sram,5888,0,9,0.2095224539178706
6,36,clustered_local,U1,sram-5/port,sram,5888,0,9,0.2095224539178706
6,36,clustered_local,U1,sram-6/port,sram,5888,0,9,0.2095224539178706
6,36,clustered_local,U1,sram-7/port,sram,5888,0,9,0.2095224539178706
6,36,clustered_local,U1,sram-8/port,sram,5888,0,9,0.2095224539178706
6,36,clustered_local,U1,sram-9/port,sram,5888,0,9,0.2095224539178706
6,36,clustered_local,S,c0,compute,4096,0,2,0.13365965084026757
6,36,clustered_local,S,c1,compute,4096,0,2,0.13365965084026757
6,36,clustered_local,S,c10,compute,4096,0,2,0.13365965084026757
6,36,clustered_local,S,c11,compute,4096,0,2,0.13365965084026757
6,36,clustered_local,S,c12,compute,4096,0,2,0.13365965084026757
6,36,clustered_local,S,c13,compute,4096,0,2,0.13365965084026757
6,36,clustered_local,S,c14,compute,4096,0,2,0.13365965084026757
6,36,clustered_local,S,c15,compute,4096,0,2,0.13365965084026757
6,36,clustered_local,S,c16,compute,4096,0,2,0.13365965084026757
6,36,clustered_local,S,c17,compute,4096,0,2,0.13365965084026757
6,36,clustered_local,S,c18,compute,4096,0,2,0.13365965084026757
6,36,clustered_local,S,c19,compute,4096,0,2,0.13365965084026757
6,36,clustered_local,S,c2,compute,4096,0,2,0.13365965084026757
6,36,clustered_local,S,c20,compute,4096,0,2,0.13365965084026757
6,36,clustered_local,S,c21,compute,4096,0,2,0.13365965084026757
6,36,clustered_local,S,c22,compute,4096,0,2,0.13365965084026757
6,36,clustered_local,S,c23,compute,4096,0,2,0.13365965084026757
6,36,clustered_local,S,c24,compute,4096,0,2,0.13365965084026757
6,36,clustered_local,S,c25,compute,4096,0,2,0.13365965084026757
6,36,clustered_local,S,c26,compute,4096,0,2,0.13365965084026757
6,36,clustered_local,S,c27,compute,4096,0,2,0.13365965084026757
6,36,clustered_local,S,c28,compute,4096,0,2,0.13365965084026757
6,36,clustered_local,S,c29,compute,4096,0,2,0.13365965084026757
6,36,clustered_local,S,c3,compute,4096,0,2,0.13365965084026757
6,36,clustered_local,S,c30,compute,4096,0,2,0.13365965084026757
6,36,clustered_local,S,c31,compute,4096,0,2,0.13365965084026757
6,36,clustered_local,S,c32,compute,4096,0,2,0.13365965084026757
6,36,clustered_local,S,c33,compute,4096,0,2,0.13365965084026757
6,36,clustered_local,S,c34,compute,4096,0,2,0.13365965084026757
6,36,clustered_local,S,c35,compute,4096,0,2,0.13365965084026757
6,36,clustered_local,S,c4,compute,4096,0,2,0.13365965084026757
6,36,clustered_local,S,c5,compute,4096,0,2,0.13365965084026757
6,36,clustered_local,S,c6,compute,4096,0,2,0.13365965084026757
6,36,clustered_local,S,c7,compute,4096,0,2,0.13365965084026757
6,36,clustered_local,S,c8,compute,4096,0,2,0.13365965084026757
6,36,clustered_local,S,c9,compute,4096,0,2,0.13365965084026757
6,36,clustered_local,S,controller-0/channel,controller_channel,9216,0,12,0.30073421439060205
6,36,clustered_local,S,controller-0/command,controller_command,48,2,12,0.0015663240332843857
6,36,clustered_local,S,controller-12/channel,controller_channel,9216,0,12,0.30073421439060205
6,36,clustered_local,S,controller-12/command,controller_command,48,2,12,0.0015663240332843857
6,36,clustered_local,S,controller-14/channel,controller_channel,9216,0,12,0.30073421439060205
6,36,clustered_local,S,controller-14/command,controller_command,48,2,12,0.0015663240332843857
6,36,clustered_local,S,controller-16/channel,controller_channel,9216,0,12,0.30073421439060205
6,36,clustered_local,S,controller-16/command,controller_command,48,2,12,0.0015663240332843857
6,36,clustered_local,S,controller-2/channel,controller_channel,9216,0,12,0.30073421439060205
6,36,clustered_local,S,controller-2/command,controller_command,48,2,12,0.0015663240332843857
6,36,clustered_local,S,controller-24/channel,controller_channel,9216,0,12,0.30073421439060205
6,36,clustered_local,S,controller-24/command,controller_command,48,2,12,0.0015663240332843857
6,36,clustered_local,S,controller-26/channel,controller_channel,9216,0,12,0.30073421439060205
6,36,clustered_local,S,controller-26/command,controller_command,48,2,12,0.0015663240332843857
6,36,clustered_local,S,controller-28/channel,controller_channel,9216,0,12,0.30073421439060205
6,36,clustered_local,S,controller-28/command,controller_command,48,2,12,0.0015663240332843857
6,36,clustered_local,S,controller-4/channel,controller_channel,9216,0,12,0.30073421439060205
6,36,clustered_local,S,controller-4/command,controller_command,48,2,12,0.0015663240332843857
6,36,clustered_local,S,dram-0-0/port,bank,10240,10598,8,0.33414912710066896
6,36,clustered_local,S,dram-0-1/port,bank,8192,3828,4,0.26731930168053514
6,36,clustered_local,S,dram-12-0/port,bank,10240,12200,8,0.33414912710066896
6,36,clustered_local,S,dram-12-1/port,bank,8192,185,4,0.26731930168053514
6,36,clustered_local,S,dram-14-0/port,bank,10240,12200,8,0.33414912710066896
6,36,clustered_local,S,dram-14-1/port,bank,8192,311,4,0.26731930168053514
6,36,clustered_local,S,dram-16-0/port,bank,10240,12200,8,0.33414912710066896
6,36,clustered_local,S,dram-16-1/port,bank,8192,311,4,0.26731930168053514
6,36,clustered_local,S,dram-2-0/port,bank,10240,12200,8,0.33414912710066896
6,36,clustered_local,S,dram-2-1/port,bank,8192,3920,4,0.26731930168053514
6,36,clustered_local,S,dram-24-0/port,bank,10240,12200,8,0.33414912710066896
6,36,clustered_local,S,dram-24-1/port,bank,8192,185,4,0.26731930168053514
6,36,clustered_local,S,dram-26-0/port,bank,10240,12200,8,0.33414912710066896
6,36,clustered_local,S,dram-26-1/port,bank,8192,311,4,0.26731930168053514
6,36,clustered_local,S,dram-28-0/port,bank,10240,12200,8,0.33414912710066896
6,36,clustered_local,S,dram-28-1/port,bank,8192,311,4,0.26731930168053514
6,36,clustered_local,S,dram-4-0/port,bank,10240,12200,8,0.33414912710066896
6,36,clustered_local,S,dram-4-1/port,bank,8192,311,4,0.26731930168053514
6,36,clustered_local,S,host-controller/channel,controller_channel,256,0,1,0.008353728177516723
6,36,clustered_local,S,host-controller/command,controller_command,8,0,1,0.0002610540055473976
6,36,clustered_local,S,host-memory/port,external,512,0,1,0.016707456355033446
6,36,clustered_local,S,sram-0/port,sram,6144,0,10,0.20048947626040137
6,36,clustered_local,S,sram-1/port,sram,5888,0,9,0.19213574808288464
6,36,clustered_local,S,sram-10/port,sram,5888,0,9,0.19213574808288464
6,36,clustered_local,S,sram-11/port,sram,5888,0,9,0.19213574808288464
6,36,clustered_local,S,sram-12/port,sram,5888,0,9,0.19213574808288464
6,36,clustered_local,S,sram-13/port,sram,5888,0,9,0.19213574808288464
6,36,clustered_local,S,sram-14/port,sram,5888,0,9,0.19213574808288464
6,36,clustered_local,S,sram-15/port,sram,5888,0,9,0.19213574808288464
6,36,clustered_local,S,sram-16/port,sram,5888,0,9,0.19213574808288464
6,36,clustered_local,S,sram-17/port,sram,5888,0,9,0.19213574808288464
6,36,clustered_local,S,sram-18/port,sram,5888,0,9,0.19213574808288464
6,36,clustered_local,S,sram-19/port,sram,5888,0,9,0.19213574808288464
6,36,clustered_local,S,sram-2/port,sram,5888,0,9,0.19213574808288464
6,36,clustered_local,S,sram-20/port,sram,5888,0,9,0.19213574808288464
6,36,clustered_local,S,sram-21/port,sram,5888,0,9,0.19213574808288464
6,36,clustered_local,S,sram-22/port,sram,5888,0,9,0.19213574808288464
6,36,clustered_local,S,sram-23/port,sram,5888,0,9,0.19213574808288464
6,36,clustered_local,S,sram-24/port,sram,5888,0,9,0.19213574808288464
6,36,clustered_local,S,sram-25/port,sram,5888,0,9,0.19213574808288464
6,36,clustered_local,S,sram-26/port,sram,5888,0,9,0.19213574808288464
6,36,clustered_local,S,sram-27/port,sram,5888,0,9,0.19213574808288464
6,36,clustered_local,S,sram-28/port,sram,5888,0,9,0.19213574808288464
6,36,clustered_local,S,sram-29/port,sram,5888,0,9,0.19213574808288464
6,36,clustered_local,S,sram-3/port,sram,5888,0,9,0.19213574808288464
6,36,clustered_local,S,sram-30/port,sram,5888,0,9,0.19213574808288464
6,36,clustered_local,S,sram-31/port,sram,5888,0,9,0.19213574808288464
6,36,clustered_local,S,sram-32/port,sram,5888,0,9,0.19213574808288464
6,36,clustered_local,S,sram-33/port,sram,5888,0,9,0.19213574808288464
6,36,clustered_local,S,sram-34/port,sram,5888,0,9,0.19213574808288464
6,36,clustered_local,S,sram-35/port,sram,5888,0,9,0.19213574808288464
6,36,clustered_local,S,sram-4/port,sram,5888,0,9,0.19213574808288464
6,36,clustered_local,S,sram-5/port,sram,5888,0,9,0.19213574808288464
6,36,clustered_local,S,sram-6/port,sram,5888,0,9,0.19213574808288464
6,36,clustered_local,S,sram-7/port,sram,5888,0,9,0.19213574808288464
6,36,clustered_local,S,sram-8/port,sram,5888,0,9,0.19213574808288464
6,36,clustered_local,S,sram-9/port,sram,5888,0,9,0.19213574808288464
6,36,remote_balanced,U0,c0,compute,4096,0,2,0.27660723933009185
6,36,remote_balanced,U0,c1,compute,4096,0,2,0.27660723933009185
6,36,remote_balanced,U0,c10,compute,4096,0,2,0.27660723933009185
6,36,remote_balanced,U0,c11,compute,4096,0,2,0.27660723933009185
6,36,remote_balanced,U0,c12,compute,4096,0,2,0.27660723933009185
6,36,remote_balanced,U0,c13,compute,4096,0,2,0.27660723933009185
6,36,remote_balanced,U0,c14,compute,4096,0,2,0.27660723933009185
6,36,remote_balanced,U0,c15,compute,4096,0,2,0.27660723933009185
6,36,remote_balanced,U0,c16,compute,4096,0,2,0.27660723933009185
6,36,remote_balanced,U0,c17,compute,4096,0,2,0.27660723933009185
6,36,remote_balanced,U0,c18,compute,4096,0,2,0.27660723933009185
6,36,remote_balanced,U0,c19,compute,4096,0,2,0.27660723933009185
6,36,remote_balanced,U0,c2,compute,4096,0,2,0.27660723933009185
6,36,remote_balanced,U0,c20,compute,4096,0,2,0.27660723933009185
6,36,remote_balanced,U0,c21,compute,4096,0,2,0.27660723933009185
6,36,remote_balanced,U0,c22,compute,4096,0,2,0.27660723933009185
6,36,remote_balanced,U0,c23,compute,4096,0,2,0.27660723933009185
6,36,remote_balanced,U0,c24,compute,4096,0,2,0.27660723933009185
6,36,remote_balanced,U0,c25,compute,4096,0,2,0.27660723933009185
6,36,remote_balanced,U0,c26,compute,4096,0,2,0.27660723933009185
6,36,remote_balanced,U0,c27,compute,4096,0,2,0.27660723933009185
6,36,remote_balanced,U0,c28,compute,4096,0,2,0.27660723933009185
6,36,remote_balanced,U0,c29,compute,4096,0,2,0.27660723933009185
6,36,remote_balanced,U0,c3,compute,4096,0,2,0.27660723933009185
6,36,remote_balanced,U0,c30,compute,4096,0,2,0.27660723933009185
6,36,remote_balanced,U0,c31,compute,4096,0,2,0.27660723933009185
6,36,remote_balanced,U0,c32,compute,4096,0,2,0.27660723933009185
6,36,remote_balanced,U0,c33,compute,4096,0,2,0.27660723933009185
6,36,remote_balanced,U0,c34,compute,4096,0,2,0.27660723933009185
6,36,remote_balanced,U0,c35,compute,4096,0,2,0.27660723933009185
6,36,remote_balanced,U0,c4,compute,4096,0,2,0.27660723933009185
6,36,remote_balanced,U0,c5,compute,4096,0,2,0.27660723933009185
6,36,remote_balanced,U0,c6,compute,4096,0,2,0.27660723933009185
6,36,remote_balanced,U0,c7,compute,4096,0,2,0.27660723933009185
6,36,remote_balanced,U0,c8,compute,4096,0,2,0.27660723933009185
6,36,remote_balanced,U0,c9,compute,4096,0,2,0.27660723933009185
6,36,remote_balanced,U0,host-controller/channel,controller_channel,256,0,1,0.01728795245813074
6,36,remote_balanced,U0,host-controller/command,controller_command,8,0,1,0.0005402485143165856
6,36,remote_balanced,U0,host-memory/port,external,512,0,1,0.03457590491626148
6,36,remote_balanced,U0,sram-0/port,sram,6144,0,10,0.41491085899513774
6,36,remote_balanced,U0,sram-1/port,sram,5888,0,9,0.39762290653700705
6,36,remote_balanced,U0,sram-10/port,sram,5888,0,9,0.39762290653700705
6,36,remote_balanced,U0,sram-11/port,sram,5888,0,9,0.39762290653700705
6,36,remote_balanced,U0,sram-12/port,sram,5888,0,9,0.39762290653700705
6,36,remote_balanced,U0,sram-13/port,sram,5888,0,9,0.39762290653700705
6,36,remote_balanced,U0,sram-14/port,sram,5888,0,9,0.39762290653700705
6,36,remote_balanced,U0,sram-15/port,sram,5888,0,9,0.39762290653700705
6,36,remote_balanced,U0,sram-16/port,sram,5888,0,9,0.39762290653700705
6,36,remote_balanced,U0,sram-17/port,sram,5888,0,9,0.39762290653700705
6,36,remote_balanced,U0,sram-18/port,sram,5888,0,9,0.39762290653700705
6,36,remote_balanced,U0,sram-19/port,sram,5888,0,9,0.39762290653700705
6,36,remote_balanced,U0,sram-2/port,sram,5888,0,9,0.39762290653700705
6,36,remote_balanced,U0,sram-20/port,sram,5888,0,9,0.39762290653700705
6,36,remote_balanced,U0,sram-21/port,sram,5888,0,9,0.39762290653700705
6,36,remote_balanced,U0,sram-22/port,sram,5888,0,9,0.39762290653700705
6,36,remote_balanced,U0,sram-23/port,sram,5888,0,9,0.39762290653700705
6,36,remote_balanced,U0,sram-24/port,sram,5888,0,9,0.39762290653700705
6,36,remote_balanced,U0,sram-25/port,sram,5888,0,9,0.39762290653700705
6,36,remote_balanced,U0,sram-26/port,sram,5888,0,9,0.39762290653700705
6,36,remote_balanced,U0,sram-27/port,sram,5888,0,9,0.39762290653700705
6,36,remote_balanced,U0,sram-28/port,sram,5888,0,9,0.39762290653700705
6,36,remote_balanced,U0,sram-29/port,sram,5888,0,9,0.39762290653700705
6,36,remote_balanced,U0,sram-3/port,sram,5888,0,9,0.39762290653700705
6,36,remote_balanced,U0,sram-30/port,sram,5888,0,9,0.39762290653700705
6,36,remote_balanced,U0,sram-31/port,sram,5888,0,9,0.39762290653700705
6,36,remote_balanced,U0,sram-32/port,sram,5888,0,9,0.39762290653700705
6,36,remote_balanced,U0,sram-33/port,sram,5888,0,9,0.39762290653700705
6,36,remote_balanced,U0,sram-34/port,sram,5888,0,9,0.39762290653700705
6,36,remote_balanced,U0,sram-35/port,sram,5888,0,9,0.39762290653700705
6,36,remote_balanced,U0,sram-4/port,sram,5888,0,9,0.39762290653700705
6,36,remote_balanced,U0,sram-5/port,sram,5888,0,9,0.39762290653700705
6,36,remote_balanced,U0,sram-6/port,sram,5888,0,9,0.39762290653700705
6,36,remote_balanced,U0,sram-7/port,sram,5888,0,9,0.39762290653700705
6,36,remote_balanced,U0,sram-8/port,sram,5888,0,9,0.39762290653700705
6,36,remote_balanced,U0,sram-9/port,sram,5888,0,9,0.39762290653700705
6,36,remote_balanced,U0,uniform/bank,bank,2376,17001,108,0.16045380875202594
6,36,remote_balanced,U0,uniform/channel,controller_channel,2376,0,108,0.16045380875202594
6,36,remote_balanced,U0,uniform/command,controller_command,108,595,108,0.007293354943273906
6,36,remote_balanced,U1,c0,compute,4096,0,2,0.1896647527319874
6,36,remote_balanced,U1,c1,compute,4096,0,2,0.1896647527319874
6,36,remote_balanced,U1,c10,compute,4096,0,2,0.1896647527319874
6,36,remote_balanced,U1,c11,compute,4096,0,2,0.1896647527319874
6,36,remote_balanced,U1,c12,compute,4096,0,2,0.1896647527319874
6,36,remote_balanced,U1,c13,compute,4096,0,2,0.1896647527319874
6,36,remote_balanced,U1,c14,compute,4096,0,2,0.1896647527319874
6,36,remote_balanced,U1,c15,compute,4096,0,2,0.1896647527319874
6,36,remote_balanced,U1,c16,compute,4096,0,2,0.1896647527319874
6,36,remote_balanced,U1,c17,compute,4096,0,2,0.1896647527319874
6,36,remote_balanced,U1,c18,compute,4096,0,2,0.1896647527319874
6,36,remote_balanced,U1,c19,compute,4096,0,2,0.1896647527319874
6,36,remote_balanced,U1,c2,compute,4096,0,2,0.1896647527319874
6,36,remote_balanced,U1,c20,compute,4096,0,2,0.1896647527319874
6,36,remote_balanced,U1,c21,compute,4096,0,2,0.1896647527319874
6,36,remote_balanced,U1,c22,compute,4096,0,2,0.1896647527319874
6,36,remote_balanced,U1,c23,compute,4096,0,2,0.1896647527319874
6,36,remote_balanced,U1,c24,compute,4096,0,2,0.1896647527319874
6,36,remote_balanced,U1,c25,compute,4096,0,2,0.1896647527319874
6,36,remote_balanced,U1,c26,compute,4096,0,2,0.1896647527319874
6,36,remote_balanced,U1,c27,compute,4096,0,2,0.1896647527319874
6,36,remote_balanced,U1,c28,compute,4096,0,2,0.1896647527319874
6,36,remote_balanced,U1,c29,compute,4096,0,2,0.1896647527319874
6,36,remote_balanced,U1,c3,compute,4096,0,2,0.1896647527319874
6,36,remote_balanced,U1,c30,compute,4096,0,2,0.1896647527319874
6,36,remote_balanced,U1,c31,compute,4096,0,2,0.1896647527319874
6,36,remote_balanced,U1,c32,compute,4096,0,2,0.1896647527319874
6,36,remote_balanced,U1,c33,compute,4096,0,2,0.1896647527319874
6,36,remote_balanced,U1,c34,compute,4096,0,2,0.1896647527319874
6,36,remote_balanced,U1,c35,compute,4096,0,2,0.1896647527319874
6,36,remote_balanced,U1,c4,compute,4096,0,2,0.1896647527319874
6,36,remote_balanced,U1,c5,compute,4096,0,2,0.1896647527319874
6,36,remote_balanced,U1,c6,compute,4096,0,2,0.1896647527319874
6,36,remote_balanced,U1,c7,compute,4096,0,2,0.1896647527319874
6,36,remote_balanced,U1,c8,compute,4096,0,2,0.1896647527319874
6,36,remote_balanced,U1,c9,compute,4096,0,2,0.1896647527319874
6,36,remote_balanced,U1,controller-0/channel,controller_channel,2304,0,3,0.10668642341174292
6,36,remote_balanced,U1,controller-0/command,controller_command,12,0,3,0.0005556584552694943
6,36,remote_balanced,U1,controller-1/channel,controller_channel,2304,0,3,0.10668642341174292
6,36,remote_balanced,U1,controller-1/command,controller_command,12,0,3,0.0005556584552694943
6,36,remote_balanced,U1,controller-10/channel,controller_channel,2304,0,3,0.10668642341174292
6,36,remote_balanced,U1,controller-10/command,controller_command,12,0,3,0.0005556584552694943
6,36,remote_balanced,U1,controller-11/channel,controller_channel,2304,0,3,0.10668642341174292
6,36,remote_balanced,U1,controller-11/command,controller_command,12,0,3,0.0005556584552694943
6,36,remote_balanced,U1,controller-12/channel,controller_channel,2304,0,3,0.10668642341174292
6,36,remote_balanced,U1,controller-12/command,controller_command,12,0,3,0.0005556584552694943
6,36,remote_balanced,U1,controller-13/channel,controller_channel,2304,0,3,0.10668642341174292
6,36,remote_balanced,U1,controller-13/command,controller_command,12,0,3,0.0005556584552694943
6,36,remote_balanced,U1,controller-14/channel,controller_channel,2304,0,3,0.10668642341174292
6,36,remote_balanced,U1,controller-14/command,controller_command,12,0,3,0.0005556584552694943
6,36,remote_balanced,U1,controller-15/channel,controller_channel,2304,0,3,0.10668642341174292
6,36,remote_balanced,U1,controller-15/command,controller_command,12,0,3,0.0005556584552694943
6,36,remote_balanced,U1,controller-16/channel,controller_channel,2304,0,3,0.10668642341174292
6,36,remote_balanced,U1,controller-16/command,controller_command,12,0,3,0.0005556584552694943
6,36,remote_balanced,U1,controller-17/channel,controller_channel,2304,0,3,0.10668642341174292
6,36,remote_balanced,U1,controller-17/command,controller_command,12,0,3,0.0005556584552694943
6,36,remote_balanced,U1,controller-18/channel,controller_channel,2304,0,3,0.10668642341174292
6,36,remote_balanced,U1,controller-18/command,controller_command,12,0,3,0.0005556584552694943
6,36,remote_balanced,U1,controller-19/channel,controller_channel,2304,0,3,0.10668642341174292
6,36,remote_balanced,U1,controller-19/command,controller_command,12,0,3,0.0005556584552694943
6,36,remote_balanced,U1,controller-2/channel,controller_channel,2304,0,3,0.10668642341174292
6,36,remote_balanced,U1,controller-2/command,controller_command,12,0,3,0.0005556584552694943
6,36,remote_balanced,U1,controller-20/channel,controller_channel,2304,0,3,0.10668642341174292
6,36,remote_balanced,U1,controller-20/command,controller_command,12,0,3,0.0005556584552694943
6,36,remote_balanced,U1,controller-21/channel,controller_channel,2304,0,3,0.10668642341174292
6,36,remote_balanced,U1,controller-21/command,controller_command,12,0,3,0.0005556584552694943
6,36,remote_balanced,U1,controller-22/channel,controller_channel,2304,0,3,0.10668642341174292
6,36,remote_balanced,U1,controller-22/command,controller_command,12,0,3,0.0005556584552694943
6,36,remote_balanced,U1,controller-23/channel,controller_channel,2304,0,3,0.10668642341174292
6,36,remote_balanced,U1,controller-23/command,controller_command,12,0,3,0.0005556584552694943
6,36,remote_balanced,U1,controller-24/channel,controller_channel,2304,0,3,0.10668642341174292
6,36,remote_balanced,U1,controller-24/command,controller_command,12,0,3,0.0005556584552694943
6,36,remote_balanced,U1,controller-25/channel,controller_channel,2304,0,3,0.10668642341174292
6,36,remote_balanced,U1,controller-25/command,controller_command,12,0,3,0.0005556584552694943
6,36,remote_balanced,U1,controller-26/channel,controller_channel,2304,0,3,0.10668642341174292
6,36,remote_balanced,U1,controller-26/command,controller_command,12,0,3,0.0005556584552694943
6,36,remote_balanced,U1,controller-27/channel,controller_channel,2304,0,3,0.10668642341174292
6,36,remote_balanced,U1,controller-27/command,controller_command,12,0,3,0.0005556584552694943
6,36,remote_balanced,U1,controller-28/channel,controller_channel,2304,0,3,0.10668642341174292
6,36,remote_balanced,U1,controller-28/command,controller_command,12,0,3,0.0005556584552694943
6,36,remote_balanced,U1,controller-29/channel,controller_channel,2304,0,3,0.10668642341174292
6,36,remote_balanced,U1,controller-29/command,controller_command,12,0,3,0.0005556584552694943
6,36,remote_balanced,U1,controller-3/channel,controller_channel,2304,0,3,0.10668642341174292
6,36,remote_balanced,U1,controller-3/command,controller_command,12,0,3,0.0005556584552694943
6,36,remote_balanced,U1,controller-30/channel,controller_channel,2304,0,3,0.10668642341174292
6,36,remote_balanced,U1,controller-30/command,controller_command,12,0,3,0.0005556584552694943
6,36,remote_balanced,U1,controller-31/channel,controller_channel,2304,0,3,0.10668642341174292
6,36,remote_balanced,U1,controller-31/command,controller_command,12,0,3,0.0005556584552694943
6,36,remote_balanced,U1,controller-32/channel,controller_channel,2304,0,3,0.10668642341174292
6,36,remote_balanced,U1,controller-32/command,controller_command,12,0,3,0.0005556584552694943
6,36,remote_balanced,U1,controller-33/channel,controller_channel,2304,0,3,0.10668642341174292
6,36,remote_balanced,U1,controller-33/command,controller_command,12,0,3,0.0005556584552694943
6,36,remote_balanced,U1,controller-34/channel,controller_channel,2304,0,3,0.10668642341174292
6,36,remote_balanced,U1,controller-34/command,controller_command,12,0,3,0.0005556584552694943
6,36,remote_balanced,U1,controller-35/channel,controller_channel,2304,0,3,0.10668642341174292
6,36,remote_balanced,U1,controller-35/command,controller_command,12,0,3,0.0005556584552694943
6,36,remote_balanced,U1,controller-4/channel,controller_channel,2304,0,3,0.10668642341174292
6,36,remote_balanced,U1,controller-4/command,controller_command,12,0,3,0.0005556584552694943
6,36,remote_balanced,U1,controller-5/channel,controller_channel,2304,0,3,0.10668642341174292
6,36,remote_balanced,U1,controller-5/command,controller_command,12,0,3,0.0005556584552694943
6,36,remote_balanced,U1,controller-6/channel,controller_channel,2304,0,3,0.10668642341174292
6,36,remote_balanced,U1,controller-6/command,controller_command,12,0,3,0.0005556584552694943
6,36,remote_balanced,U1,controller-7/channel,controller_channel,2304,0,3,0.10668642341174292
6,36,remote_balanced,U1,controller-7/command,controller_command,12,0,3,0.0005556584552694943
6,36,remote_balanced,U1,controller-8/channel,controller_channel,2304,0,3,0.10668642341174292
6,36,remote_balanced,U1,controller-8/command,controller_command,12,0,3,0.0005556584552694943
6,36,remote_balanced,U1,controller-9/channel,controller_channel,2304,0,3,0.10668642341174292
6,36,remote_balanced,U1,controller-9/command,controller_command,12,0,3,0.0005556584552694943
6,36,remote_balanced,U1,dram-0-0/port,bank,2560,0,2,0.11854047045749212
6,36,remote_balanced,U1,dram-0-1/port,bank,2048,0,1,0.0948323763659937
6,36,remote_balanced,U1,dram-1-0/port,bank,2560,0,2,0.11854047045749212
6,36,remote_balanced,U1,dram-1-1/port,bank,2048,0,1,0.0948323763659937
6,36,remote_balanced,U1,dram-10-0/port,bank,2560,0,2,0.11854047045749212
6,36,remote_balanced,U1,dram-10-1/port,bank,2048,0,1,0.0948323763659937
6,36,remote_balanced,U1,dram-11-0/port,bank,2560,0,2,0.11854047045749212
6,36,remote_balanced,U1,dram-11-1/port,bank,2048,0,1,0.0948323763659937
6,36,remote_balanced,U1,dram-12-0/port,bank,2560,0,2,0.11854047045749212
6,36,remote_balanced,U1,dram-12-1/port,bank,2048,0,1,0.0948323763659937
6,36,remote_balanced,U1,dram-13-0/port,bank,2560,0,2,0.11854047045749212
6,36,remote_balanced,U1,dram-13-1/port,bank,2048,0,1,0.0948323763659937
6,36,remote_balanced,U1,dram-14-0/port,bank,2560,0,2,0.11854047045749212
6,36,remote_balanced,U1,dram-14-1/port,bank,2048,0,1,0.0948323763659937
6,36,remote_balanced,U1,dram-15-0/port,bank,2560,0,2,0.11854047045749212
6,36,remote_balanced,U1,dram-15-1/port,bank,2048,0,1,0.0948323763659937
6,36,remote_balanced,U1,dram-16-0/port,bank,2560,0,2,0.11854047045749212
6,36,remote_balanced,U1,dram-16-1/port,bank,2048,0,1,0.0948323763659937
6,36,remote_balanced,U1,dram-17-0/port,bank,2560,0,2,0.11854047045749212
6,36,remote_balanced,U1,dram-17-1/port,bank,2048,0,1,0.0948323763659937
6,36,remote_balanced,U1,dram-18-0/port,bank,2560,0,2,0.11854047045749212
6,36,remote_balanced,U1,dram-18-1/port,bank,2048,0,1,0.0948323763659937
6,36,remote_balanced,U1,dram-19-0/port,bank,2560,0,2,0.11854047045749212
6,36,remote_balanced,U1,dram-19-1/port,bank,2048,0,1,0.0948323763659937
6,36,remote_balanced,U1,dram-2-0/port,bank,2560,0,2,0.11854047045749212
6,36,remote_balanced,U1,dram-2-1/port,bank,2048,0,1,0.0948323763659937
6,36,remote_balanced,U1,dram-20-0/port,bank,2560,0,2,0.11854047045749212
6,36,remote_balanced,U1,dram-20-1/port,bank,2048,0,1,0.0948323763659937
6,36,remote_balanced,U1,dram-21-0/port,bank,2560,0,2,0.11854047045749212
6,36,remote_balanced,U1,dram-21-1/port,bank,2048,0,1,0.0948323763659937
6,36,remote_balanced,U1,dram-22-0/port,bank,2560,0,2,0.11854047045749212
6,36,remote_balanced,U1,dram-22-1/port,bank,2048,0,1,0.0948323763659937
6,36,remote_balanced,U1,dram-23-0/port,bank,2560,0,2,0.11854047045749212
6,36,remote_balanced,U1,dram-23-1/port,bank,2048,0,1,0.0948323763659937
6,36,remote_balanced,U1,dram-24-0/port,bank,2560,0,2,0.11854047045749212
6,36,remote_balanced,U1,dram-24-1/port,bank,2048,0,1,0.0948323763659937
6,36,remote_balanced,U1,dram-25-0/port,bank,2560,0,2,0.11854047045749212
6,36,remote_balanced,U1,dram-25-1/port,bank,2048,0,1,0.0948323763659937
6,36,remote_balanced,U1,dram-26-0/port,bank,2560,0,2,0.11854047045749212
6,36,remote_balanced,U1,dram-26-1/port,bank,2048,0,1,0.0948323763659937
6,36,remote_balanced,U1,dram-27-0/port,bank,2560,0,2,0.11854047045749212
6,36,remote_balanced,U1,dram-27-1/port,bank,2048,0,1,0.0948323763659937
6,36,remote_balanced,U1,dram-28-0/port,bank,2560,0,2,0.11854047045749212
6,36,remote_balanced,U1,dram-28-1/port,bank,2048,0,1,0.0948323763659937
6,36,remote_balanced,U1,dram-29-0/port,bank,2560,0,2,0.11854047045749212
6,36,remote_balanced,U1,dram-29-1/port,bank,2048,0,1,0.0948323763659937
6,36,remote_balanced,U1,dram-3-0/port,bank,2560,0,2,0.11854047045749212
6,36,remote_balanced,U1,dram-3-1/port,bank,2048,0,1,0.0948323763659937
6,36,remote_balanced,U1,dram-30-0/port,bank,2560,0,2,0.11854047045749212
6,36,remote_balanced,U1,dram-30-1/port,bank,2048,0,1,0.0948323763659937
6,36,remote_balanced,U1,dram-31-0/port,bank,2560,0,2,0.11854047045749212
6,36,remote_balanced,U1,dram-31-1/port,bank,2048,0,1,0.0948323763659937
6,36,remote_balanced,U1,dram-32-0/port,bank,2560,0,2,0.11854047045749212
6,36,remote_balanced,U1,dram-32-1/port,bank,2048,0,1,0.0948323763659937
6,36,remote_balanced,U1,dram-33-0/port,bank,2560,0,2,0.11854047045749212
6,36,remote_balanced,U1,dram-33-1/port,bank,2048,0,1,0.0948323763659937
6,36,remote_balanced,U1,dram-34-0/port,bank,2560,0,2,0.11854047045749212
6,36,remote_balanced,U1,dram-34-1/port,bank,2048,0,1,0.0948323763659937
6,36,remote_balanced,U1,dram-35-0/port,bank,2560,0,2,0.11854047045749212
6,36,remote_balanced,U1,dram-35-1/port,bank,2048,0,1,0.0948323763659937
6,36,remote_balanced,U1,dram-4-0/port,bank,2560,0,2,0.11854047045749212
6,36,remote_balanced,U1,dram-4-1/port,bank,2048,0,1,0.0948323763659937
6,36,remote_balanced,U1,dram-5-0/port,bank,2560,0,2,0.11854047045749212
6,36,remote_balanced,U1,dram-5-1/port,bank,2048,0,1,0.0948323763659937
6,36,remote_balanced,U1,dram-6-0/port,bank,2560,0,2,0.11854047045749212
6,36,remote_balanced,U1,dram-6-1/port,bank,2048,0,1,0.0948323763659937
6,36,remote_balanced,U1,dram-7-0/port,bank,2560,0,2,0.11854047045749212
6,36,remote_balanced,U1,dram-7-1/port,bank,2048,0,1,0.0948323763659937
6,36,remote_balanced,U1,dram-8-0/port,bank,2560,0,2,0.11854047045749212
6,36,remote_balanced,U1,dram-8-1/port,bank,2048,0,1,0.0948323763659937
6,36,remote_balanced,U1,dram-9-0/port,bank,2560,0,2,0.11854047045749212
6,36,remote_balanced,U1,dram-9-1/port,bank,2048,0,1,0.0948323763659937
6,36,remote_balanced,U1,host-controller/channel,controller_channel,256,0,1,0.011854047045749213
6,36,remote_balanced,U1,host-controller/command,controller_command,8,0,1,0.0003704389701796629
6,36,remote_balanced,U1,host-memory/port,external,512,0,1,0.023708094091498426
6,36,remote_balanced,U1,sram-0/port,sram,6144,0,10,0.2844971290979811
6,36,remote_balanced,U1,sram-1/port,sram,5888,0,9,0.2726430820522319
6,36,remote_balanced,U1,sram-10/port,sram,5888,0,9,0.2726430820522319
6,36,remote_balanced,U1,sram-11/port,sram,5888,0,9,0.2726430820522319
6,36,remote_balanced,U1,sram-12/port,sram,5888,0,9,0.2726430820522319
6,36,remote_balanced,U1,sram-13/port,sram,5888,0,9,0.2726430820522319
6,36,remote_balanced,U1,sram-14/port,sram,5888,0,9,0.2726430820522319
6,36,remote_balanced,U1,sram-15/port,sram,5888,0,9,0.2726430820522319
6,36,remote_balanced,U1,sram-16/port,sram,5888,0,9,0.2726430820522319
6,36,remote_balanced,U1,sram-17/port,sram,5888,0,9,0.2726430820522319
6,36,remote_balanced,U1,sram-18/port,sram,5888,0,9,0.2726430820522319
6,36,remote_balanced,U1,sram-19/port,sram,5888,0,9,0.2726430820522319
6,36,remote_balanced,U1,sram-2/port,sram,5888,0,9,0.2726430820522319
6,36,remote_balanced,U1,sram-20/port,sram,5888,0,9,0.2726430820522319
6,36,remote_balanced,U1,sram-21/port,sram,5888,0,9,0.2726430820522319
6,36,remote_balanced,U1,sram-22/port,sram,5888,0,9,0.2726430820522319
6,36,remote_balanced,U1,sram-23/port,sram,5888,0,9,0.2726430820522319
6,36,remote_balanced,U1,sram-24/port,sram,5888,0,9,0.2726430820522319
6,36,remote_balanced,U1,sram-25/port,sram,5888,0,9,0.2726430820522319
6,36,remote_balanced,U1,sram-26/port,sram,5888,0,9,0.2726430820522319
6,36,remote_balanced,U1,sram-27/port,sram,5888,0,9,0.2726430820522319
6,36,remote_balanced,U1,sram-28/port,sram,5888,0,9,0.2726430820522319
6,36,remote_balanced,U1,sram-29/port,sram,5888,0,9,0.2726430820522319
6,36,remote_balanced,U1,sram-3/port,sram,5888,0,9,0.2726430820522319
6,36,remote_balanced,U1,sram-30/port,sram,5888,0,9,0.2726430820522319
6,36,remote_balanced,U1,sram-31/port,sram,5888,0,9,0.2726430820522319
6,36,remote_balanced,U1,sram-32/port,sram,5888,0,9,0.2726430820522319
6,36,remote_balanced,U1,sram-33/port,sram,5888,0,9,0.2726430820522319
6,36,remote_balanced,U1,sram-34/port,sram,5888,0,9,0.2726430820522319
6,36,remote_balanced,U1,sram-35/port,sram,5888,0,9,0.2726430820522319
6,36,remote_balanced,U1,sram-4/port,sram,5888,0,9,0.2726430820522319
6,36,remote_balanced,U1,sram-5/port,sram,5888,0,9,0.2726430820522319
6,36,remote_balanced,U1,sram-6/port,sram,5888,0,9,0.2726430820522319
6,36,remote_balanced,U1,sram-7/port,sram,5888,0,9,0.2726430820522319
6,36,remote_balanced,U1,sram-8/port,sram,5888,0,9,0.2726430820522319
6,36,remote_balanced,U1,sram-9/port,sram,5888,0,9,0.2726430820522319
6,36,remote_balanced,S,c0,compute,4096,0,2,0.13085007826725872
6,36,remote_balanced,S,c1,compute,4096,0,2,0.13085007826725872
6,36,remote_balanced,S,c10,compute,4096,0,2,0.13085007826725872
6,36,remote_balanced,S,c11,compute,4096,0,2,0.13085007826725872
6,36,remote_balanced,S,c12,compute,4096,0,2,0.13085007826725872
6,36,remote_balanced,S,c13,compute,4096,0,2,0.13085007826725872
6,36,remote_balanced,S,c14,compute,4096,0,2,0.13085007826725872
6,36,remote_balanced,S,c15,compute,4096,0,2,0.13085007826725872
6,36,remote_balanced,S,c16,compute,4096,0,2,0.13085007826725872
6,36,remote_balanced,S,c17,compute,4096,0,2,0.13085007826725872
6,36,remote_balanced,S,c18,compute,4096,0,2,0.13085007826725872
6,36,remote_balanced,S,c19,compute,4096,0,2,0.13085007826725872
6,36,remote_balanced,S,c2,compute,4096,0,2,0.13085007826725872
6,36,remote_balanced,S,c20,compute,4096,0,2,0.13085007826725872
6,36,remote_balanced,S,c21,compute,4096,0,2,0.13085007826725872
6,36,remote_balanced,S,c22,compute,4096,0,2,0.13085007826725872
6,36,remote_balanced,S,c23,compute,4096,0,2,0.13085007826725872
6,36,remote_balanced,S,c24,compute,4096,0,2,0.13085007826725872
6,36,remote_balanced,S,c25,compute,4096,0,2,0.13085007826725872
6,36,remote_balanced,S,c26,compute,4096,0,2,0.13085007826725872
6,36,remote_balanced,S,c27,compute,4096,0,2,0.13085007826725872
6,36,remote_balanced,S,c28,compute,4096,0,2,0.13085007826725872
6,36,remote_balanced,S,c29,compute,4096,0,2,0.13085007826725872
6,36,remote_balanced,S,c3,compute,4096,0,2,0.13085007826725872
6,36,remote_balanced,S,c30,compute,4096,0,2,0.13085007826725872
6,36,remote_balanced,S,c31,compute,4096,0,2,0.13085007826725872
6,36,remote_balanced,S,c32,compute,4096,0,2,0.13085007826725872
6,36,remote_balanced,S,c33,compute,4096,0,2,0.13085007826725872
6,36,remote_balanced,S,c34,compute,4096,0,2,0.13085007826725872
6,36,remote_balanced,S,c35,compute,4096,0,2,0.13085007826725872
6,36,remote_balanced,S,c4,compute,4096,0,2,0.13085007826725872
6,36,remote_balanced,S,c5,compute,4096,0,2,0.13085007826725872
6,36,remote_balanced,S,c6,compute,4096,0,2,0.13085007826725872
6,36,remote_balanced,S,c7,compute,4096,0,2,0.13085007826725872
6,36,remote_balanced,S,c8,compute,4096,0,2,0.13085007826725872
6,36,remote_balanced,S,c9,compute,4096,0,2,0.13085007826725872
6,36,remote_balanced,S,controller-0/channel,controller_channel,2304,0,3,0.07360316902533304
6,36,remote_balanced,S,controller-0/command,controller_command,12,0,3,0.00038334983867360957
6,36,remote_balanced,S,controller-1/channel,controller_channel,2304,0,3,0.07360316902533304
6,36,remote_balanced,S,controller-1/command,controller_command,12,0,3,0.00038334983867360957
6,36,remote_balanced,S,controller-10/channel,controller_channel,2304,0,3,0.07360316902533304
6,36,remote_balanced,S,controller-10/command,controller_command,12,0,3,0.00038334983867360957
6,36,remote_balanced,S,controller-11/channel,controller_channel,2304,0,3,0.07360316902533304
6,36,remote_balanced,S,controller-11/command,controller_command,12,0,3,0.00038334983867360957
6,36,remote_balanced,S,controller-12/channel,controller_channel,2304,0,3,0.07360316902533304
6,36,remote_balanced,S,controller-12/command,controller_command,12,0,3,0.00038334983867360957
6,36,remote_balanced,S,controller-13/channel,controller_channel,2304,0,3,0.07360316902533304
6,36,remote_balanced,S,controller-13/command,controller_command,12,0,3,0.00038334983867360957
6,36,remote_balanced,S,controller-14/channel,controller_channel,2304,0,3,0.07360316902533304
6,36,remote_balanced,S,controller-14/command,controller_command,12,0,3,0.00038334983867360957
6,36,remote_balanced,S,controller-15/channel,controller_channel,2304,0,3,0.07360316902533304
6,36,remote_balanced,S,controller-15/command,controller_command,12,0,3,0.00038334983867360957
6,36,remote_balanced,S,controller-16/channel,controller_channel,2304,0,3,0.07360316902533304
6,36,remote_balanced,S,controller-16/command,controller_command,12,0,3,0.00038334983867360957
6,36,remote_balanced,S,controller-17/channel,controller_channel,2304,0,3,0.07360316902533304
6,36,remote_balanced,S,controller-17/command,controller_command,12,0,3,0.00038334983867360957
6,36,remote_balanced,S,controller-18/channel,controller_channel,2304,0,3,0.07360316902533304
6,36,remote_balanced,S,controller-18/command,controller_command,12,0,3,0.00038334983867360957
6,36,remote_balanced,S,controller-19/channel,controller_channel,2304,0,3,0.07360316902533304
6,36,remote_balanced,S,controller-19/command,controller_command,12,0,3,0.00038334983867360957
6,36,remote_balanced,S,controller-2/channel,controller_channel,2304,0,3,0.07360316902533304
6,36,remote_balanced,S,controller-2/command,controller_command,12,0,3,0.00038334983867360957
6,36,remote_balanced,S,controller-20/channel,controller_channel,2304,0,3,0.07360316902533304
6,36,remote_balanced,S,controller-20/command,controller_command,12,0,3,0.00038334983867360957
6,36,remote_balanced,S,controller-21/channel,controller_channel,2304,0,3,0.07360316902533304
6,36,remote_balanced,S,controller-21/command,controller_command,12,0,3,0.00038334983867360957
6,36,remote_balanced,S,controller-22/channel,controller_channel,2304,0,3,0.07360316902533304
6,36,remote_balanced,S,controller-22/command,controller_command,12,0,3,0.00038334983867360957
6,36,remote_balanced,S,controller-23/channel,controller_channel,2304,0,3,0.07360316902533304
6,36,remote_balanced,S,controller-23/command,controller_command,12,0,3,0.00038334983867360957
6,36,remote_balanced,S,controller-24/channel,controller_channel,2304,0,3,0.07360316902533304
6,36,remote_balanced,S,controller-24/command,controller_command,12,0,3,0.00038334983867360957
6,36,remote_balanced,S,controller-25/channel,controller_channel,2304,0,3,0.07360316902533304
6,36,remote_balanced,S,controller-25/command,controller_command,12,0,3,0.00038334983867360957
6,36,remote_balanced,S,controller-26/channel,controller_channel,2304,0,3,0.07360316902533304
6,36,remote_balanced,S,controller-26/command,controller_command,12,0,3,0.00038334983867360957
6,36,remote_balanced,S,controller-27/channel,controller_channel,2304,0,3,0.07360316902533304
6,36,remote_balanced,S,controller-27/command,controller_command,12,0,3,0.00038334983867360957
6,36,remote_balanced,S,controller-28/channel,controller_channel,2304,0,3,0.07360316902533304
6,36,remote_balanced,S,controller-28/command,controller_command,12,0,3,0.00038334983867360957
6,36,remote_balanced,S,controller-29/channel,controller_channel,2304,0,3,0.07360316902533304
6,36,remote_balanced,S,controller-29/command,controller_command,12,0,3,0.00038334983867360957
6,36,remote_balanced,S,controller-3/channel,controller_channel,2304,0,3,0.07360316902533304
6,36,remote_balanced,S,controller-3/command,controller_command,12,0,3,0.00038334983867360957
6,36,remote_balanced,S,controller-30/channel,controller_channel,2304,0,3,0.07360316902533304
6,36,remote_balanced,S,controller-30/command,controller_command,12,0,3,0.00038334983867360957
6,36,remote_balanced,S,controller-31/channel,controller_channel,2304,0,3,0.07360316902533304
6,36,remote_balanced,S,controller-31/command,controller_command,12,0,3,0.00038334983867360957
6,36,remote_balanced,S,controller-32/channel,controller_channel,2304,0,3,0.07360316902533304
6,36,remote_balanced,S,controller-32/command,controller_command,12,0,3,0.00038334983867360957
6,36,remote_balanced,S,controller-33/channel,controller_channel,2304,0,3,0.07360316902533304
6,36,remote_balanced,S,controller-33/command,controller_command,12,0,3,0.00038334983867360957
6,36,remote_balanced,S,controller-34/channel,controller_channel,2304,0,3,0.07360316902533304
6,36,remote_balanced,S,controller-34/command,controller_command,12,0,3,0.00038334983867360957
6,36,remote_balanced,S,controller-35/channel,controller_channel,2304,0,3,0.07360316902533304
6,36,remote_balanced,S,controller-35/command,controller_command,12,0,3,0.00038334983867360957
6,36,remote_balanced,S,controller-4/channel,controller_channel,2304,0,3,0.07360316902533304
6,36,remote_balanced,S,controller-4/command,controller_command,12,0,3,0.00038334983867360957
6,36,remote_balanced,S,controller-5/channel,controller_channel,2304,0,3,0.07360316902533304
6,36,remote_balanced,S,controller-5/command,controller_command,12,0,3,0.00038334983867360957
6,36,remote_balanced,S,controller-6/channel,controller_channel,2304,0,3,0.07360316902533304
6,36,remote_balanced,S,controller-6/command,controller_command,12,0,3,0.00038334983867360957
6,36,remote_balanced,S,controller-7/channel,controller_channel,2304,0,3,0.07360316902533304
6,36,remote_balanced,S,controller-7/command,controller_command,12,0,3,0.00038334983867360957
6,36,remote_balanced,S,controller-8/channel,controller_channel,2304,0,3,0.07360316902533304
6,36,remote_balanced,S,controller-8/command,controller_command,12,0,3,0.00038334983867360957
6,36,remote_balanced,S,controller-9/channel,controller_channel,2304,0,3,0.07360316902533304
6,36,remote_balanced,S,controller-9/command,controller_command,12,0,3,0.00038334983867360957
6,36,remote_balanced,S,dram-0-0/port,bank,2560,0,2,0.0817812989170367
6,36,remote_balanced,S,dram-0-1/port,bank,2048,0,1,0.06542503913362936
6,36,remote_balanced,S,dram-1-0/port,bank,2560,0,2,0.0817812989170367
6,36,remote_balanced,S,dram-1-1/port,bank,2048,0,1,0.06542503913362936
6,36,remote_balanced,S,dram-10-0/port,bank,2560,0,2,0.0817812989170367
6,36,remote_balanced,S,dram-10-1/port,bank,2048,0,1,0.06542503913362936
6,36,remote_balanced,S,dram-11-0/port,bank,2560,0,2,0.0817812989170367
6,36,remote_balanced,S,dram-11-1/port,bank,2048,0,1,0.06542503913362936
6,36,remote_balanced,S,dram-12-0/port,bank,2560,0,2,0.0817812989170367
6,36,remote_balanced,S,dram-12-1/port,bank,2048,0,1,0.06542503913362936
6,36,remote_balanced,S,dram-13-0/port,bank,2560,0,2,0.0817812989170367
6,36,remote_balanced,S,dram-13-1/port,bank,2048,0,1,0.06542503913362936
6,36,remote_balanced,S,dram-14-0/port,bank,2560,0,2,0.0817812989170367
6,36,remote_balanced,S,dram-14-1/port,bank,2048,0,1,0.06542503913362936
6,36,remote_balanced,S,dram-15-0/port,bank,2560,0,2,0.0817812989170367
6,36,remote_balanced,S,dram-15-1/port,bank,2048,0,1,0.06542503913362936
6,36,remote_balanced,S,dram-16-0/port,bank,2560,0,2,0.0817812989170367
6,36,remote_balanced,S,dram-16-1/port,bank,2048,0,1,0.06542503913362936
6,36,remote_balanced,S,dram-17-0/port,bank,2560,0,2,0.0817812989170367
6,36,remote_balanced,S,dram-17-1/port,bank,2048,0,1,0.06542503913362936
6,36,remote_balanced,S,dram-18-0/port,bank,2560,0,2,0.0817812989170367
6,36,remote_balanced,S,dram-18-1/port,bank,2048,0,1,0.06542503913362936
6,36,remote_balanced,S,dram-19-0/port,bank,2560,0,2,0.0817812989170367
6,36,remote_balanced,S,dram-19-1/port,bank,2048,0,1,0.06542503913362936
6,36,remote_balanced,S,dram-2-0/port,bank,2560,0,2,0.0817812989170367
6,36,remote_balanced,S,dram-2-1/port,bank,2048,0,1,0.06542503913362936
6,36,remote_balanced,S,dram-20-0/port,bank,2560,0,2,0.0817812989170367
6,36,remote_balanced,S,dram-20-1/port,bank,2048,0,1,0.06542503913362936
6,36,remote_balanced,S,dram-21-0/port,bank,2560,0,2,0.0817812989170367
6,36,remote_balanced,S,dram-21-1/port,bank,2048,0,1,0.06542503913362936
6,36,remote_balanced,S,dram-22-0/port,bank,2560,0,2,0.0817812989170367
6,36,remote_balanced,S,dram-22-1/port,bank,2048,0,1,0.06542503913362936
6,36,remote_balanced,S,dram-23-0/port,bank,2560,0,2,0.0817812989170367
6,36,remote_balanced,S,dram-23-1/port,bank,2048,0,1,0.06542503913362936
6,36,remote_balanced,S,dram-24-0/port,bank,2560,0,2,0.0817812989170367
6,36,remote_balanced,S,dram-24-1/port,bank,2048,0,1,0.06542503913362936
6,36,remote_balanced,S,dram-25-0/port,bank,2560,0,2,0.0817812989170367
6,36,remote_balanced,S,dram-25-1/port,bank,2048,0,1,0.06542503913362936
6,36,remote_balanced,S,dram-26-0/port,bank,2560,0,2,0.0817812989170367
6,36,remote_balanced,S,dram-26-1/port,bank,2048,0,1,0.06542503913362936
6,36,remote_balanced,S,dram-27-0/port,bank,2560,0,2,0.0817812989170367
6,36,remote_balanced,S,dram-27-1/port,bank,2048,0,1,0.06542503913362936
6,36,remote_balanced,S,dram-28-0/port,bank,2560,0,2,0.0817812989170367
6,36,remote_balanced,S,dram-28-1/port,bank,2048,0,1,0.06542503913362936
6,36,remote_balanced,S,dram-29-0/port,bank,2560,0,2,0.0817812989170367
6,36,remote_balanced,S,dram-29-1/port,bank,2048,0,1,0.06542503913362936
6,36,remote_balanced,S,dram-3-0/port,bank,2560,0,2,0.0817812989170367
6,36,remote_balanced,S,dram-3-1/port,bank,2048,0,1,0.06542503913362936
6,36,remote_balanced,S,dram-30-0/port,bank,2560,0,2,0.0817812989170367
6,36,remote_balanced,S,dram-30-1/port,bank,2048,0,1,0.06542503913362936
6,36,remote_balanced,S,dram-31-0/port,bank,2560,0,2,0.0817812989170367
6,36,remote_balanced,S,dram-31-1/port,bank,2048,0,1,0.06542503913362936
6,36,remote_balanced,S,dram-32-0/port,bank,2560,0,2,0.0817812989170367
6,36,remote_balanced,S,dram-32-1/port,bank,2048,0,1,0.06542503913362936
6,36,remote_balanced,S,dram-33-0/port,bank,2560,0,2,0.0817812989170367
6,36,remote_balanced,S,dram-33-1/port,bank,2048,0,1,0.06542503913362936
6,36,remote_balanced,S,dram-34-0/port,bank,2560,0,2,0.0817812989170367
6,36,remote_balanced,S,dram-34-1/port,bank,2048,0,1,0.06542503913362936
6,36,remote_balanced,S,dram-35-0/port,bank,2560,0,2,0.0817812989170367
6,36,remote_balanced,S,dram-35-1/port,bank,2048,0,1,0.06542503913362936
6,36,remote_balanced,S,dram-4-0/port,bank,2560,0,2,0.0817812989170367
6,36,remote_balanced,S,dram-4-1/port,bank,2048,0,1,0.06542503913362936
6,36,remote_balanced,S,dram-5-0/port,bank,2560,0,2,0.0817812989170367
6,36,remote_balanced,S,dram-5-1/port,bank,2048,0,1,0.06542503913362936
6,36,remote_balanced,S,dram-6-0/port,bank,2560,0,2,0.0817812989170367
6,36,remote_balanced,S,dram-6-1/port,bank,2048,0,1,0.06542503913362936
6,36,remote_balanced,S,dram-7-0/port,bank,2560,0,2,0.0817812989170367
6,36,remote_balanced,S,dram-7-1/port,bank,2048,0,1,0.06542503913362936
6,36,remote_balanced,S,dram-8-0/port,bank,2560,0,2,0.0817812989170367
6,36,remote_balanced,S,dram-8-1/port,bank,2048,0,1,0.06542503913362936
6,36,remote_balanced,S,dram-9-0/port,bank,2560,0,2,0.0817812989170367
6,36,remote_balanced,S,dram-9-1/port,bank,2048,0,1,0.06542503913362936
6,36,remote_balanced,S,host-controller/channel,controller_channel,256,0,1,0.00817812989170367
6,36,remote_balanced,S,host-controller/command,controller_command,8,0,1,0.0002555665591157397
6,36,remote_balanced,S,host-memory/port,external,512,0,1,0.01635625978340734
6,36,remote_balanced,S,sram-0/port,sram,6144,0,10,0.1962751174008881
6,36,remote_balanced,S,sram-1/port,sram,5888,0,9,0.1880969875091844
6,36,remote_balanced,S,sram-10/port,sram,5888,0,9,0.1880969875091844
6,36,remote_balanced,S,sram-11/port,sram,5888,0,9,0.1880969875091844
6,36,remote_balanced,S,sram-12/port,sram,5888,0,9,0.1880969875091844
6,36,remote_balanced,S,sram-13/port,sram,5888,0,9,0.1880969875091844
6,36,remote_balanced,S,sram-14/port,sram,5888,0,9,0.1880969875091844
6,36,remote_balanced,S,sram-15/port,sram,5888,0,9,0.1880969875091844
6,36,remote_balanced,S,sram-16/port,sram,5888,0,9,0.1880969875091844
6,36,remote_balanced,S,sram-17/port,sram,5888,0,9,0.1880969875091844
6,36,remote_balanced,S,sram-18/port,sram,5888,0,9,0.1880969875091844
6,36,remote_balanced,S,sram-19/port,sram,5888,0,9,0.1880969875091844
6,36,remote_balanced,S,sram-2/port,sram,5888,0,9,0.1880969875091844
6,36,remote_balanced,S,sram-20/port,sram,5888,0,9,0.1880969875091844
6,36,remote_balanced,S,sram-21/port,sram,5888,0,9,0.1880969875091844
6,36,remote_balanced,S,sram-22/port,sram,5888,0,9,0.1880969875091844
6,36,remote_balanced,S,sram-23/port,sram,5888,0,9,0.1880969875091844
6,36,remote_balanced,S,sram-24/port,sram,5888,0,9,0.1880969875091844
6,36,remote_balanced,S,sram-25/port,sram,5888,0,9,0.1880969875091844
6,36,remote_balanced,S,sram-26/port,sram,5888,0,9,0.1880969875091844
6,36,remote_balanced,S,sram-27/port,sram,5888,0,9,0.1880969875091844
6,36,remote_balanced,S,sram-28/port,sram,5888,0,9,0.1880969875091844
6,36,remote_balanced,S,sram-29/port,sram,5888,0,9,0.1880969875091844
6,36,remote_balanced,S,sram-3/port,sram,5888,0,9,0.1880969875091844
6,36,remote_balanced,S,sram-30/port,sram,5888,0,9,0.1880969875091844
6,36,remote_balanced,S,sram-31/port,sram,5888,0,9,0.1880969875091844
6,36,remote_balanced,S,sram-32/port,sram,5888,0,9,0.1880969875091844
6,36,remote_balanced,S,sram-33/port,sram,5888,0,9,0.1880969875091844
6,36,remote_balanced,S,sram-34/port,sram,5888,0,9,0.1880969875091844
6,36,remote_balanced,S,sram-35/port,sram,5888,0,9,0.1880969875091844
6,36,remote_balanced,S,sram-4/port,sram,5888,0,9,0.1880969875091844
6,36,remote_balanced,S,sram-5/port,sram,5888,0,9,0.1880969875091844
6,36,remote_balanced,S,sram-6/port,sram,5888,0,9,0.1880969875091844
6,36,remote_balanced,S,sram-7/port,sram,5888,0,9,0.1880969875091844
6,36,remote_balanced,S,sram-8/port,sram,5888,0,9,0.1880969875091844
6,36,remote_balanced,S,sram-9/port,sram,5888,0,9,0.1880969875091844
7,49,local,U0,c0,compute,4096,0,2,0.27728134308150554
7,49,local,U0,c1,compute,4096,0,2,0.27728134308150554
7,49,local,U0,c10,compute,4096,0,2,0.27728134308150554
7,49,local,U0,c11,compute,4096,0,2,0.27728134308150554
7,49,local,U0,c12,compute,4096,0,2,0.27728134308150554
7,49,local,U0,c13,compute,4096,0,2,0.27728134308150554
7,49,local,U0,c14,compute,4096,0,2,0.27728134308150554
7,49,local,U0,c15,compute,4096,0,2,0.27728134308150554
7,49,local,U0,c16,compute,4096,0,2,0.27728134308150554
7,49,local,U0,c17,compute,4096,0,2,0.27728134308150554
7,49,local,U0,c18,compute,4096,0,2,0.27728134308150554
7,49,local,U0,c19,compute,4096,0,2,0.27728134308150554
7,49,local,U0,c2,compute,4096,0,2,0.27728134308150554
7,49,local,U0,c20,compute,4096,0,2,0.27728134308150554
7,49,local,U0,c21,compute,4096,0,2,0.27728134308150554
7,49,local,U0,c22,compute,4096,0,2,0.27728134308150554
7,49,local,U0,c23,compute,4096,0,2,0.27728134308150554
7,49,local,U0,c24,compute,4096,0,2,0.27728134308150554
7,49,local,U0,c25,compute,4096,0,2,0.27728134308150554
7,49,local,U0,c26,compute,4096,0,2,0.27728134308150554
7,49,local,U0,c27,compute,4096,0,2,0.27728134308150554
7,49,local,U0,c28,compute,4096,0,2,0.27728134308150554
7,49,local,U0,c29,compute,4096,0,2,0.27728134308150554
7,49,local,U0,c3,compute,4096,0,2,0.27728134308150554
7,49,local,U0,c30,compute,4096,0,2,0.27728134308150554
7,49,local,U0,c31,compute,4096,0,2,0.27728134308150554
7,49,local,U0,c32,compute,4096,0,2,0.27728134308150554
7,49,local,U0,c33,compute,4096,0,2,0.27728134308150554
7,49,local,U0,c34,compute,4096,0,2,0.27728134308150554
7,49,local,U0,c35,compute,4096,0,2,0.27728134308150554
7,49,local,U0,c36,compute,4096,0,2,0.27728134308150554
7,49,local,U0,c37,compute,4096,0,2,0.27728134308150554
7,49,local,U0,c38,compute,4096,0,2,0.27728134308150554
7,49,local,U0,c39,compute,4096,0,2,0.27728134308150554
7,49,local,U0,c4,compute,4096,0,2,0.27728134308150554
7,49,local,U0,c40,compute,4096,0,2,0.27728134308150554
7,49,local,U0,c41,compute,4096,0,2,0.27728134308150554
7,49,local,U0,c42,compute,4096,0,2,0.27728134308150554
7,49,local,U0,c43,compute,4096,0,2,0.27728134308150554
7,49,local,U0,c44,compute,4096,0,2,0.27728134308150554
7,49,local,U0,c45,compute,4096,0,2,0.27728134308150554
7,49,local,U0,c46,compute,4096,0,2,0.27728134308150554
7,49,local,U0,c47,compute,4096,0,2,0.27728134308150554
7,49,local,U0,c48,compute,4096,0,2,0.27728134308150554
7,49,local,U0,c5,compute,4096,0,2,0.27728134308150554
7,49,local,U0,c6,compute,4096,0,2,0.27728134308150554
7,49,local,U0,c7,compute,4096,0,2,0.27728134308150554
7,49,local,U0,c8,compute,4096,0,2,0.27728134308150554
7,49,local,U0,c9,compute,4096,0,2,0.27728134308150554
7,49,local,U0,host-controller/channel,controller_channel,256,0,1,0.017330083942594096
7,49,local,U0,host-controller/command,controller_command,8,0,1,0.0005415651232060655
7,49,local,U0,host-memory/port,external,512,0,1,0.03466016788518819
7,49,local,U0,sram-0/port,sram,6144,0,10,0.4159220146222583
7,49,local,U0,sram-1/port,sram,5888,0,9,0.39859193067966425
7,49,local,U0,sram-10/port,sram,5888,0,9,0.39859193067966425
7,49,local,U0,sram-11/port,sram,5888,0,9,0.39859193067966425
7,49,local,U0,sram-12/port,sram,5888,0,9,0.39859193067966425
7,49,local,U0,sram-13/port,sram,5888,0,9,0.39859193067966425
7,49,local,U0,sram-14/port,sram,5888,0,9,0.39859193067966425
7,49,local,U0,sram-15/port,sram,5888,0,9,0.39859193067966425
7,49,local,U0,sram-16/port,sram,5888,0,9,0.39859193067966425
7,49,local,U0,sram-17/port,sram,5888,0,9,0.39859193067966425
7,49,local,U0,sram-18/port,sram,5888,0,9,0.39859193067966425
7,49,local,U0,sram-19/port,sram,5888,0,9,0.39859193067966425
7,49,local,U0,sram-2/port,sram,5888,0,9,0.39859193067966425
7,49,local,U0,sram-20/port,sram,5888,0,9,0.39859193067966425
7,49,local,U0,sram-21/port,sram,5888,0,9,0.39859193067966425
7,49,local,U0,sram-22/port,sram,5888,0,9,0.39859193067966425
7,49,local,U0,sram-23/port,sram,5888,0,9,0.39859193067966425
7,49,local,U0,sram-24/port,sram,5888,0,9,0.39859193067966425
7,49,local,U0,sram-25/port,sram,5888,0,9,0.39859193067966425
7,49,local,U0,sram-26/port,sram,5888,0,9,0.39859193067966425
7,49,local,U0,sram-27/port,sram,5888,0,9,0.39859193067966425
7,49,local,U0,sram-28/port,sram,5888,0,9,0.39859193067966425
7,49,local,U0,sram-29/port,sram,5888,0,9,0.39859193067966425
7,49,local,U0,sram-3/port,sram,5888,0,9,0.39859193067966425
7,49,local,U0,sram-30/port,sram,5888,0,9,0.39859193067966425
7,49,local,U0,sram-31/port,sram,5888,0,9,0.39859193067966425
7,49,local,U0,sram-32/port,sram,5888,0,9,0.39859193067966425
7,49,local,U0,sram-33/port,sram,5888,0,9,0.39859193067966425
7,49,local,U0,sram-34/port,sram,5888,0,9,0.39859193067966425
7,49,local,U0,sram-35/port,sram,5888,0,9,0.39859193067966425
7,49,local,U0,sram-36/port,sram,5888,0,9,0.39859193067966425
7,49,local,U0,sram-37/port,sram,5888,0,9,0.39859193067966425
7,49,local,U0,sram-38/port,sram,5888,0,9,0.39859193067966425
7,49,local,U0,sram-39/port,sram,5888,0,9,0.39859193067966425
7,49,local,U0,sram-4/port,sram,5888,0,9,0.39859193067966425
7,49,local,U0,sram-40/port,sram,5888,0,9,0.39859193067966425
7,49,local,U0,sram-41/port,sram,5888,0,9,0.39859193067966425
7,49,local,U0,sram-42/port,sram,5888,0,9,0.39859193067966425
7,49,local,U0,sram-43/port,sram,5888,0,9,0.39859193067966425
7,49,local,U0,sram-44/port,sram,5888,0,9,0.39859193067966425
7,49,local,U0,sram-45/port,sram,5888,0,9,0.39859193067966425
7,49,local,U0,sram-46/port,sram,5888,0,9,0.39859193067966425
7,49,local,U0,sram-47/port,sram,5888,0,9,0.39859193067966425
7,49,local,U0,sram-48/port,sram,5888,0,9,0.39859193067966425
7,49,local,U0,sram-5/port,sram,5888,0,9,0.39859193067966425
7,49,local,U0,sram-6/port,sram,5888,0,9,0.39859193067966425
7,49,local,U0,sram-7/port,sram,5888,0,9,0.39859193067966425
7,49,local,U0,sram-8/port,sram,5888,0,9,0.39859193067966425
7,49,local,U0,sram-9/port,sram,5888,0,9,0.39859193067966425
7,49,local,U0,uniform/bank,bank,2352,22680,147,0.15922014622258326
7,49,local,U0,uniform/channel,controller_channel,2352,0,147,0.15922014622258326
7,49,local,U0,uniform/command,controller_command,147,1134,147,0.009951259138911454
7,49,local,U1,c0,compute,4096,0,2,0.1896647527319874
7,49,local,U1,c1,compute,4096,0,2,0.1896647527319874
7,49,local,U1,c10,compute,4096,0,2,0.1896647527319874
7,49,local,U1,c11,compute,4096,0,2,0.1896647527319874
7,49,local,U1,c12,compute,4096,0,2,0.1896647527319874
7,49,local,U1,c13,compute,4096,0,2,0.1896647527319874
7,49,local,U1,c14,compute,4096,0,2,0.1896647527319874
7,49,local,U1,c15,compute,4096,0,2,0.1896647527319874
7,49,local,U1,c16,compute,4096,0,2,0.1896647527319874
7,49,local,U1,c17,compute,4096,0,2,0.1896647527319874
7,49,local,U1,c18,compute,4096,0,2,0.1896647527319874
7,49,local,U1,c19,compute,4096,0,2,0.1896647527319874
7,49,local,U1,c2,compute,4096,0,2,0.1896647527319874
7,49,local,U1,c20,compute,4096,0,2,0.1896647527319874
7,49,local,U1,c21,compute,4096,0,2,0.1896647527319874
7,49,local,U1,c22,compute,4096,0,2,0.1896647527319874
7,49,local,U1,c23,compute,4096,0,2,0.1896647527319874
7,49,local,U1,c24,compute,4096,0,2,0.1896647527319874
7,49,local,U1,c25,compute,4096,0,2,0.1896647527319874
7,49,local,U1,c26,compute,4096,0,2,0.1896647527319874
7,49,local,U1,c27,compute,4096,0,2,0.1896647527319874
7,49,local,U1,c28,compute,4096,0,2,0.1896647527319874
7,49,local,U1,c29,compute,4096,0,2,0.1896647527319874
7,49,local,U1,c3,compute,4096,0,2,0.1896647527319874
7,49,local,U1,c30,compute,4096,0,2,0.1896647527319874
7,49,local,U1,c31,compute,4096,0,2,0.1896647527319874
7,49,local,U1,c32,compute,4096,0,2,0.1896647527319874
7,49,local,U1,c33,compute,4096,0,2,0.1896647527319874
7,49,local,U1,c34,compute,4096,0,2,0.1896647527319874
7,49,local,U1,c35,compute,4096,0,2,0.1896647527319874
7,49,local,U1,c36,compute,4096,0,2,0.1896647527319874
7,49,local,U1,c37,compute,4096,0,2,0.1896647527319874
7,49,local,U1,c38,compute,4096,0,2,0.1896647527319874
7,49,local,U1,c39,compute,4096,0,2,0.1896647527319874
7,49,local,U1,c4,compute,4096,0,2,0.1896647527319874
7,49,local,U1,c40,compute,4096,0,2,0.1896647527319874
7,49,local,U1,c41,compute,4096,0,2,0.1896647527319874
7,49,local,U1,c42,compute,4096,0,2,0.1896647527319874
7,49,local,U1,c43,compute,4096,0,2,0.1896647527319874
7,49,local,U1,c44,compute,4096,0,2,0.1896647527319874
7,49,local,U1,c45,compute,4096,0,2,0.1896647527319874
7,49,local,U1,c46,compute,4096,0,2,0.1896647527319874
7,49,local,U1,c47,compute,4096,0,2,0.1896647527319874
7,49,local,U1,c48,compute,4096,0,2,0.1896647527319874
7,49,local,U1,c5,compute,4096,0,2,0.1896647527319874
7,49,local,U1,c6,compute,4096,0,2,0.1896647527319874
7,49,local,U1,c7,compute,4096,0,2,0.1896647527319874
7,49,local,U1,c8,compute,4096,0,2,0.1896647527319874
7,49,local,U1,c9,compute,4096,0,2,0.1896647527319874
7,49,local,U1,controller-0/channel,controller_channel,2304,0,3,0.10668642341174292
7,49,local,U1,controller-0/command,controller_command,12,0,3,0.0005556584552694943
7,49,local,U1,controller-1/channel,controller_channel,2304,0,3,0.10668642341174292
7,49,local,U1,controller-1/command,controller_command,12,0,3,0.0005556584552694943
7,49,local,U1,controller-10/channel,controller_channel,2304,0,3,0.10668642341174292
7,49,local,U1,controller-10/command,controller_command,12,0,3,0.0005556584552694943
7,49,local,U1,controller-11/channel,controller_channel,2304,0,3,0.10668642341174292
7,49,local,U1,controller-11/command,controller_command,12,0,3,0.0005556584552694943
7,49,local,U1,controller-12/channel,controller_channel,2304,0,3,0.10668642341174292
7,49,local,U1,controller-12/command,controller_command,12,0,3,0.0005556584552694943
7,49,local,U1,controller-13/channel,controller_channel,2304,0,3,0.10668642341174292
7,49,local,U1,controller-13/command,controller_command,12,0,3,0.0005556584552694943
7,49,local,U1,controller-14/channel,controller_channel,2304,0,3,0.10668642341174292
7,49,local,U1,controller-14/command,controller_command,12,0,3,0.0005556584552694943
7,49,local,U1,controller-15/channel,controller_channel,2304,0,3,0.10668642341174292
7,49,local,U1,controller-15/command,controller_command,12,0,3,0.0005556584552694943
7,49,local,U1,controller-16/channel,controller_channel,2304,0,3,0.10668642341174292
7,49,local,U1,controller-16/command,controller_command,12,0,3,0.0005556584552694943
7,49,local,U1,controller-17/channel,controller_channel,2304,0,3,0.10668642341174292
7,49,local,U1,controller-17/command,controller_command,12,0,3,0.0005556584552694943
7,49,local,U1,controller-18/channel,controller_channel,2304,0,3,0.10668642341174292
7,49,local,U1,controller-18/command,controller_command,12,0,3,0.0005556584552694943
7,49,local,U1,controller-19/channel,controller_channel,2304,0,3,0.10668642341174292
7,49,local,U1,controller-19/command,controller_command,12,0,3,0.0005556584552694943
7,49,local,U1,controller-2/channel,controller_channel,2304,0,3,0.10668642341174292
7,49,local,U1,controller-2/command,controller_command,12,0,3,0.0005556584552694943
7,49,local,U1,controller-20/channel,controller_channel,2304,0,3,0.10668642341174292
7,49,local,U1,controller-20/command,controller_command,12,0,3,0.0005556584552694943
7,49,local,U1,controller-21/channel,controller_channel,2304,0,3,0.10668642341174292
7,49,local,U1,controller-21/command,controller_command,12,0,3,0.0005556584552694943
7,49,local,U1,controller-22/channel,controller_channel,2304,0,3,0.10668642341174292
7,49,local,U1,controller-22/command,controller_command,12,0,3,0.0005556584552694943
7,49,local,U1,controller-23/channel,controller_channel,2304,0,3,0.10668642341174292
7,49,local,U1,controller-23/command,controller_command,12,0,3,0.0005556584552694943
7,49,local,U1,controller-24/channel,controller_channel,2304,0,3,0.10668642341174292
7,49,local,U1,controller-24/command,controller_command,12,0,3,0.0005556584552694943
7,49,local,U1,controller-25/channel,controller_channel,2304,0,3,0.10668642341174292
7,49,local,U1,controller-25/command,controller_command,12,0,3,0.0005556584552694943
7,49,local,U1,controller-26/channel,controller_channel,2304,0,3,0.10668642341174292
7,49,local,U1,controller-26/command,controller_command,12,0,3,0.0005556584552694943
7,49,local,U1,controller-27/channel,controller_channel,2304,0,3,0.10668642341174292
7,49,local,U1,controller-27/command,controller_command,12,0,3,0.0005556584552694943
7,49,local,U1,controller-28/channel,controller_channel,2304,0,3,0.10668642341174292
7,49,local,U1,controller-28/command,controller_command,12,0,3,0.0005556584552694943
7,49,local,U1,controller-29/channel,controller_channel,2304,0,3,0.10668642341174292
7,49,local,U1,controller-29/command,controller_command,12,0,3,0.0005556584552694943
7,49,local,U1,controller-3/channel,controller_channel,2304,0,3,0.10668642341174292
7,49,local,U1,controller-3/command,controller_command,12,0,3,0.0005556584552694943
7,49,local,U1,controller-30/channel,controller_channel,2304,0,3,0.10668642341174292
7,49,local,U1,controller-30/command,controller_command,12,0,3,0.0005556584552694943
7,49,local,U1,controller-31/channel,controller_channel,2304,0,3,0.10668642341174292
7,49,local,U1,controller-31/command,controller_command,12,0,3,0.0005556584552694943
7,49,local,U1,controller-32/channel,controller_channel,2304,0,3,0.10668642341174292
7,49,local,U1,controller-32/command,controller_command,12,0,3,0.0005556584552694943
7,49,local,U1,controller-33/channel,controller_channel,2304,0,3,0.10668642341174292
7,49,local,U1,controller-33/command,controller_command,12,0,3,0.0005556584552694943
7,49,local,U1,controller-34/channel,controller_channel,2304,0,3,0.10668642341174292
7,49,local,U1,controller-34/command,controller_command,12,0,3,0.0005556584552694943
7,49,local,U1,controller-35/channel,controller_channel,2304,0,3,0.10668642341174292
7,49,local,U1,controller-35/command,controller_command,12,0,3,0.0005556584552694943
7,49,local,U1,controller-36/channel,controller_channel,2304,0,3,0.10668642341174292
7,49,local,U1,controller-36/command,controller_command,12,0,3,0.0005556584552694943
7,49,local,U1,controller-37/channel,controller_channel,2304,0,3,0.10668642341174292
7,49,local,U1,controller-37/command,controller_command,12,0,3,0.0005556584552694943
7,49,local,U1,controller-38/channel,controller_channel,2304,0,3,0.10668642341174292
7,49,local,U1,controller-38/command,controller_command,12,0,3,0.0005556584552694943
7,49,local,U1,controller-39/channel,controller_channel,2304,0,3,0.10668642341174292
7,49,local,U1,controller-39/command,controller_command,12,0,3,0.0005556584552694943
7,49,local,U1,controller-4/channel,controller_channel,2304,0,3,0.10668642341174292
7,49,local,U1,controller-4/command,controller_command,12,0,3,0.0005556584552694943
7,49,local,U1,controller-40/channel,controller_channel,2304,0,3,0.10668642341174292
7,49,local,U1,controller-40/command,controller_command,12,0,3,0.0005556584552694943
7,49,local,U1,controller-41/channel,controller_channel,2304,0,3,0.10668642341174292
7,49,local,U1,controller-41/command,controller_command,12,0,3,0.0005556584552694943
7,49,local,U1,controller-42/channel,controller_channel,2304,0,3,0.10668642341174292
7,49,local,U1,controller-42/command,controller_command,12,0,3,0.0005556584552694943
7,49,local,U1,controller-43/channel,controller_channel,2304,0,3,0.10668642341174292
7,49,local,U1,controller-43/command,controller_command,12,0,3,0.0005556584552694943
7,49,local,U1,controller-44/channel,controller_channel,2304,0,3,0.10668642341174292
7,49,local,U1,controller-44/command,controller_command,12,0,3,0.0005556584552694943
7,49,local,U1,controller-45/channel,controller_channel,2304,0,3,0.10668642341174292
7,49,local,U1,controller-45/command,controller_command,12,0,3,0.0005556584552694943
7,49,local,U1,controller-46/channel,controller_channel,2304,0,3,0.10668642341174292
7,49,local,U1,controller-46/command,controller_command,12,0,3,0.0005556584552694943
7,49,local,U1,controller-47/channel,controller_channel,2304,0,3,0.10668642341174292
7,49,local,U1,controller-47/command,controller_command,12,0,3,0.0005556584552694943
7,49,local,U1,controller-48/channel,controller_channel,2304,0,3,0.10668642341174292
7,49,local,U1,controller-48/command,controller_command,12,0,3,0.0005556584552694943
7,49,local,U1,controller-5/channel,controller_channel,2304,0,3,0.10668642341174292
7,49,local,U1,controller-5/command,controller_command,12,0,3,0.0005556584552694943
7,49,local,U1,controller-6/channel,controller_channel,2304,0,3,0.10668642341174292
7,49,local,U1,controller-6/command,controller_command,12,0,3,0.0005556584552694943
7,49,local,U1,controller-7/channel,controller_channel,2304,0,3,0.10668642341174292
7,49,local,U1,controller-7/command,controller_command,12,0,3,0.0005556584552694943
7,49,local,U1,controller-8/channel,controller_channel,2304,0,3,0.10668642341174292
7,49,local,U1,controller-8/command,controller_command,12,0,3,0.0005556584552694943
7,49,local,U1,controller-9/channel,controller_channel,2304,0,3,0.10668642341174292
7,49,local,U1,controller-9/command,controller_command,12,0,3,0.0005556584552694943
7,49,local,U1,dram-0-0/port,bank,2560,0,2,0.11854047045749212
7,49,local,U1,dram-0-1/port,bank,2048,0,1,0.0948323763659937
7,49,local,U1,dram-1-0/port,bank,2560,0,2,0.11854047045749212
7,49,local,U1,dram-1-1/port,bank,2048,0,1,0.0948323763659937
7,49,local,U1,dram-10-0/port,bank,2560,0,2,0.11854047045749212
7,49,local,U1,dram-10-1/port,bank,2048,0,1,0.0948323763659937
7,49,local,U1,dram-11-0/port,bank,2560,0,2,0.11854047045749212
7,49,local,U1,dram-11-1/port,bank,2048,0,1,0.0948323763659937
7,49,local,U1,dram-12-0/port,bank,2560,0,2,0.11854047045749212
7,49,local,U1,dram-12-1/port,bank,2048,0,1,0.0948323763659937
7,49,local,U1,dram-13-0/port,bank,2560,0,2,0.11854047045749212
7,49,local,U1,dram-13-1/port,bank,2048,0,1,0.0948323763659937
7,49,local,U1,dram-14-0/port,bank,2560,0,2,0.11854047045749212
7,49,local,U1,dram-14-1/port,bank,2048,0,1,0.0948323763659937
7,49,local,U1,dram-15-0/port,bank,2560,0,2,0.11854047045749212
7,49,local,U1,dram-15-1/port,bank,2048,0,1,0.0948323763659937
7,49,local,U1,dram-16-0/port,bank,2560,0,2,0.11854047045749212
7,49,local,U1,dram-16-1/port,bank,2048,0,1,0.0948323763659937
7,49,local,U1,dram-17-0/port,bank,2560,0,2,0.11854047045749212
7,49,local,U1,dram-17-1/port,bank,2048,0,1,0.0948323763659937
7,49,local,U1,dram-18-0/port,bank,2560,0,2,0.11854047045749212
7,49,local,U1,dram-18-1/port,bank,2048,0,1,0.0948323763659937
7,49,local,U1,dram-19-0/port,bank,2560,0,2,0.11854047045749212
7,49,local,U1,dram-19-1/port,bank,2048,0,1,0.0948323763659937
7,49,local,U1,dram-2-0/port,bank,2560,0,2,0.11854047045749212
7,49,local,U1,dram-2-1/port,bank,2048,0,1,0.0948323763659937
7,49,local,U1,dram-20-0/port,bank,2560,0,2,0.11854047045749212
7,49,local,U1,dram-20-1/port,bank,2048,0,1,0.0948323763659937
7,49,local,U1,dram-21-0/port,bank,2560,0,2,0.11854047045749212
7,49,local,U1,dram-21-1/port,bank,2048,0,1,0.0948323763659937
7,49,local,U1,dram-22-0/port,bank,2560,0,2,0.11854047045749212
7,49,local,U1,dram-22-1/port,bank,2048,0,1,0.0948323763659937
7,49,local,U1,dram-23-0/port,bank,2560,0,2,0.11854047045749212
7,49,local,U1,dram-23-1/port,bank,2048,0,1,0.0948323763659937
7,49,local,U1,dram-24-0/port,bank,2560,0,2,0.11854047045749212
7,49,local,U1,dram-24-1/port,bank,2048,0,1,0.0948323763659937
7,49,local,U1,dram-25-0/port,bank,2560,0,2,0.11854047045749212
7,49,local,U1,dram-25-1/port,bank,2048,0,1,0.0948323763659937
7,49,local,U1,dram-26-0/port,bank,2560,0,2,0.11854047045749212
7,49,local,U1,dram-26-1/port,bank,2048,0,1,0.0948323763659937
7,49,local,U1,dram-27-0/port,bank,2560,0,2,0.11854047045749212
7,49,local,U1,dram-27-1/port,bank,2048,0,1,0.0948323763659937
7,49,local,U1,dram-28-0/port,bank,2560,0,2,0.11854047045749212
7,49,local,U1,dram-28-1/port,bank,2048,0,1,0.0948323763659937
7,49,local,U1,dram-29-0/port,bank,2560,0,2,0.11854047045749212
7,49,local,U1,dram-29-1/port,bank,2048,0,1,0.0948323763659937
7,49,local,U1,dram-3-0/port,bank,2560,0,2,0.11854047045749212
7,49,local,U1,dram-3-1/port,bank,2048,0,1,0.0948323763659937
7,49,local,U1,dram-30-0/port,bank,2560,0,2,0.11854047045749212
7,49,local,U1,dram-30-1/port,bank,2048,0,1,0.0948323763659937
7,49,local,U1,dram-31-0/port,bank,2560,0,2,0.11854047045749212
7,49,local,U1,dram-31-1/port,bank,2048,0,1,0.0948323763659937
7,49,local,U1,dram-32-0/port,bank,2560,0,2,0.11854047045749212
7,49,local,U1,dram-32-1/port,bank,2048,0,1,0.0948323763659937
7,49,local,U1,dram-33-0/port,bank,2560,0,2,0.11854047045749212
7,49,local,U1,dram-33-1/port,bank,2048,0,1,0.0948323763659937
7,49,local,U1,dram-34-0/port,bank,2560,0,2,0.11854047045749212
7,49,local,U1,dram-34-1/port,bank,2048,0,1,0.0948323763659937
7,49,local,U1,dram-35-0/port,bank,2560,0,2,0.11854047045749212
7,49,local,U1,dram-35-1/port,bank,2048,0,1,0.0948323763659937
7,49,local,U1,dram-36-0/port,bank,2560,0,2,0.11854047045749212
7,49,local,U1,dram-36-1/port,bank,2048,0,1,0.0948323763659937
7,49,local,U1,dram-37-0/port,bank,2560,0,2,0.11854047045749212
7,49,local,U1,dram-37-1/port,bank,2048,0,1,0.0948323763659937
7,49,local,U1,dram-38-0/port,bank,2560,0,2,0.11854047045749212
7,49,local,U1,dram-38-1/port,bank,2048,0,1,0.0948323763659937
7,49,local,U1,dram-39-0/port,bank,2560,0,2,0.11854047045749212
7,49,local,U1,dram-39-1/port,bank,2048,0,1,0.0948323763659937
7,49,local,U1,dram-4-0/port,bank,2560,0,2,0.11854047045749212
7,49,local,U1,dram-4-1/port,bank,2048,0,1,0.0948323763659937
7,49,local,U1,dram-40-0/port,bank,2560,0,2,0.11854047045749212
7,49,local,U1,dram-40-1/port,bank,2048,0,1,0.0948323763659937
7,49,local,U1,dram-41-0/port,bank,2560,0,2,0.11854047045749212
7,49,local,U1,dram-41-1/port,bank,2048,0,1,0.0948323763659937
7,49,local,U1,dram-42-0/port,bank,2560,0,2,0.11854047045749212
7,49,local,U1,dram-42-1/port,bank,2048,0,1,0.0948323763659937
7,49,local,U1,dram-43-0/port,bank,2560,0,2,0.11854047045749212
7,49,local,U1,dram-43-1/port,bank,2048,0,1,0.0948323763659937
7,49,local,U1,dram-44-0/port,bank,2560,0,2,0.11854047045749212
7,49,local,U1,dram-44-1/port,bank,2048,0,1,0.0948323763659937
7,49,local,U1,dram-45-0/port,bank,2560,0,2,0.11854047045749212
7,49,local,U1,dram-45-1/port,bank,2048,0,1,0.0948323763659937
7,49,local,U1,dram-46-0/port,bank,2560,0,2,0.11854047045749212
7,49,local,U1,dram-46-1/port,bank,2048,0,1,0.0948323763659937
7,49,local,U1,dram-47-0/port,bank,2560,0,2,0.11854047045749212
7,49,local,U1,dram-47-1/port,bank,2048,0,1,0.0948323763659937
7,49,local,U1,dram-48-0/port,bank,2560,0,2,0.11854047045749212
7,49,local,U1,dram-48-1/port,bank,2048,0,1,0.0948323763659937
7,49,local,U1,dram-5-0/port,bank,2560,0,2,0.11854047045749212
7,49,local,U1,dram-5-1/port,bank,2048,0,1,0.0948323763659937
7,49,local,U1,dram-6-0/port,bank,2560,0,2,0.11854047045749212
7,49,local,U1,dram-6-1/port,bank,2048,0,1,0.0948323763659937
7,49,local,U1,dram-7-0/port,bank,2560,0,2,0.11854047045749212
7,49,local,U1,dram-7-1/port,bank,2048,0,1,0.0948323763659937
7,49,local,U1,dram-8-0/port,bank,2560,0,2,0.11854047045749212
7,49,local,U1,dram-8-1/port,bank,2048,0,1,0.0948323763659937
7,49,local,U1,dram-9-0/port,bank,2560,0,2,0.11854047045749212
7,49,local,U1,dram-9-1/port,bank,2048,0,1,0.0948323763659937
7,49,local,U1,host-controller/channel,controller_channel,256,0,1,0.011854047045749213
7,49,local,U1,host-controller/command,controller_command,8,0,1,0.0003704389701796629
7,49,local,U1,host-memory/port,external,512,0,1,0.023708094091498426
7,49,local,U1,sram-0/port,sram,6144,0,10,0.2844971290979811
7,49,local,U1,sram-1/port,sram,5888,0,9,0.2726430820522319
7,49,local,U1,sram-10/port,sram,5888,0,9,0.2726430820522319
7,49,local,U1,sram-11/port,sram,5888,0,9,0.2726430820522319
7,49,local,U1,sram-12/port,sram,5888,0,9,0.2726430820522319
7,49,local,U1,sram-13/port,sram,5888,0,9,0.2726430820522319
7,49,local,U1,sram-14/port,sram,5888,0,9,0.2726430820522319
7,49,local,U1,sram-15/port,sram,5888,0,9,0.2726430820522319
7,49,local,U1,sram-16/port,sram,5888,0,9,0.2726430820522319
7,49,local,U1,sram-17/port,sram,5888,0,9,0.2726430820522319
7,49,local,U1,sram-18/port,sram,5888,0,9,0.2726430820522319
7,49,local,U1,sram-19/port,sram,5888,0,9,0.2726430820522319
7,49,local,U1,sram-2/port,sram,5888,0,9,0.2726430820522319
7,49,local,U1,sram-20/port,sram,5888,0,9,0.2726430820522319
7,49,local,U1,sram-21/port,sram,5888,0,9,0.2726430820522319
7,49,local,U1,sram-22/port,sram,5888,0,9,0.2726430820522319
7,49,local,U1,sram-23/port,sram,5888,0,9,0.2726430820522319
7,49,local,U1,sram-24/port,sram,5888,0,9,0.2726430820522319
7,49,local,U1,sram-25/port,sram,5888,0,9,0.2726430820522319
7,49,local,U1,sram-26/port,sram,5888,0,9,0.2726430820522319
7,49,local,U1,sram-27/port,sram,5888,0,9,0.2726430820522319
7,49,local,U1,sram-28/port,sram,5888,0,9,0.2726430820522319
7,49,local,U1,sram-29/port,sram,5888,0,9,0.2726430820522319
7,49,local,U1,sram-3/port,sram,5888,0,9,0.2726430820522319
7,49,local,U1,sram-30/port,sram,5888,0,9,0.2726430820522319
7,49,local,U1,sram-31/port,sram,5888,0,9,0.2726430820522319
7,49,local,U1,sram-32/port,sram,5888,0,9,0.2726430820522319
7,49,local,U1,sram-33/port,sram,5888,0,9,0.2726430820522319
7,49,local,U1,sram-34/port,sram,5888,0,9,0.2726430820522319
7,49,local,U1,sram-35/port,sram,5888,0,9,0.2726430820522319
7,49,local,U1,sram-36/port,sram,5888,0,9,0.2726430820522319
7,49,local,U1,sram-37/port,sram,5888,0,9,0.2726430820522319
7,49,local,U1,sram-38/port,sram,5888,0,9,0.2726430820522319
7,49,local,U1,sram-39/port,sram,5888,0,9,0.2726430820522319
7,49,local,U1,sram-4/port,sram,5888,0,9,0.2726430820522319
7,49,local,U1,sram-40/port,sram,5888,0,9,0.2726430820522319
7,49,local,U1,sram-41/port,sram,5888,0,9,0.2726430820522319
7,49,local,U1,sram-42/port,sram,5888,0,9,0.2726430820522319
7,49,local,U1,sram-43/port,sram,5888,0,9,0.2726430820522319
7,49,local,U1,sram-44/port,sram,5888,0,9,0.2726430820522319
7,49,local,U1,sram-45/port,sram,5888,0,9,0.2726430820522319
7,49,local,U1,sram-46/port,sram,5888,0,9,0.2726430820522319
7,49,local,U1,sram-47/port,sram,5888,0,9,0.2726430820522319
7,49,local,U1,sram-48/port,sram,5888,0,9,0.2726430820522319
7,49,local,U1,sram-5/port,sram,5888,0,9,0.2726430820522319
7,49,local,U1,sram-6/port,sram,5888,0,9,0.2726430820522319
7,49,local,U1,sram-7/port,sram,5888,0,9,0.2726430820522319
7,49,local,U1,sram-8/port,sram,5888,0,9,0.2726430820522319
7,49,local,U1,sram-9/port,sram,5888,0,9,0.2726430820522319
7,49,local,S,c0,compute,4096,0,2,0.17135924360958876
7,49,local,S,c1,compute,4096,0,2,0.17135924360958876
7,49,local,S,c10,compute,4096,0,2,0.17135924360958876
7,49,local,S,c11,compute,4096,0,2,0.17135924360958876
7,49,local,S,c12,compute,4096,0,2,0.17135924360958876
7,49,local,S,c13,compute,4096,0,2,0.17135924360958876
7,49,local,S,c14,compute,4096,0,2,0.17135924360958876
7,49,local,S,c15,compute,4096,0,2,0.17135924360958876
7,49,local,S,c16,compute,4096,0,2,0.17135924360958876
7,49,local,S,c17,compute,4096,0,2,0.17135924360958876
7,49,local,S,c18,compute,4096,0,2,0.17135924360958876
7,49,local,S,c19,compute,4096,0,2,0.17135924360958876
7,49,local,S,c2,compute,4096,0,2,0.17135924360958876
7,49,local,S,c20,compute,4096,0,2,0.17135924360958876
7,49,local,S,c21,compute,4096,0,2,0.17135924360958876
7,49,local,S,c22,compute,4096,0,2,0.17135924360958876
7,49,local,S,c23,compute,4096,0,2,0.17135924360958876
7,49,local,S,c24,compute,4096,0,2,0.17135924360958876
7,49,local,S,c25,compute,4096,0,2,0.17135924360958876
7,49,local,S,c26,compute,4096,0,2,0.17135924360958876
7,49,local,S,c27,compute,4096,0,2,0.17135924360958876
7,49,local,S,c28,compute,4096,0,2,0.17135924360958876
7,49,local,S,c29,compute,4096,0,2,0.17135924360958876
7,49,local,S,c3,compute,4096,0,2,0.17135924360958876
7,49,local,S,c30,compute,4096,0,2,0.17135924360958876
7,49,local,S,c31,compute,4096,0,2,0.17135924360958876
7,49,local,S,c32,compute,4096,0,2,0.17135924360958876
7,49,local,S,c33,compute,4096,0,2,0.17135924360958876
7,49,local,S,c34,compute,4096,0,2,0.17135924360958876
7,49,local,S,c35,compute,4096,0,2,0.17135924360958876
7,49,local,S,c36,compute,4096,0,2,0.17135924360958876
7,49,local,S,c37,compute,4096,0,2,0.17135924360958876
7,49,local,S,c38,compute,4096,0,2,0.17135924360958876
7,49,local,S,c39,compute,4096,0,2,0.17135924360958876
7,49,local,S,c4,compute,4096,0,2,0.17135924360958876
7,49,local,S,c40,compute,4096,0,2,0.17135924360958876
7,49,local,S,c41,compute,4096,0,2,0.17135924360958876
7,49,local,S,c42,compute,4096,0,2,0.17135924360958876
7,49,local,S,c43,compute,4096,0,2,0.17135924360958876
7,49,local,S,c44,compute,4096,0,2,0.17135924360958876
7,49,local,S,c45,compute,4096,0,2,0.17135924360958876
7,49,local,S,c46,compute,4096,0,2,0.17135924360958876
7,49,local,S,c47,compute,4096,0,2,0.17135924360958876
7,49,local,S,c48,compute,4096,0,2,0.17135924360958876
7,49,local,S,c5,compute,4096,0,2,0.17135924360958876
7,49,local,S,c6,compute,4096,0,2,0.17135924360958876
7,49,local,S,c7,compute,4096,0,2,0.17135924360958876
7,49,local,S,c8,compute,4096,0,2,0.17135924360958876
7,49,local,S,c9,compute,4096,0,2,0.17135924360958876
7,49,local,S,controller-0/channel,controller_channel,2304,0,3,0.09638957453039368
7,49,local,S,controller-0/command,controller_command,12,0,3,0.0005020290340124671
7,49,local,S,controller-1/channel,controller_channel,2304,0,3,0.09638957453039368
7,49,local,S,controller-1/command,controller_command,12,0,3,0.0005020290340124671
7,49,local,S,controller-10/channel,controller_channel,2304,0,3,0.09638957453039368
7,49,local,S,controller-10/command,controller_command,12,0,3,0.0005020290340124671
7,49,local,S,controller-11/channel,controller_channel,2304,0,3,0.09638957453039368
7,49,local,S,controller-11/command,controller_command,12,0,3,0.0005020290340124671
7,49,local,S,controller-12/channel,controller_channel,2304,0,3,0.09638957453039368
7,49,local,S,controller-12/command,controller_command,12,0,3,0.0005020290340124671
7,49,local,S,controller-13/channel,controller_channel,2304,0,3,0.09638957453039368
7,49,local,S,controller-13/command,controller_command,12,0,3,0.0005020290340124671
7,49,local,S,controller-14/channel,controller_channel,2304,0,3,0.09638957453039368
7,49,local,S,controller-14/command,controller_command,12,0,3,0.0005020290340124671
7,49,local,S,controller-15/channel,controller_channel,2304,0,3,0.09638957453039368
7,49,local,S,controller-15/command,controller_command,12,0,3,0.0005020290340124671
7,49,local,S,controller-16/channel,controller_channel,2304,0,3,0.09638957453039368
7,49,local,S,controller-16/command,controller_command,12,0,3,0.0005020290340124671
7,49,local,S,controller-17/channel,controller_channel,2304,0,3,0.09638957453039368
7,49,local,S,controller-17/command,controller_command,12,0,3,0.0005020290340124671
7,49,local,S,controller-18/channel,controller_channel,2304,0,3,0.09638957453039368
7,49,local,S,controller-18/command,controller_command,12,0,3,0.0005020290340124671
7,49,local,S,controller-19/channel,controller_channel,2304,0,3,0.09638957453039368
7,49,local,S,controller-19/command,controller_command,12,0,3,0.0005020290340124671
7,49,local,S,controller-2/channel,controller_channel,2304,0,3,0.09638957453039368
7,49,local,S,controller-2/command,controller_command,12,0,3,0.0005020290340124671
7,49,local,S,controller-20/channel,controller_channel,2304,0,3,0.09638957453039368
7,49,local,S,controller-20/command,controller_command,12,0,3,0.0005020290340124671
7,49,local,S,controller-21/channel,controller_channel,2304,0,3,0.09638957453039368
7,49,local,S,controller-21/command,controller_command,12,0,3,0.0005020290340124671
7,49,local,S,controller-22/channel,controller_channel,2304,0,3,0.09638957453039368
7,49,local,S,controller-22/command,controller_command,12,0,3,0.0005020290340124671
7,49,local,S,controller-23/channel,controller_channel,2304,0,3,0.09638957453039368
7,49,local,S,controller-23/command,controller_command,12,0,3,0.0005020290340124671
7,49,local,S,controller-24/channel,controller_channel,2304,0,3,0.09638957453039368
7,49,local,S,controller-24/command,controller_command,12,0,3,0.0005020290340124671
7,49,local,S,controller-25/channel,controller_channel,2304,0,3,0.09638957453039368
7,49,local,S,controller-25/command,controller_command,12,0,3,0.0005020290340124671
7,49,local,S,controller-26/channel,controller_channel,2304,0,3,0.09638957453039368
7,49,local,S,controller-26/command,controller_command,12,0,3,0.0005020290340124671
7,49,local,S,controller-27/channel,controller_channel,2304,0,3,0.09638957453039368
7,49,local,S,controller-27/command,controller_command,12,0,3,0.0005020290340124671
7,49,local,S,controller-28/channel,controller_channel,2304,0,3,0.09638957453039368
7,49,local,S,controller-28/command,controller_command,12,0,3,0.0005020290340124671
7,49,local,S,controller-29/channel,controller_channel,2304,0,3,0.09638957453039368
7,49,local,S,controller-29/command,controller_command,12,0,3,0.0005020290340124671
7,49,local,S,controller-3/channel,controller_channel,2304,0,3,0.09638957453039368
7,49,local,S,controller-3/command,controller_command,12,0,3,0.0005020290340124671
7,49,local,S,controller-30/channel,controller_channel,2304,0,3,0.09638957453039368
7,49,local,S,controller-30/command,controller_command,12,0,3,0.0005020290340124671
7,49,local,S,controller-31/channel,controller_channel,2304,0,3,0.09638957453039368
7,49,local,S,controller-31/command,controller_command,12,0,3,0.0005020290340124671
7,49,local,S,controller-32/channel,controller_channel,2304,0,3,0.09638957453039368
7,49,local,S,controller-32/command,controller_command,12,0,3,0.0005020290340124671
7,49,local,S,controller-33/channel,controller_channel,2304,0,3,0.09638957453039368
7,49,local,S,controller-33/command,controller_command,12,0,3,0.0005020290340124671
7,49,local,S,controller-34/channel,controller_channel,2304,0,3,0.09638957453039368
7,49,local,S,controller-34/command,controller_command,12,0,3,0.0005020290340124671
7,49,local,S,controller-35/channel,controller_channel,2304,0,3,0.09638957453039368
7,49,local,S,controller-35/command,controller_command,12,0,3,0.0005020290340124671
7,49,local,S,controller-36/channel,controller_channel,2304,0,3,0.09638957453039368
7,49,local,S,controller-36/command,controller_command,12,0,3,0.0005020290340124671
7,49,local,S,controller-37/channel,controller_channel,2304,0,3,0.09638957453039368
7,49,local,S,controller-37/command,controller_command,12,0,3,0.0005020290340124671
7,49,local,S,controller-38/channel,controller_channel,2304,0,3,0.09638957453039368
7,49,local,S,controller-38/command,controller_command,12,0,3,0.0005020290340124671
7,49,local,S,controller-39/channel,controller_channel,2304,0,3,0.09638957453039368
7,49,local,S,controller-39/command,controller_command,12,0,3,0.0005020290340124671
7,49,local,S,controller-4/channel,controller_channel,2304,0,3,0.09638957453039368
7,49,local,S,controller-4/command,controller_command,12,0,3,0.0005020290340124671
7,49,local,S,controller-40/channel,controller_channel,2304,0,3,0.09638957453039368
7,49,local,S,controller-40/command,controller_command,12,0,3,0.0005020290340124671
7,49,local,S,controller-41/channel,controller_channel,2304,0,3,0.09638957453039368
7,49,local,S,controller-41/command,controller_command,12,0,3,0.0005020290340124671
7,49,local,S,controller-42/channel,controller_channel,2304,0,3,0.09638957453039368
7,49,local,S,controller-42/command,controller_command,12,0,3,0.0005020290340124671
7,49,local,S,controller-43/channel,controller_channel,2304,0,3,0.09638957453039368
7,49,local,S,controller-43/command,controller_command,12,0,3,0.0005020290340124671
7,49,local,S,controller-44/channel,controller_channel,2304,0,3,0.09638957453039368
7,49,local,S,controller-44/command,controller_command,12,0,3,0.0005020290340124671
7,49,local,S,controller-45/channel,controller_channel,2304,0,3,0.09638957453039368
7,49,local,S,controller-45/command,controller_command,12,0,3,0.0005020290340124671
7,49,local,S,controller-46/channel,controller_channel,2304,0,3,0.09638957453039368
7,49,local,S,controller-46/command,controller_command,12,0,3,0.0005020290340124671
7,49,local,S,controller-47/channel,controller_channel,2304,0,3,0.09638957453039368
7,49,local,S,controller-47/command,controller_command,12,0,3,0.0005020290340124671
7,49,local,S,controller-48/channel,controller_channel,2304,0,3,0.09638957453039368
7,49,local,S,controller-48/command,controller_command,12,0,3,0.0005020290340124671
7,49,local,S,controller-5/channel,controller_channel,2304,0,3,0.09638957453039368
7,49,local,S,controller-5/command,controller_command,12,0,3,0.0005020290340124671
7,49,local,S,controller-6/channel,controller_channel,2304,0,3,0.09638957453039368
7,49,local,S,controller-6/command,controller_command,12,0,3,0.0005020290340124671
7,49,local,S,controller-7/channel,controller_channel,2304,0,3,0.09638957453039368
7,49,local,S,controller-7/command,controller_command,12,0,3,0.0005020290340124671
7,49,local,S,controller-8/channel,controller_channel,2304,0,3,0.09638957453039368
7,49,local,S,controller-8/command,controller_command,12,0,3,0.0005020290340124671
7,49,local,S,controller-9/channel,controller_channel,2304,0,3,0.09638957453039368
7,49,local,S,controller-9/command,controller_command,12,0,3,0.0005020290340124671
7,49,local,S,dram-0-0/port,bank,2560,0,2,0.10709952725599298
7,49,local,S,dram-0-1/port,bank,2048,0,1,0.08567962180479438
7,49,local,S,dram-1-0/port,bank,2560,0,2,0.10709952725599298
7,49,local,S,dram-1-1/port,bank,2048,0,1,0.08567962180479438
7,49,local,S,dram-10-0/port,bank,2560,0,2,0.10709952725599298
7,49,local,S,dram-10-1/port,bank,2048,0,1,0.08567962180479438
7,49,local,S,dram-11-0/port,bank,2560,0,2,0.10709952725599298
7,49,local,S,dram-11-1/port,bank,2048,0,1,0.08567962180479438
7,49,local,S,dram-12-0/port,bank,2560,0,2,0.10709952725599298
7,49,local,S,dram-12-1/port,bank,2048,0,1,0.08567962180479438
7,49,local,S,dram-13-0/port,bank,2560,0,2,0.10709952725599298
7,49,local,S,dram-13-1/port,bank,2048,0,1,0.08567962180479438
7,49,local,S,dram-14-0/port,bank,2560,0,2,0.10709952725599298
7,49,local,S,dram-14-1/port,bank,2048,0,1,0.08567962180479438
7,49,local,S,dram-15-0/port,bank,2560,0,2,0.10709952725599298
7,49,local,S,dram-15-1/port,bank,2048,0,1,0.08567962180479438
7,49,local,S,dram-16-0/port,bank,2560,0,2,0.10709952725599298
7,49,local,S,dram-16-1/port,bank,2048,0,1,0.08567962180479438
7,49,local,S,dram-17-0/port,bank,2560,0,2,0.10709952725599298
7,49,local,S,dram-17-1/port,bank,2048,0,1,0.08567962180479438
7,49,local,S,dram-18-0/port,bank,2560,0,2,0.10709952725599298
7,49,local,S,dram-18-1/port,bank,2048,0,1,0.08567962180479438
7,49,local,S,dram-19-0/port,bank,2560,0,2,0.10709952725599298
7,49,local,S,dram-19-1/port,bank,2048,0,1,0.08567962180479438
7,49,local,S,dram-2-0/port,bank,2560,0,2,0.10709952725599298
7,49,local,S,dram-2-1/port,bank,2048,0,1,0.08567962180479438
7,49,local,S,dram-20-0/port,bank,2560,0,2,0.10709952725599298
7,49,local,S,dram-20-1/port,bank,2048,0,1,0.08567962180479438
7,49,local,S,dram-21-0/port,bank,2560,0,2,0.10709952725599298
7,49,local,S,dram-21-1/port,bank,2048,0,1,0.08567962180479438
7,49,local,S,dram-22-0/port,bank,2560,0,2,0.10709952725599298
7,49,local,S,dram-22-1/port,bank,2048,0,1,0.08567962180479438
7,49,local,S,dram-23-0/port,bank,2560,0,2,0.10709952725599298
7,49,local,S,dram-23-1/port,bank,2048,0,1,0.08567962180479438
7,49,local,S,dram-24-0/port,bank,2560,0,2,0.10709952725599298
7,49,local,S,dram-24-1/port,bank,2048,0,1,0.08567962180479438
7,49,local,S,dram-25-0/port,bank,2560,0,2,0.10709952725599298
7,49,local,S,dram-25-1/port,bank,2048,0,1,0.08567962180479438
7,49,local,S,dram-26-0/port,bank,2560,0,2,0.10709952725599298
7,49,local,S,dram-26-1/port,bank,2048,0,1,0.08567962180479438
7,49,local,S,dram-27-0/port,bank,2560,0,2,0.10709952725599298
7,49,local,S,dram-27-1/port,bank,2048,0,1,0.08567962180479438
7,49,local,S,dram-28-0/port,bank,2560,0,2,0.10709952725599298
7,49,local,S,dram-28-1/port,bank,2048,0,1,0.08567962180479438
7,49,local,S,dram-29-0/port,bank,2560,0,2,0.10709952725599298
7,49,local,S,dram-29-1/port,bank,2048,0,1,0.08567962180479438
7,49,local,S,dram-3-0/port,bank,2560,0,2,0.10709952725599298
7,49,local,S,dram-3-1/port,bank,2048,0,1,0.08567962180479438
7,49,local,S,dram-30-0/port,bank,2560,0,2,0.10709952725599298
7,49,local,S,dram-30-1/port,bank,2048,0,1,0.08567962180479438
7,49,local,S,dram-31-0/port,bank,2560,0,2,0.10709952725599298
7,49,local,S,dram-31-1/port,bank,2048,0,1,0.08567962180479438
7,49,local,S,dram-32-0/port,bank,2560,0,2,0.10709952725599298
7,49,local,S,dram-32-1/port,bank,2048,0,1,0.08567962180479438
7,49,local,S,dram-33-0/port,bank,2560,0,2,0.10709952725599298
7,49,local,S,dram-33-1/port,bank,2048,0,1,0.08567962180479438
7,49,local,S,dram-34-0/port,bank,2560,0,2,0.10709952725599298
7,49,local,S,dram-34-1/port,bank,2048,0,1,0.08567962180479438
7,49,local,S,dram-35-0/port,bank,2560,0,2,0.10709952725599298
7,49,local,S,dram-35-1/port,bank,2048,0,1,0.08567962180479438
7,49,local,S,dram-36-0/port,bank,2560,0,2,0.10709952725599298
7,49,local,S,dram-36-1/port,bank,2048,0,1,0.08567962180479438
7,49,local,S,dram-37-0/port,bank,2560,0,2,0.10709952725599298
7,49,local,S,dram-37-1/port,bank,2048,0,1,0.08567962180479438
7,49,local,S,dram-38-0/port,bank,2560,0,2,0.10709952725599298
7,49,local,S,dram-38-1/port,bank,2048,0,1,0.08567962180479438
7,49,local,S,dram-39-0/port,bank,2560,0,2,0.10709952725599298
7,49,local,S,dram-39-1/port,bank,2048,0,1,0.08567962180479438
7,49,local,S,dram-4-0/port,bank,2560,0,2,0.10709952725599298
7,49,local,S,dram-4-1/port,bank,2048,0,1,0.08567962180479438
7,49,local,S,dram-40-0/port,bank,2560,0,2,0.10709952725599298
7,49,local,S,dram-40-1/port,bank,2048,0,1,0.08567962180479438
7,49,local,S,dram-41-0/port,bank,2560,0,2,0.10709952725599298
7,49,local,S,dram-41-1/port,bank,2048,0,1,0.08567962180479438
7,49,local,S,dram-42-0/port,bank,2560,0,2,0.10709952725599298
7,49,local,S,dram-42-1/port,bank,2048,0,1,0.08567962180479438
7,49,local,S,dram-43-0/port,bank,2560,0,2,0.10709952725599298
7,49,local,S,dram-43-1/port,bank,2048,0,1,0.08567962180479438
7,49,local,S,dram-44-0/port,bank,2560,0,2,0.10709952725599298
7,49,local,S,dram-44-1/port,bank,2048,0,1,0.08567962180479438
7,49,local,S,dram-45-0/port,bank,2560,0,2,0.10709952725599298
7,49,local,S,dram-45-1/port,bank,2048,0,1,0.08567962180479438
7,49,local,S,dram-46-0/port,bank,2560,0,2,0.10709952725599298
7,49,local,S,dram-46-1/port,bank,2048,0,1,0.08567962180479438
7,49,local,S,dram-47-0/port,bank,2560,0,2,0.10709952725599298
7,49,local,S,dram-47-1/port,bank,2048,0,1,0.08567962180479438
7,49,local,S,dram-48-0/port,bank,2560,0,2,0.10709952725599298
7,49,local,S,dram-48-1/port,bank,2048,0,1,0.08567962180479438
7,49,local,S,dram-5-0/port,bank,2560,0,2,0.10709952725599298
7,49,local,S,dram-5-1/port,bank,2048,0,1,0.08567962180479438
7,49,local,S,dram-6-0/port,bank,2560,0,2,0.10709952725599298
7,49,local,S,dram-6-1/port,bank,2048,0,1,0.08567962180479438
7,49,local,S,dram-7-0/port,bank,2560,0,2,0.10709952725599298
7,49,local,S,dram-7-1/port,bank,2048,0,1,0.08567962180479438
7,49,local,S,dram-8-0/port,bank,2560,0,2,0.10709952725599298
7,49,local,S,dram-8-1/port,bank,2048,0,1,0.08567962180479438
7,49,local,S,dram-9-0/port,bank,2560,0,2,0.10709952725599298
7,49,local,S,dram-9-1/port,bank,2048,0,1,0.08567962180479438
7,49,local,S,host-controller/channel,controller_channel,256,0,1,0.010709952725599298
7,49,local,S,host-controller/command,controller_command,8,0,1,0.00033468602267497805
7,49,local,S,host-memory/port,external,512,0,1,0.021419905451198595
7,49,local,S,sram-0/port,sram,6144,0,10,0.25703886541438314
7,49,local,S,sram-1/port,sram,5888,0,9,0.24632891268878385
7,49,local,S,sram-10/port,sram,5888,0,9,0.24632891268878385
7,49,local,S,sram-11/port,sram,5888,0,9,0.24632891268878385
7,49,local,S,sram-12/port,sram,5888,0,9,0.24632891268878385
7,49,local,S,sram-13/port,sram,5888,0,9,0.24632891268878385
7,49,local,S,sram-14/port,sram,5888,0,9,0.24632891268878385
7,49,local,S,sram-15/port,sram,5888,0,9,0.24632891268878385
7,49,local,S,sram-16/port,sram,5888,0,9,0.24632891268878385
7,49,local,S,sram-17/port,sram,5888,0,9,0.24632891268878385
7,49,local,S,sram-18/port,sram,5888,0,9,0.24632891268878385
7,49,local,S,sram-19/port,sram,5888,0,9,0.24632891268878385
7,49,local,S,sram-2/port,sram,5888,0,9,0.24632891268878385
7,49,local,S,sram-20/port,sram,5888,0,9,0.24632891268878385
7,49,local,S,sram-21/port,sram,5888,0,9,0.24632891268878385
7,49,local,S,sram-22/port,sram,5888,0,9,0.24632891268878385
7,49,local,S,sram-23/port,sram,5888,0,9,0.24632891268878385
7,49,local,S,sram-24/port,sram,5888,0,9,0.24632891268878385
7,49,local,S,sram-25/port,sram,5888,0,9,0.24632891268878385
7,49,local,S,sram-26/port,sram,5888,0,9,0.24632891268878385
7,49,local,S,sram-27/port,sram,5888,0,9,0.24632891268878385
7,49,local,S,sram-28/port,sram,5888,0,9,0.24632891268878385
7,49,local,S,sram-29/port,sram,5888,0,9,0.24632891268878385
7,49,local,S,sram-3/port,sram,5888,0,9,0.24632891268878385
7,49,local,S,sram-30/port,sram,5888,0,9,0.24632891268878385
7,49,local,S,sram-31/port,sram,5888,0,9,0.24632891268878385
7,49,local,S,sram-32/port,sram,5888,0,9,0.24632891268878385
7,49,local,S,sram-33/port,sram,5888,0,9,0.24632891268878385
7,49,local,S,sram-34/port,sram,5888,0,9,0.24632891268878385
7,49,local,S,sram-35/port,sram,5888,0,9,0.24632891268878385
7,49,local,S,sram-36/port,sram,5888,0,9,0.24632891268878385
7,49,local,S,sram-37/port,sram,5888,0,9,0.24632891268878385
7,49,local,S,sram-38/port,sram,5888,0,9,0.24632891268878385
7,49,local,S,sram-39/port,sram,5888,0,9,0.24632891268878385
7,49,local,S,sram-4/port,sram,5888,0,9,0.24632891268878385
7,49,local,S,sram-40/port,sram,5888,0,9,0.24632891268878385
7,49,local,S,sram-41/port,sram,5888,0,9,0.24632891268878385
7,49,local,S,sram-42/port,sram,5888,0,9,0.24632891268878385
7,49,local,S,sram-43/port,sram,5888,0,9,0.24632891268878385
7,49,local,S,sram-44/port,sram,5888,0,9,0.24632891268878385
7,49,local,S,sram-45/port,sram,5888,0,9,0.24632891268878385
7,49,local,S,sram-46/port,sram,5888,0,9,0.24632891268878385
7,49,local,S,sram-47/port,sram,5888,0,9,0.24632891268878385
7,49,local,S,sram-48/port,sram,5888,0,9,0.24632891268878385
7,49,local,S,sram-5/port,sram,5888,0,9,0.24632891268878385
7,49,local,S,sram-6/port,sram,5888,0,9,0.24632891268878385
7,49,local,S,sram-7/port,sram,5888,0,9,0.24632891268878385
7,49,local,S,sram-8/port,sram,5888,0,9,0.24632891268878385
7,49,local,S,sram-9/port,sram,5888,0,9,0.24632891268878385
7,49,clustered_local,U0,c0,compute,4096,0,2,0.27728134308150554
7,49,clustered_local,U0,c1,compute,4096,0,2,0.27728134308150554
7,49,clustered_local,U0,c10,compute,4096,0,2,0.27728134308150554
7,49,clustered_local,U0,c11,compute,4096,0,2,0.27728134308150554
7,49,clustered_local,U0,c12,compute,4096,0,2,0.27728134308150554
7,49,clustered_local,U0,c13,compute,4096,0,2,0.27728134308150554
7,49,clustered_local,U0,c14,compute,4096,0,2,0.27728134308150554
7,49,clustered_local,U0,c15,compute,4096,0,2,0.27728134308150554
7,49,clustered_local,U0,c16,compute,4096,0,2,0.27728134308150554
7,49,clustered_local,U0,c17,compute,4096,0,2,0.27728134308150554
7,49,clustered_local,U0,c18,compute,4096,0,2,0.27728134308150554
7,49,clustered_local,U0,c19,compute,4096,0,2,0.27728134308150554
7,49,clustered_local,U0,c2,compute,4096,0,2,0.27728134308150554
7,49,clustered_local,U0,c20,compute,4096,0,2,0.27728134308150554
7,49,clustered_local,U0,c21,compute,4096,0,2,0.27728134308150554
7,49,clustered_local,U0,c22,compute,4096,0,2,0.27728134308150554
7,49,clustered_local,U0,c23,compute,4096,0,2,0.27728134308150554
7,49,clustered_local,U0,c24,compute,4096,0,2,0.27728134308150554
7,49,clustered_local,U0,c25,compute,4096,0,2,0.27728134308150554
7,49,clustered_local,U0,c26,compute,4096,0,2,0.27728134308150554
7,49,clustered_local,U0,c27,compute,4096,0,2,0.27728134308150554
7,49,clustered_local,U0,c28,compute,4096,0,2,0.27728134308150554
7,49,clustered_local,U0,c29,compute,4096,0,2,0.27728134308150554
7,49,clustered_local,U0,c3,compute,4096,0,2,0.27728134308150554
7,49,clustered_local,U0,c30,compute,4096,0,2,0.27728134308150554
7,49,clustered_local,U0,c31,compute,4096,0,2,0.27728134308150554
7,49,clustered_local,U0,c32,compute,4096,0,2,0.27728134308150554
7,49,clustered_local,U0,c33,compute,4096,0,2,0.27728134308150554
7,49,clustered_local,U0,c34,compute,4096,0,2,0.27728134308150554
7,49,clustered_local,U0,c35,compute,4096,0,2,0.27728134308150554
7,49,clustered_local,U0,c36,compute,4096,0,2,0.27728134308150554
7,49,clustered_local,U0,c37,compute,4096,0,2,0.27728134308150554
7,49,clustered_local,U0,c38,compute,4096,0,2,0.27728134308150554
7,49,clustered_local,U0,c39,compute,4096,0,2,0.27728134308150554
7,49,clustered_local,U0,c4,compute,4096,0,2,0.27728134308150554
7,49,clustered_local,U0,c40,compute,4096,0,2,0.27728134308150554
7,49,clustered_local,U0,c41,compute,4096,0,2,0.27728134308150554
7,49,clustered_local,U0,c42,compute,4096,0,2,0.27728134308150554
7,49,clustered_local,U0,c43,compute,4096,0,2,0.27728134308150554
7,49,clustered_local,U0,c44,compute,4096,0,2,0.27728134308150554
7,49,clustered_local,U0,c45,compute,4096,0,2,0.27728134308150554
7,49,clustered_local,U0,c46,compute,4096,0,2,0.27728134308150554
7,49,clustered_local,U0,c47,compute,4096,0,2,0.27728134308150554
7,49,clustered_local,U0,c48,compute,4096,0,2,0.27728134308150554
7,49,clustered_local,U0,c5,compute,4096,0,2,0.27728134308150554
7,49,clustered_local,U0,c6,compute,4096,0,2,0.27728134308150554
7,49,clustered_local,U0,c7,compute,4096,0,2,0.27728134308150554
7,49,clustered_local,U0,c8,compute,4096,0,2,0.27728134308150554
7,49,clustered_local,U0,c9,compute,4096,0,2,0.27728134308150554
7,49,clustered_local,U0,host-controller/channel,controller_channel,256,0,1,0.017330083942594096
7,49,clustered_local,U0,host-controller/command,controller_command,8,0,1,0.0005415651232060655
7,49,clustered_local,U0,host-memory/port,external,512,0,1,0.03466016788518819
7,49,clustered_local,U0,sram-0/port,sram,6144,0,10,0.4159220146222583
7,49,clustered_local,U0,sram-1/port,sram,5888,0,9,0.39859193067966425
7,49,clustered_local,U0,sram-10/port,sram,5888,0,9,0.39859193067966425
7,49,clustered_local,U0,sram-11/port,sram,5888,0,9,0.39859193067966425
7,49,clustered_local,U0,sram-12/port,sram,5888,0,9,0.39859193067966425
7,49,clustered_local,U0,sram-13/port,sram,5888,0,9,0.39859193067966425
7,49,clustered_local,U0,sram-14/port,sram,5888,0,9,0.39859193067966425
7,49,clustered_local,U0,sram-15/port,sram,5888,0,9,0.39859193067966425
7,49,clustered_local,U0,sram-16/port,sram,5888,0,9,0.39859193067966425
7,49,clustered_local,U0,sram-17/port,sram,5888,0,9,0.39859193067966425
7,49,clustered_local,U0,sram-18/port,sram,5888,0,9,0.39859193067966425
7,49,clustered_local,U0,sram-19/port,sram,5888,0,9,0.39859193067966425
7,49,clustered_local,U0,sram-2/port,sram,5888,0,9,0.39859193067966425
7,49,clustered_local,U0,sram-20/port,sram,5888,0,9,0.39859193067966425
7,49,clustered_local,U0,sram-21/port,sram,5888,0,9,0.39859193067966425
7,49,clustered_local,U0,sram-22/port,sram,5888,0,9,0.39859193067966425
7,49,clustered_local,U0,sram-23/port,sram,5888,0,9,0.39859193067966425
7,49,clustered_local,U0,sram-24/port,sram,5888,0,9,0.39859193067966425
7,49,clustered_local,U0,sram-25/port,sram,5888,0,9,0.39859193067966425
7,49,clustered_local,U0,sram-26/port,sram,5888,0,9,0.39859193067966425
7,49,clustered_local,U0,sram-27/port,sram,5888,0,9,0.39859193067966425
7,49,clustered_local,U0,sram-28/port,sram,5888,0,9,0.39859193067966425
7,49,clustered_local,U0,sram-29/port,sram,5888,0,9,0.39859193067966425
7,49,clustered_local,U0,sram-3/port,sram,5888,0,9,0.39859193067966425
7,49,clustered_local,U0,sram-30/port,sram,5888,0,9,0.39859193067966425
7,49,clustered_local,U0,sram-31/port,sram,5888,0,9,0.39859193067966425
7,49,clustered_local,U0,sram-32/port,sram,5888,0,9,0.39859193067966425
7,49,clustered_local,U0,sram-33/port,sram,5888,0,9,0.39859193067966425
7,49,clustered_local,U0,sram-34/port,sram,5888,0,9,0.39859193067966425
7,49,clustered_local,U0,sram-35/port,sram,5888,0,9,0.39859193067966425
7,49,clustered_local,U0,sram-36/port,sram,5888,0,9,0.39859193067966425
7,49,clustered_local,U0,sram-37/port,sram,5888,0,9,0.39859193067966425
7,49,clustered_local,U0,sram-38/port,sram,5888,0,9,0.39859193067966425
7,49,clustered_local,U0,sram-39/port,sram,5888,0,9,0.39859193067966425
7,49,clustered_local,U0,sram-4/port,sram,5888,0,9,0.39859193067966425
7,49,clustered_local,U0,sram-40/port,sram,5888,0,9,0.39859193067966425
7,49,clustered_local,U0,sram-41/port,sram,5888,0,9,0.39859193067966425
7,49,clustered_local,U0,sram-42/port,sram,5888,0,9,0.39859193067966425
7,49,clustered_local,U0,sram-43/port,sram,5888,0,9,0.39859193067966425
7,49,clustered_local,U0,sram-44/port,sram,5888,0,9,0.39859193067966425
7,49,clustered_local,U0,sram-45/port,sram,5888,0,9,0.39859193067966425
7,49,clustered_local,U0,sram-46/port,sram,5888,0,9,0.39859193067966425
7,49,clustered_local,U0,sram-47/port,sram,5888,0,9,0.39859193067966425
7,49,clustered_local,U0,sram-48/port,sram,5888,0,9,0.39859193067966425
7,49,clustered_local,U0,sram-5/port,sram,5888,0,9,0.39859193067966425
7,49,clustered_local,U0,sram-6/port,sram,5888,0,9,0.39859193067966425
7,49,clustered_local,U0,sram-7/port,sram,5888,0,9,0.39859193067966425
7,49,clustered_local,U0,sram-8/port,sram,5888,0,9,0.39859193067966425
7,49,clustered_local,U0,sram-9/port,sram,5888,0,9,0.39859193067966425
7,49,clustered_local,U0,uniform/bank,bank,2352,22680,147,0.15922014622258326
7,49,clustered_local,U0,uniform/channel,controller_channel,2352,0,147,0.15922014622258326
7,49,clustered_local,U0,uniform/command,controller_command,147,1134,147,0.009951259138911454
7,49,clustered_local,U1,c0,compute,4096,0,2,0.15645530939648586
7,49,clustered_local,U1,c1,compute,4096,0,2,0.15645530939648586
7,49,clustered_local,U1,c10,compute,4096,0,2,0.15645530939648586
7,49,clustered_local,U1,c11,compute,4096,0,2,0.15645530939648586
7,49,clustered_local,U1,c12,compute,4096,0,2,0.15645530939648586
7,49,clustered_local,U1,c13,compute,4096,0,2,0.15645530939648586
7,49,clustered_local,U1,c14,compute,4096,0,2,0.15645530939648586
7,49,clustered_local,U1,c15,compute,4096,0,2,0.15645530939648586
7,49,clustered_local,U1,c16,compute,4096,0,2,0.15645530939648586
7,49,clustered_local,U1,c17,compute,4096,0,2,0.15645530939648586
7,49,clustered_local,U1,c18,compute,4096,0,2,0.15645530939648586
7,49,clustered_local,U1,c19,compute,4096,0,2,0.15645530939648586
7,49,clustered_local,U1,c2,compute,4096,0,2,0.15645530939648586
7,49,clustered_local,U1,c20,compute,4096,0,2,0.15645530939648586
7,49,clustered_local,U1,c21,compute,4096,0,2,0.15645530939648586
7,49,clustered_local,U1,c22,compute,4096,0,2,0.15645530939648586
7,49,clustered_local,U1,c23,compute,4096,0,2,0.15645530939648586
7,49,clustered_local,U1,c24,compute,4096,0,2,0.15645530939648586
7,49,clustered_local,U1,c25,compute,4096,0,2,0.15645530939648586
7,49,clustered_local,U1,c26,compute,4096,0,2,0.15645530939648586
7,49,clustered_local,U1,c27,compute,4096,0,2,0.15645530939648586
7,49,clustered_local,U1,c28,compute,4096,0,2,0.15645530939648586
7,49,clustered_local,U1,c29,compute,4096,0,2,0.15645530939648586
7,49,clustered_local,U1,c3,compute,4096,0,2,0.15645530939648586
7,49,clustered_local,U1,c30,compute,4096,0,2,0.15645530939648586
7,49,clustered_local,U1,c31,compute,4096,0,2,0.15645530939648586
7,49,clustered_local,U1,c32,compute,4096,0,2,0.15645530939648586
7,49,clustered_local,U1,c33,compute,4096,0,2,0.15645530939648586
7,49,clustered_local,U1,c34,compute,4096,0,2,0.15645530939648586
7,49,clustered_local,U1,c35,compute,4096,0,2,0.15645530939648586
7,49,clustered_local,U1,c36,compute,4096,0,2,0.15645530939648586
7,49,clustered_local,U1,c37,compute,4096,0,2,0.15645530939648586
7,49,clustered_local,U1,c38,compute,4096,0,2,0.15645530939648586
7,49,clustered_local,U1,c39,compute,4096,0,2,0.15645530939648586
7,49,clustered_local,U1,c4,compute,4096,0,2,0.15645530939648586
7,49,clustered_local,U1,c40,compute,4096,0,2,0.15645530939648586
7,49,clustered_local,U1,c41,compute,4096,0,2,0.15645530939648586
7,49,clustered_local,U1,c42,compute,4096,0,2,0.15645530939648586
7,49,clustered_local,U1,c43,compute,4096,0,2,0.15645530939648586
7,49,clustered_local,U1,c44,compute,4096,0,2,0.15645530939648586
7,49,clustered_local,U1,c45,compute,4096,0,2,0.15645530939648586
7,49,clustered_local,U1,c46,compute,4096,0,2,0.15645530939648586
7,49,clustered_local,U1,c47,compute,4096,0,2,0.15645530939648586
7,49,clustered_local,U1,c48,compute,4096,0,2,0.15645530939648586
7,49,clustered_local,U1,c5,compute,4096,0,2,0.15645530939648586
7,49,clustered_local,U1,c6,compute,4096,0,2,0.15645530939648586
7,49,clustered_local,U1,c7,compute,4096,0,2,0.15645530939648586
7,49,clustered_local,U1,c8,compute,4096,0,2,0.15645530939648586
7,49,clustered_local,U1,c9,compute,4096,0,2,0.15645530939648586
7,49,clustered_local,U1,controller-0/channel,controller_channel,9216,0,12,0.3520244461420932
7,49,clustered_local,U1,controller-0/command,controller_command,48,12,12,0.0018334606569900688
7,49,clustered_local,U1,controller-14/channel,controller_channel,9216,0,12,0.3520244461420932
7,49,clustered_local,U1,controller-14/command,controller_command,48,24,12,0.0018334606569900688
7,49,clustered_local,U1,controller-16/channel,controller_channel,9216,0,12,0.3520244461420932
7,49,clustered_local,U1,controller-16/command,controller_command,48,24,12,0.0018334606569900688
7,49,clustered_local,U1,controller-18/channel,controller_channel,9216,0,12,0.3520244461420932
7,49,clustered_local,U1,controller-18/command,controller_command,48,24,12,0.0018334606569900688
7,49,clustered_local,U1,controller-2/channel,controller_channel,9216,0,12,0.3520244461420932
7,49,clustered_local,U1,controller-2/command,controller_command,48,30,12,0.0018334606569900688
7,49,clustered_local,U1,controller-20/channel,controller_channel,4608,0,6,0.1760122230710466
7,49,clustered_local,U1,controller-20/command,controller_command,24,4,6,0.0009167303284950344
7,49,clustered_local,U1,controller-28/channel,controller_channel,9216,0,12,0.3520244461420932
7,49,clustered_local,U1,controller-28/command,controller_command,48,24,12,0.0018334606569900688
7,49,clustered_local,U1,controller-30/channel,controller_channel,9216,0,12,0.3520244461420932
7,49,clustered_local,U1,controller-30/command,controller_command,48,24,12,0.0018334606569900688
7,49,clustered_local,U1,controller-32/channel,controller_channel,9216,0,12,0.3520244461420932
7,49,clustered_local,U1,controller-32/command,controller_command,48,24,12,0.0018334606569900688
7,49,clustered_local,U1,controller-34/channel,controller_channel,4608,0,6,0.1760122230710466
7,49,clustered_local,U1,controller-34/command,controller_command,24,4,6,0.0009167303284950344
7,49,clustered_local,U1,controller-4/channel,controller_channel,9216,0,12,0.3520244461420932
7,49,clustered_local,U1,controller-4/command,controller_command,48,24,12,0.0018334606569900688
7,49,clustered_local,U1,controller-42/channel,controller_channel,4608,0,6,0.1760122230710466
7,49,clustered_local,U1,controller-42/command,controller_command,24,4,6,0.0009167303284950344
7,49,clustered_local,U1,controller-44/channel,controller_channel,4608,0,6,0.1760122230710466
7,49,clustered_local,U1,controller-44/command,controller_command,24,4,6,0.0009167303284950344
7,49,clustered_local,U1,controller-46/channel,controller_channel,4608,0,6,0.1760122230710466
7,49,clustered_local,U1,controller-46/command,controller_command,24,4,6,0.0009167303284950344
7,49,clustered_local,U1,controller-48/channel,controller_channel,2304,0,3,0.0880061115355233
7,49,clustered_local,U1,controller-48/command,controller_command,12,0,3,0.0004583651642475172
7,49,clustered_local,U1,controller-6/channel,controller_channel,4608,0,6,0.1760122230710466
7,49,clustered_local,U1,controller-6/command,controller_command,24,4,6,0.0009167303284950344
7,49,clustered_local,U1,dram-0-0/port,bank,10240,10590,8,0.39113827349121466
7,49,clustered_local,U1,dram-0-1/port,bank,8192,4242,4,0.3129106187929717
7,49,clustered_local,U1,dram-14-0/port,bank,10240,12264,8,0.39113827349121466
7,49,clustered_local,U1,dram-14-1/port,bank,8192,5021,4,0.3129106187929717
7,49,clustered_local,U1,dram-16-0/port,bank,10240,12264,8,0.39113827349121466
7,49,clustered_local,U1,dram-16-1/port,bank,8192,0,4,0.3129106187929717
7,49,clustered_local,U1,dram-18-0/port,bank,10240,12264,8,0.39113827349121466
7,49,clustered_local,U1,dram-18-1/port,bank,8192,0,4,0.3129106187929717
7,49,clustered_local,U1,dram-2-0/port,bank,10240,12264,8,0.39113827349121466
7,49,clustered_local,U1,dram-2-1/port,bank,8192,4088,4,0.3129106187929717
7,49,clustered_local,U1,dram-20-0/port,bank,5120,2044,4,0.19556913674560733
7,49,clustered_local,U1,dram-20-1/port,bank,4096,0,2,0.15645530939648586
7,49,clustered_local,U1,dram-28-0/port,bank,10240,12264,8,0.39113827349121466
7,49,clustered_local,U1,dram-28-1/port,bank,8192,5021,4,0.3129106187929717
7,49,clustered_local,U1,dram-30-0/port,bank,10240,12264,8,0.39113827349121466
7,49,clustered_local,U1,dram-30-1/port,bank,8192,0,4,0.3129106187929717
7,49,clustered_local,U1,dram-32-0/port,bank,10240,12264,8,0.39113827349121466
7,49,clustered_local,U1,dram-32-1/port,bank,8192,0,4,0.3129106187929717
7,49,clustered_local,U1,dram-34-0/port,bank,5120,2044,4,0.19556913674560733
7,49,clustered_local,U1,dram-34-1/port,bank,4096,0,2,0.15645530939648586
7,49,clustered_local,U1,dram-4-0/port,bank,10240,12264,8,0.39113827349121466
7,49,clustered_local,U1,dram-4-1/port,bank,8192,0,4,0.3129106187929717
7,49,clustered_local,U1,dram-42-0/port,bank,5120,2044,4,0.19556913674560733
7,49,clustered_local,U1,dram-42-1/port,bank,4096,0,2,0.15645530939648586
7,49,clustered_local,U1,dram-44-0/port,bank,5120,2044,4,0.19556913674560733
7,49,clustered_local,U1,dram-44-1/port,bank,4096,0,2,0.15645530939648586
7,49,clustered_local,U1,dram-46-0/port,bank,5120,2044,4,0.19556913674560733
7,49,clustered_local,U1,dram-46-1/port,bank,4096,0,2,0.15645530939648586
7,49,clustered_local,U1,dram-48-0/port,bank,2560,0,2,0.09778456837280367
7,49,clustered_local,U1,dram-48-1/port,bank,2048,0,1,0.07822765469824293
7,49,clustered_local,U1,dram-6-0/port,bank,5120,2044,4,0.19556913674560733
7,49,clustered_local,U1,dram-6-1/port,bank,4096,0,2,0.15645530939648586
7,49,clustered_local,U1,host-controller/channel,controller_channel,256,0,1,0.009778456837280366
7,49,clustered_local,U1,host-controller/command,controller_command,8,0,1,0.00030557677616501144
7,49,clustered_local,U1,host-memory/port,external,512,0,1,0.019556913674560732
7,49,clustered_local,U1,sram-0/port,sram,6144,0,10,0.2346829640947288
7,49,clustered_local,U1,sram-1/port,sram,5888,0,9,0.22490450725744843
7,49,clustered_local,U1,sram-10/port,sram,5888,0,9,0.22490450725744843
7,49,clustered_local,U1,sram-11/port,sram,5888,0,9,0.22490450725744843
7,49,clustered_local,U1,sram-12/port,sram,5888,0,9,0.22490450725744843
7,49,clustered_local,U1,sram-13/port,sram,5888,0,9,0.22490450725744843
7,49,clustered_local,U1,sram-14/port,sram,5888,0,9,0.22490450725744843
7,49,clustered_local,U1,sram-15/port,sram,5888,0,9,0.22490450725744843
7,49,clustered_local,U1,sram-16/port,sram,5888,0,9,0.22490450725744843
7,49,clustered_local,U1,sram-17/port,sram,5888,0,9,0.22490450725744843
7,49,clustered_local,U1,sram-18/port,sram,5888,0,9,0.22490450725744843
7,49,clustered_local,U1,sram-19/port,sram,5888,0,9,0.22490450725744843
7,49,clustered_local,U1,sram-2/port,sram,5888,0,9,0.22490450725744843
7,49,clustered_local,U1,sram-20/port,sram,5888,0,9,0.22490450725744843
7,49,clustered_local,U1,sram-21/port,sram,5888,871,9,0.22490450725744843
7,49,clustered_local,U1,sram-22/port,sram,5888,0,9,0.22490450725744843
7,49,clustered_local,U1,sram-23/port,sram,5888,0,9,0.22490450725744843
7,49,clustered_local,U1,sram-24/port,sram,5888,0,9,0.22490450725744843
7,49,clustered_local,U1,sram-25/port,sram,5888,0,9,0.22490450725744843
7,49,clustered_local,U1,sram-26/port,sram,5888,0,9,0.22490450725744843
7,49,clustered_local,U1,sram-27/port,sram,5888,0,9,0.22490450725744843
7,49,clustered_local,U1,sram-28/port,sram,5888,0,9,0.22490450725744843
7,49,clustered_local,U1,sram-29/port,sram,5888,0,9,0.22490450725744843
7,49,clustered_local,U1,sram-3/port,sram,5888,0,9,0.22490450725744843
7,49,clustered_local,U1,sram-30/port,sram,5888,0,9,0.22490450725744843
7,49,clustered_local,U1,sram-31/port,sram,5888,0,9,0.22490450725744843
7,49,clustered_local,U1,sram-32/port,sram,5888,0,9,0.22490450725744843
7,49,clustered_local,U1,sram-33/port,sram,5888,0,9,0.22490450725744843
7,49,clustered_local,U1,sram-34/port,sram,5888,0,9,0.22490450725744843
7,49,clustered_local,U1,sram-35/port,sram,5888,871,9,0.22490450725744843
7,49,clustered_local,U1,sram-36/port,sram,5888,0,9,0.22490450725744843
7,49,clustered_local,U1,sram-37/port,sram,5888,0,9,0.22490450725744843
7,49,clustered_local,U1,sram-38/port,sram,5888,0,9,0.22490450725744843
7,49,clustered_local,U1,sram-39/port,sram,5888,0,9,0.22490450725744843
7,49,clustered_local,U1,sram-4/port,sram,5888,0,9,0.22490450725744843
7,49,clustered_local,U1,sram-40/port,sram,5888,0,9,0.22490450725744843
7,49,clustered_local,U1,sram-41/port,sram,5888,0,9,0.22490450725744843
7,49,clustered_local,U1,sram-42/port,sram,5888,0,9,0.22490450725744843
7,49,clustered_local,U1,sram-43/port,sram,5888,0,9,0.22490450725744843
7,49,clustered_local,U1,sram-44/port,sram,5888,0,9,0.22490450725744843
7,49,clustered_local,U1,sram-45/port,sram,5888,0,9,0.22490450725744843
7,49,clustered_local,U1,sram-46/port,sram,5888,0,9,0.22490450725744843
7,49,clustered_local,U1,sram-47/port,sram,5888,0,9,0.22490450725744843
7,49,clustered_local,U1,sram-48/port,sram,5888,0,9,0.22490450725744843
7,49,clustered_local,U1,sram-5/port,sram,5888,0,9,0.22490450725744843
7,49,clustered_local,U1,sram-6/port,sram,5888,0,9,0.22490450725744843
7,49,clustered_local,U1,sram-7/port,sram,5888,0,9,0.22490450725744843
7,49,clustered_local,U1,sram-8/port,sram,5888,0,9,0.22490450725744843
7,49,clustered_local,U1,sram-9/port,sram,5888,0,9,0.22490450725744843
7,49,clustered_local,S,c0,compute,4096,0,2,0.14133885438233265
7,49,clustered_local,S,c1,compute,4096,0,2,0.14133885438233265
7,49,clustered_local,S,c10,compute,4096,0,2,0.14133885438233265
7,49,clustered_local,S,c11,compute,4096,0,2,0.14133885438233265
7,49,clustered_local,S,c12,compute,4096,0,2,0.14133885438233265
7,49,clustered_local,S,c13,compute,4096,0,2,0.14133885438233265
7,49,clustered_local,S,c14,compute,4096,0,2,0.14133885438233265
7,49,clustered_local,S,c15,compute,4096,0,2,0.14133885438233265
7,49,clustered_local,S,c16,compute,4096,0,2,0.14133885438233265
7,49,clustered_local,S,c17,compute,4096,0,2,0.14133885438233265
7,49,clustered_local,S,c18,compute,4096,0,2,0.14133885438233265
7,49,clustered_local,S,c19,compute,4096,0,2,0.14133885438233265
7,49,clustered_local,S,c2,compute,4096,0,2,0.14133885438233265
7,49,clustered_local,S,c20,compute,4096,0,2,0.14133885438233265
7,49,clustered_local,S,c21,compute,4096,0,2,0.14133885438233265
7,49,clustered_local,S,c22,compute,4096,0,2,0.14133885438233265
7,49,clustered_local,S,c23,compute,4096,0,2,0.14133885438233265
7,49,clustered_local,S,c24,compute,4096,0,2,0.14133885438233265
7,49,clustered_local,S,c25,compute,4096,0,2,0.14133885438233265
7,49,clustered_local,S,c26,compute,4096,0,2,0.14133885438233265
7,49,clustered_local,S,c27,compute,4096,0,2,0.14133885438233265
7,49,clustered_local,S,c28,compute,4096,0,2,0.14133885438233265
7,49,clustered_local,S,c29,compute,4096,0,2,0.14133885438233265
7,49,clustered_local,S,c3,compute,4096,0,2,0.14133885438233265
7,49,clustered_local,S,c30,compute,4096,0,2,0.14133885438233265
7,49,clustered_local,S,c31,compute,4096,0,2,0.14133885438233265
7,49,clustered_local,S,c32,compute,4096,0,2,0.14133885438233265
7,49,clustered_local,S,c33,compute,4096,0,2,0.14133885438233265
7,49,clustered_local,S,c34,compute,4096,0,2,0.14133885438233265
7,49,clustered_local,S,c35,compute,4096,0,2,0.14133885438233265
7,49,clustered_local,S,c36,compute,4096,0,2,0.14133885438233265
7,49,clustered_local,S,c37,compute,4096,0,2,0.14133885438233265
7,49,clustered_local,S,c38,compute,4096,0,2,0.14133885438233265
7,49,clustered_local,S,c39,compute,4096,0,2,0.14133885438233265
7,49,clustered_local,S,c4,compute,4096,0,2,0.14133885438233265
7,49,clustered_local,S,c40,compute,4096,0,2,0.14133885438233265
7,49,clustered_local,S,c41,compute,4096,0,2,0.14133885438233265
7,49,clustered_local,S,c42,compute,4096,0,2,0.14133885438233265
7,49,clustered_local,S,c43,compute,4096,0,2,0.14133885438233265
7,49,clustered_local,S,c44,compute,4096,0,2,0.14133885438233265
7,49,clustered_local,S,c45,compute,4096,0,2,0.14133885438233265
7,49,clustered_local,S,c46,compute,4096,0,2,0.14133885438233265
7,49,clustered_local,S,c47,compute,4096,0,2,0.14133885438233265
7,49,clustered_local,S,c48,compute,4096,0,2,0.14133885438233265
7,49,clustered_local,S,c5,compute,4096,0,2,0.14133885438233265
7,49,clustered_local,S,c6,compute,4096,0,2,0.14133885438233265
7,49,clustered_local,S,c7,compute,4096,0,2,0.14133885438233265
7,49,clustered_local,S,c8,compute,4096,0,2,0.14133885438233265
7,49,clustered_local,S,c9,compute,4096,0,2,0.14133885438233265
7,49,clustered_local,S,controller-0/channel,controller_channel,9216,0,12,0.31801242236024846
7,49,clustered_local,S,controller-0/command,controller_command,48,2,12,0.0016563146997929607
7,49,clustered_local,S,controller-14/channel,controller_channel,9216,0,12,0.31801242236024846
7,49,clustered_local,S,controller-14/command,controller_command,48,2,12,0.0016563146997929607
7,49,clustered_local,S,controller-16/channel,controller_channel,9216,0,12,0.31801242236024846
7,49,clustered_local,S,controller-16/command,controller_command,48,2,12,0.0016563146997929607
7,49,clustered_local,S,controller-18/channel,controller_channel,9216,0,12,0.31801242236024846
7,49,clustered_local,S,controller-18/command,controller_command,48,2,12,0.0016563146997929607
7,49,clustered_local,S,controller-2/channel,controller_channel,9216,0,12,0.31801242236024846
7,49,clustered_local,S,controller-2/command,controller_command,48,2,12,0.0016563146997929607
7,49,clustered_local,S,controller-20/channel,controller_channel,4608,0,6,0.15900621118012423
7,49,clustered_local,S,controller-20/command,controller_command,24,0,6,0.0008281573498964803
7,49,clustered_local,S,controller-28/channel,controller_channel,9216,0,12,0.31801242236024846
7,49,clustered_local,S,controller-28/command,controller_command,48,2,12,0.0016563146997929607
7,49,clustered_local,S,controller-30/channel,controller_channel,9216,0,12,0.31801242236024846
7,49,clustered_local,S,controller-30/command,controller_command,48,2,12,0.0016563146997929607
7,49,clustered_local,S,controller-32/channel,controller_channel,9216,0,12,0.31801242236024846
7,49,clustered_local,S,controller-32/command,controller_command,48,2,12,0.0016563146997929607
7,49,clustered_local,S,controller-34/channel,controller_channel,4608,0,6,0.15900621118012423
7,49,clustered_local,S,controller-34/command,controller_command,24,0,6,0.0008281573498964803
7,49,clustered_local,S,controller-4/channel,controller_channel,9216,0,12,0.31801242236024846
7,49,clustered_local,S,controller-4/command,controller_command,48,2,12,0.0016563146997929607
7,49,clustered_local,S,controller-42/channel,controller_channel,4608,0,6,0.15900621118012423
7,49,clustered_local,S,controller-42/command,controller_command,24,0,6,0.0008281573498964803
7,49,clustered_local,S,controller-44/channel,controller_channel,4608,0,6,0.15900621118012423
7,49,clustered_local,S,controller-44/command,controller_command,24,0,6,0.0008281573498964803
7,49,clustered_local,S,controller-46/channel,controller_channel,4608,0,6,0.15900621118012423
7,49,clustered_local,S,controller-46/command,controller_command,24,0,6,0.0008281573498964803
7,49,clustered_local,S,controller-48/channel,controller_channel,2304,0,3,0.07950310559006211
7,49,clustered_local,S,controller-48/command,controller_command,12,0,3,0.00041407867494824016
7,49,clustered_local,S,controller-6/channel,controller_channel,4608,0,6,0.15900621118012423
7,49,clustered_local,S,controller-6/command,controller_command,24,0,6,0.0008281573498964803
7,49,clustered_local,S,dram-0-0/port,bank,10240,10598,8,0.3533471359558316
7,49,clustered_local,S,dram-0-1/port,bank,8192,3573,4,0.2826777087646653
7,49,clustered_local,S,dram-14-0/port,bank,10240,12200,8,0.3533471359558316
7,49,clustered_local,S,dram-14-1/port,bank,8192,5488,4,0.2826777087646653
7,49,clustered_local,S,dram-16-0/port,bank,10240,12200,8,0.3533471359558316
7,49,clustered_local,S,dram-16-1/port,bank,8192,311,4,0.2826777087646653
7,49,clustered_local,S,dram-18-0/port,bank,10240,12200,8,0.3533471359558316
7,49,clustered_local,S,dram-18-1/port,bank,8192,311,4,0.2826777087646653
7,49,clustered_local,S,dram-2-0/port,bank,10240,12200,8,0.3533471359558316
7,49,clustered_local,S,dram-2-1/port,bank,8192,3864,4,0.2826777087646653
7,49,clustered_local,S,dram-20-0/port,bank,5120,2027,4,0.1766735679779158
7,49,clustered_local,S,dram-20-1/port,bank,4096,0,2,0.14133885438233265
7,49,clustered_local,S,dram-28-0/port,bank,10240,12200,8,0.3533471359558316
7,49,clustered_local,S,dram-28-1/port,bank,8192,5488,4,0.2826777087646653
7,49,clustered_local,S,dram-30-0/port,bank,10240,12200,8,0.3533471359558316
7,49,clustered_local,S,dram-30-1/port,bank,8192,311,4,0.2826777087646653
7,49,clustered_local,S,dram-32-0/port,bank,10240,12200,8,0.3533471359558316
7,49,clustered_local,S,dram-32-1/port,bank,8192,311,4,0.2826777087646653
7,49,clustered_local,S,dram-34-0/port,bank,5120,2027,4,0.1766735679779158
7,49,clustered_local,S,dram-34-1/port,bank,4096,0,2,0.14133885438233265
7,49,clustered_local,S,dram-4-0/port,bank,10240,12200,8,0.3533471359558316
7,49,clustered_local,S,dram-4-1/port,bank,8192,311,4,0.2826777087646653
7,49,clustered_local,S,dram-42-0/port,bank,5120,2027,4,0.1766735679779158
7,49,clustered_local,S,dram-42-1/port,bank,4096,0,2,0.14133885438233265
7,49,clustered_local,S,dram-44-0/port,bank,5120,2027,4,0.1766735679779158
7,49,clustered_local,S,dram-44-1/port,bank,4096,0,2,0.14133885438233265
7,49,clustered_local,S,dram-46-0/port,bank,5120,2027,4,0.1766735679779158
7,49,clustered_local,S,dram-46-1/port,bank,4096,0,2,0.14133885438233265
7,49,clustered_local,S,dram-48-0/port,bank,2560,0,2,0.0883367839889579
7,49,clustered_local,S,dram-48-1/port,bank,2048,0,1,0.07066942719116633
7,49,clustered_local,S,dram-6-0/port,bank,5120,2027,4,0.1766735679779158
7,49,clustered_local,S,dram-6-1/port,bank,4096,0,2,0.14133885438233265
7,49,clustered_local,S,host-controller/channel,controller_channel,256,0,1,0.00883367839889579
7,49,clustered_local,S,host-controller/command,controller_command,8,0,1,0.00027605244996549346
7,49,clustered_local,S,host-memory/port,external,512,0,1,0.01766735679779158
7,49,clustered_local,S,sram-0/port,sram,6144,0,10,0.21200828157349896
7,49,clustered_local,S,sram-1/port,sram,5888,0,9,0.20317460317460317
7,49,clustered_local,S,sram-10/port,sram,5888,0,9,0.20317460317460317
7,49,clustered_local,S,sram-11/port,sram,5888,0,9,0.20317460317460317
7,49,clustered_local,S,sram-12/port,sram,5888,0,9,0.20317460317460317
7,49,clustered_local,S,sram-13/port,sram,5888,0,9,0.20317460317460317
7,49,clustered_local,S,sram-14/port,sram,5888,0,9,0.20317460317460317
7,49,clustered_local,S,sram-15/port,sram,5888,0,9,0.20317460317460317
7,49,clustered_local,S,sram-16/port,sram,5888,0,9,0.20317460317460317
7,49,clustered_local,S,sram-17/port,sram,5888,0,9,0.20317460317460317
7,49,clustered_local,S,sram-18/port,sram,5888,0,9,0.20317460317460317
7,49,clustered_local,S,sram-19/port,sram,5888,0,9,0.20317460317460317
7,49,clustered_local,S,sram-2/port,sram,5888,0,9,0.20317460317460317
7,49,clustered_local,S,sram-20/port,sram,5888,0,9,0.20317460317460317
7,49,clustered_local,S,sram-21/port,sram,5888,892,9,0.20317460317460317
7,49,clustered_local,S,sram-22/port,sram,5888,0,9,0.20317460317460317
7,49,clustered_local,S,sram-23/port,sram,5888,0,9,0.20317460317460317
7,49,clustered_local,S,sram-24/port,sram,5888,0,9,0.20317460317460317
7,49,clustered_local,S,sram-25/port,sram,5888,0,9,0.20317460317460317
7,49,clustered_local,S,sram-26/port,sram,5888,0,9,0.20317460317460317
7,49,clustered_local,S,sram-27/port,sram,5888,0,9,0.20317460317460317
7,49,clustered_local,S,sram-28/port,sram,5888,0,9,0.20317460317460317
7,49,clustered_local,S,sram-29/port,sram,5888,0,9,0.20317460317460317
7,49,clustered_local,S,sram-3/port,sram,5888,0,9,0.20317460317460317
7,49,clustered_local,S,sram-30/port,sram,5888,0,9,0.20317460317460317
7,49,clustered_local,S,sram-31/port,sram,5888,0,9,0.20317460317460317
7,49,clustered_local,S,sram-32/port,sram,5888,0,9,0.20317460317460317
7,49,clustered_local,S,sram-33/port,sram,5888,0,9,0.20317460317460317
7,49,clustered_local,S,sram-34/port,sram,5888,0,9,0.20317460317460317
7,49,clustered_local,S,sram-35/port,sram,5888,892,9,0.20317460317460317
7,49,clustered_local,S,sram-36/port,sram,5888,0,9,0.20317460317460317
7,49,clustered_local,S,sram-37/port,sram,5888,0,9,0.20317460317460317
7,49,clustered_local,S,sram-38/port,sram,5888,0,9,0.20317460317460317
7,49,clustered_local,S,sram-39/port,sram,5888,0,9,0.20317460317460317
7,49,clustered_local,S,sram-4/port,sram,5888,0,9,0.20317460317460317
7,49,clustered_local,S,sram-40/port,sram,5888,0,9,0.20317460317460317
7,49,clustered_local,S,sram-41/port,sram,5888,0,9,0.20317460317460317
7,49,clustered_local,S,sram-42/port,sram,5888,0,9,0.20317460317460317
7,49,clustered_local,S,sram-43/port,sram,5888,0,9,0.20317460317460317
7,49,clustered_local,S,sram-44/port,sram,5888,0,9,0.20317460317460317
7,49,clustered_local,S,sram-45/port,sram,5888,0,9,0.20317460317460317
7,49,clustered_local,S,sram-46/port,sram,5888,0,9,0.20317460317460317
7,49,clustered_local,S,sram-47/port,sram,5888,0,9,0.20317460317460317
7,49,clustered_local,S,sram-48/port,sram,5888,0,9,0.20317460317460317
7,49,clustered_local,S,sram-5/port,sram,5888,0,9,0.20317460317460317
7,49,clustered_local,S,sram-6/port,sram,5888,0,9,0.20317460317460317
7,49,clustered_local,S,sram-7/port,sram,5888,0,9,0.20317460317460317
7,49,clustered_local,S,sram-8/port,sram,5888,0,9,0.20317460317460317
7,49,clustered_local,S,sram-9/port,sram,5888,0,9,0.20317460317460317
7,49,remote_balanced,U0,c0,compute,4096,0,2,0.27728134308150554
7,49,remote_balanced,U0,c1,compute,4096,0,2,0.27728134308150554
7,49,remote_balanced,U0,c10,compute,4096,0,2,0.27728134308150554
7,49,remote_balanced,U0,c11,compute,4096,0,2,0.27728134308150554
7,49,remote_balanced,U0,c12,compute,4096,0,2,0.27728134308150554
7,49,remote_balanced,U0,c13,compute,4096,0,2,0.27728134308150554
7,49,remote_balanced,U0,c14,compute,4096,0,2,0.27728134308150554
7,49,remote_balanced,U0,c15,compute,4096,0,2,0.27728134308150554
7,49,remote_balanced,U0,c16,compute,4096,0,2,0.27728134308150554
7,49,remote_balanced,U0,c17,compute,4096,0,2,0.27728134308150554
7,49,remote_balanced,U0,c18,compute,4096,0,2,0.27728134308150554
7,49,remote_balanced,U0,c19,compute,4096,0,2,0.27728134308150554
7,49,remote_balanced,U0,c2,compute,4096,0,2,0.27728134308150554
7,49,remote_balanced,U0,c20,compute,4096,0,2,0.27728134308150554
7,49,remote_balanced,U0,c21,compute,4096,0,2,0.27728134308150554
7,49,remote_balanced,U0,c22,compute,4096,0,2,0.27728134308150554
7,49,remote_balanced,U0,c23,compute,4096,0,2,0.27728134308150554
7,49,remote_balanced,U0,c24,compute,4096,0,2,0.27728134308150554
7,49,remote_balanced,U0,c25,compute,4096,0,2,0.27728134308150554
7,49,remote_balanced,U0,c26,compute,4096,0,2,0.27728134308150554
7,49,remote_balanced,U0,c27,compute,4096,0,2,0.27728134308150554
7,49,remote_balanced,U0,c28,compute,4096,0,2,0.27728134308150554
7,49,remote_balanced,U0,c29,compute,4096,0,2,0.27728134308150554
7,49,remote_balanced,U0,c3,compute,4096,0,2,0.27728134308150554
7,49,remote_balanced,U0,c30,compute,4096,0,2,0.27728134308150554
7,49,remote_balanced,U0,c31,compute,4096,0,2,0.27728134308150554
7,49,remote_balanced,U0,c32,compute,4096,0,2,0.27728134308150554
7,49,remote_balanced,U0,c33,compute,4096,0,2,0.27728134308150554
7,49,remote_balanced,U0,c34,compute,4096,0,2,0.27728134308150554
7,49,remote_balanced,U0,c35,compute,4096,0,2,0.27728134308150554
7,49,remote_balanced,U0,c36,compute,4096,0,2,0.27728134308150554
7,49,remote_balanced,U0,c37,compute,4096,0,2,0.27728134308150554
7,49,remote_balanced,U0,c38,compute,4096,0,2,0.27728134308150554
7,49,remote_balanced,U0,c39,compute,4096,0,2,0.27728134308150554
7,49,remote_balanced,U0,c4,compute,4096,0,2,0.27728134308150554
7,49,remote_balanced,U0,c40,compute,4096,0,2,0.27728134308150554
7,49,remote_balanced,U0,c41,compute,4096,0,2,0.27728134308150554
7,49,remote_balanced,U0,c42,compute,4096,0,2,0.27728134308150554
7,49,remote_balanced,U0,c43,compute,4096,0,2,0.27728134308150554
7,49,remote_balanced,U0,c44,compute,4096,0,2,0.27728134308150554
7,49,remote_balanced,U0,c45,compute,4096,0,2,0.27728134308150554
7,49,remote_balanced,U0,c46,compute,4096,0,2,0.27728134308150554
7,49,remote_balanced,U0,c47,compute,4096,0,2,0.27728134308150554
7,49,remote_balanced,U0,c48,compute,4096,0,2,0.27728134308150554
7,49,remote_balanced,U0,c5,compute,4096,0,2,0.27728134308150554
7,49,remote_balanced,U0,c6,compute,4096,0,2,0.27728134308150554
7,49,remote_balanced,U0,c7,compute,4096,0,2,0.27728134308150554
7,49,remote_balanced,U0,c8,compute,4096,0,2,0.27728134308150554
7,49,remote_balanced,U0,c9,compute,4096,0,2,0.27728134308150554
7,49,remote_balanced,U0,host-controller/channel,controller_channel,256,0,1,0.017330083942594096
7,49,remote_balanced,U0,host-controller/command,controller_command,8,0,1,0.0005415651232060655
7,49,remote_balanced,U0,host-memory/port,external,512,0,1,0.03466016788518819
7,49,remote_balanced,U0,sram-0/port,sram,6144,0,10,0.4159220146222583
7,49,remote_balanced,U0,sram-1/port,sram,5888,0,9,0.39859193067966425
7,49,remote_balanced,U0,sram-10/port,sram,5888,0,9,0.39859193067966425
7,49,remote_balanced,U0,sram-11/port,sram,5888,0,9,0.39859193067966425
7,49,remote_balanced,U0,sram-12/port,sram,5888,0,9,0.39859193067966425
7,49,remote_balanced,U0,sram-13/port,sram,5888,0,9,0.39859193067966425
7,49,remote_balanced,U0,sram-14/port,sram,5888,0,9,0.39859193067966425
7,49,remote_balanced,U0,sram-15/port,sram,5888,0,9,0.39859193067966425
7,49,remote_balanced,U0,sram-16/port,sram,5888,0,9,0.39859193067966425
7,49,remote_balanced,U0,sram-17/port,sram,5888,0,9,0.39859193067966425
7,49,remote_balanced,U0,sram-18/port,sram,5888,0,9,0.39859193067966425
7,49,remote_balanced,U0,sram-19/port,sram,5888,0,9,0.39859193067966425
7,49,remote_balanced,U0,sram-2/port,sram,5888,0,9,0.39859193067966425
7,49,remote_balanced,U0,sram-20/port,sram,5888,0,9,0.39859193067966425
7,49,remote_balanced,U0,sram-21/port,sram,5888,0,9,0.39859193067966425
7,49,remote_balanced,U0,sram-22/port,sram,5888,0,9,0.39859193067966425
7,49,remote_balanced,U0,sram-23/port,sram,5888,0,9,0.39859193067966425
7,49,remote_balanced,U0,sram-24/port,sram,5888,0,9,0.39859193067966425
7,49,remote_balanced,U0,sram-25/port,sram,5888,0,9,0.39859193067966425
7,49,remote_balanced,U0,sram-26/port,sram,5888,0,9,0.39859193067966425
7,49,remote_balanced,U0,sram-27/port,sram,5888,0,9,0.39859193067966425
7,49,remote_balanced,U0,sram-28/port,sram,5888,0,9,0.39859193067966425
7,49,remote_balanced,U0,sram-29/port,sram,5888,0,9,0.39859193067966425
7,49,remote_balanced,U0,sram-3/port,sram,5888,0,9,0.39859193067966425
7,49,remote_balanced,U0,sram-30/port,sram,5888,0,9,0.39859193067966425
7,49,remote_balanced,U0,sram-31/port,sram,5888,0,9,0.39859193067966425
7,49,remote_balanced,U0,sram-32/port,sram,5888,0,9,0.39859193067966425
7,49,remote_balanced,U0,sram-33/port,sram,5888,0,9,0.39859193067966425
7,49,remote_balanced,U0,sram-34/port,sram,5888,0,9,0.39859193067966425
7,49,remote_balanced,U0,sram-35/port,sram,5888,0,9,0.39859193067966425
7,49,remote_balanced,U0,sram-36/port,sram,5888,0,9,0.39859193067966425
7,49,remote_balanced,U0,sram-37/port,sram,5888,0,9,0.39859193067966425
7,49,remote_balanced,U0,sram-38/port,sram,5888,0,9,0.39859193067966425
7,49,remote_balanced,U0,sram-39/port,sram,5888,0,9,0.39859193067966425
7,49,remote_balanced,U0,sram-4/port,sram,5888,0,9,0.39859193067966425
7,49,remote_balanced,U0,sram-40/port,sram,5888,0,9,0.39859193067966425
7,49,remote_balanced,U0,sram-41/port,sram,5888,0,9,0.39859193067966425
7,49,remote_balanced,U0,sram-42/port,sram,5888,0,9,0.39859193067966425
7,49,remote_balanced,U0,sram-43/port,sram,5888,0,9,0.39859193067966425
7,49,remote_balanced,U0,sram-44/port,sram,5888,0,9,0.39859193067966425
7,49,remote_balanced,U0,sram-45/port,sram,5888,0,9,0.39859193067966425
7,49,remote_balanced,U0,sram-46/port,sram,5888,0,9,0.39859193067966425
7,49,remote_balanced,U0,sram-47/port,sram,5888,0,9,0.39859193067966425
7,49,remote_balanced,U0,sram-48/port,sram,5888,0,9,0.39859193067966425
7,49,remote_balanced,U0,sram-5/port,sram,5888,0,9,0.39859193067966425
7,49,remote_balanced,U0,sram-6/port,sram,5888,0,9,0.39859193067966425
7,49,remote_balanced,U0,sram-7/port,sram,5888,0,9,0.39859193067966425
7,49,remote_balanced,U0,sram-8/port,sram,5888,0,9,0.39859193067966425
7,49,remote_balanced,U0,sram-9/port,sram,5888,0,9,0.39859193067966425
7,49,remote_balanced,U0,uniform/bank,bank,2352,22680,147,0.15922014622258326
7,49,remote_balanced,U0,uniform/channel,controller_channel,2352,0,147,0.15922014622258326
7,49,remote_balanced,U0,uniform/command,controller_command,147,1134,147,0.009951259138911454
7,49,remote_balanced,U1,c0,compute,4096,0,2,0.1896647527319874
7,49,remote_balanced,U1,c1,compute,4096,0,2,0.1896647527319874
7,49,remote_balanced,U1,c10,compute,4096,0,2,0.1896647527319874
7,49,remote_balanced,U1,c11,compute,4096,0,2,0.1896647527319874
7,49,remote_balanced,U1,c12,compute,4096,0,2,0.1896647527319874
7,49,remote_balanced,U1,c13,compute,4096,0,2,0.1896647527319874
7,49,remote_balanced,U1,c14,compute,4096,0,2,0.1896647527319874
7,49,remote_balanced,U1,c15,compute,4096,0,2,0.1896647527319874
7,49,remote_balanced,U1,c16,compute,4096,0,2,0.1896647527319874
7,49,remote_balanced,U1,c17,compute,4096,0,2,0.1896647527319874
7,49,remote_balanced,U1,c18,compute,4096,0,2,0.1896647527319874
7,49,remote_balanced,U1,c19,compute,4096,0,2,0.1896647527319874
7,49,remote_balanced,U1,c2,compute,4096,0,2,0.1896647527319874
7,49,remote_balanced,U1,c20,compute,4096,0,2,0.1896647527319874
7,49,remote_balanced,U1,c21,compute,4096,0,2,0.1896647527319874
7,49,remote_balanced,U1,c22,compute,4096,0,2,0.1896647527319874
7,49,remote_balanced,U1,c23,compute,4096,0,2,0.1896647527319874
7,49,remote_balanced,U1,c24,compute,4096,0,2,0.1896647527319874
7,49,remote_balanced,U1,c25,compute,4096,0,2,0.1896647527319874
7,49,remote_balanced,U1,c26,compute,4096,0,2,0.1896647527319874
7,49,remote_balanced,U1,c27,compute,4096,0,2,0.1896647527319874
7,49,remote_balanced,U1,c28,compute,4096,0,2,0.1896647527319874
7,49,remote_balanced,U1,c29,compute,4096,0,2,0.1896647527319874
7,49,remote_balanced,U1,c3,compute,4096,0,2,0.1896647527319874
7,49,remote_balanced,U1,c30,compute,4096,0,2,0.1896647527319874
7,49,remote_balanced,U1,c31,compute,4096,0,2,0.1896647527319874
7,49,remote_balanced,U1,c32,compute,4096,0,2,0.1896647527319874
7,49,remote_balanced,U1,c33,compute,4096,0,2,0.1896647527319874
7,49,remote_balanced,U1,c34,compute,4096,0,2,0.1896647527319874
7,49,remote_balanced,U1,c35,compute,4096,0,2,0.1896647527319874
7,49,remote_balanced,U1,c36,compute,4096,0,2,0.1896647527319874
7,49,remote_balanced,U1,c37,compute,4096,0,2,0.1896647527319874
7,49,remote_balanced,U1,c38,compute,4096,0,2,0.1896647527319874
7,49,remote_balanced,U1,c39,compute,4096,0,2,0.1896647527319874
7,49,remote_balanced,U1,c4,compute,4096,0,2,0.1896647527319874
7,49,remote_balanced,U1,c40,compute,4096,0,2,0.1896647527319874
7,49,remote_balanced,U1,c41,compute,4096,0,2,0.1896647527319874
7,49,remote_balanced,U1,c42,compute,4096,0,2,0.1896647527319874
7,49,remote_balanced,U1,c43,compute,4096,0,2,0.1896647527319874
7,49,remote_balanced,U1,c44,compute,4096,0,2,0.1896647527319874
7,49,remote_balanced,U1,c45,compute,4096,0,2,0.1896647527319874
7,49,remote_balanced,U1,c46,compute,4096,0,2,0.1896647527319874
7,49,remote_balanced,U1,c47,compute,4096,0,2,0.1896647527319874
7,49,remote_balanced,U1,c48,compute,4096,0,2,0.1896647527319874
7,49,remote_balanced,U1,c5,compute,4096,0,2,0.1896647527319874
7,49,remote_balanced,U1,c6,compute,4096,0,2,0.1896647527319874
7,49,remote_balanced,U1,c7,compute,4096,0,2,0.1896647527319874
7,49,remote_balanced,U1,c8,compute,4096,0,2,0.1896647527319874
7,49,remote_balanced,U1,c9,compute,4096,0,2,0.1896647527319874
7,49,remote_balanced,U1,controller-0/channel,controller_channel,2304,0,3,0.10668642341174292
7,49,remote_balanced,U1,controller-0/command,controller_command,12,0,3,0.0005556584552694943
7,49,remote_balanced,U1,controller-1/channel,controller_channel,2304,0,3,0.10668642341174292
7,49,remote_balanced,U1,controller-1/command,controller_command,12,0,3,0.0005556584552694943
7,49,remote_balanced,U1,controller-10/channel,controller_channel,2304,0,3,0.10668642341174292
7,49,remote_balanced,U1,controller-10/command,controller_command,12,0,3,0.0005556584552694943
7,49,remote_balanced,U1,controller-11/channel,controller_channel,2304,0,3,0.10668642341174292
7,49,remote_balanced,U1,controller-11/command,controller_command,12,0,3,0.0005556584552694943
7,49,remote_balanced,U1,controller-12/channel,controller_channel,2304,0,3,0.10668642341174292
7,49,remote_balanced,U1,controller-12/command,controller_command,12,0,3,0.0005556584552694943
7,49,remote_balanced,U1,controller-13/channel,controller_channel,2304,0,3,0.10668642341174292
7,49,remote_balanced,U1,controller-13/command,controller_command,12,0,3,0.0005556584552694943
7,49,remote_balanced,U1,controller-14/channel,controller_channel,2304,0,3,0.10668642341174292
7,49,remote_balanced,U1,controller-14/command,controller_command,12,0,3,0.0005556584552694943
7,49,remote_balanced,U1,controller-15/channel,controller_channel,2304,0,3,0.10668642341174292
7,49,remote_balanced,U1,controller-15/command,controller_command,12,0,3,0.0005556584552694943
7,49,remote_balanced,U1,controller-16/channel,controller_channel,2304,0,3,0.10668642341174292
7,49,remote_balanced,U1,controller-16/command,controller_command,12,0,3,0.0005556584552694943
7,49,remote_balanced,U1,controller-17/channel,controller_channel,2304,0,3,0.10668642341174292
7,49,remote_balanced,U1,controller-17/command,controller_command,12,0,3,0.0005556584552694943
7,49,remote_balanced,U1,controller-18/channel,controller_channel,2304,0,3,0.10668642341174292
7,49,remote_balanced,U1,controller-18/command,controller_command,12,0,3,0.0005556584552694943
7,49,remote_balanced,U1,controller-19/channel,controller_channel,2304,0,3,0.10668642341174292
7,49,remote_balanced,U1,controller-19/command,controller_command,12,0,3,0.0005556584552694943
7,49,remote_balanced,U1,controller-2/channel,controller_channel,2304,0,3,0.10668642341174292
7,49,remote_balanced,U1,controller-2/command,controller_command,12,0,3,0.0005556584552694943
7,49,remote_balanced,U1,controller-20/channel,controller_channel,2304,0,3,0.10668642341174292
7,49,remote_balanced,U1,controller-20/command,controller_command,12,0,3,0.0005556584552694943
7,49,remote_balanced,U1,controller-21/channel,controller_channel,2304,0,3,0.10668642341174292
7,49,remote_balanced,U1,controller-21/command,controller_command,12,0,3,0.0005556584552694943
7,49,remote_balanced,U1,controller-22/channel,controller_channel,2304,0,3,0.10668642341174292
7,49,remote_balanced,U1,controller-22/command,controller_command,12,0,3,0.0005556584552694943
7,49,remote_balanced,U1,controller-23/channel,controller_channel,2304,0,3,0.10668642341174292
7,49,remote_balanced,U1,controller-23/command,controller_command,12,0,3,0.0005556584552694943
7,49,remote_balanced,U1,controller-24/channel,controller_channel,2304,0,3,0.10668642341174292
7,49,remote_balanced,U1,controller-24/command,controller_command,12,0,3,0.0005556584552694943
7,49,remote_balanced,U1,controller-25/channel,controller_channel,2304,0,3,0.10668642341174292
7,49,remote_balanced,U1,controller-25/command,controller_command,12,0,3,0.0005556584552694943
7,49,remote_balanced,U1,controller-26/channel,controller_channel,2304,0,3,0.10668642341174292
7,49,remote_balanced,U1,controller-26/command,controller_command,12,0,3,0.0005556584552694943
7,49,remote_balanced,U1,controller-27/channel,controller_channel,2304,0,3,0.10668642341174292
7,49,remote_balanced,U1,controller-27/command,controller_command,12,0,3,0.0005556584552694943
7,49,remote_balanced,U1,controller-28/channel,controller_channel,2304,0,3,0.10668642341174292
7,49,remote_balanced,U1,controller-28/command,controller_command,12,0,3,0.0005556584552694943
7,49,remote_balanced,U1,controller-29/channel,controller_channel,2304,0,3,0.10668642341174292
7,49,remote_balanced,U1,controller-29/command,controller_command,12,0,3,0.0005556584552694943
7,49,remote_balanced,U1,controller-3/channel,controller_channel,2304,0,3,0.10668642341174292
7,49,remote_balanced,U1,controller-3/command,controller_command,12,0,3,0.0005556584552694943
7,49,remote_balanced,U1,controller-30/channel,controller_channel,2304,0,3,0.10668642341174292
7,49,remote_balanced,U1,controller-30/command,controller_command,12,0,3,0.0005556584552694943
7,49,remote_balanced,U1,controller-31/channel,controller_channel,2304,0,3,0.10668642341174292
7,49,remote_balanced,U1,controller-31/command,controller_command,12,0,3,0.0005556584552694943
7,49,remote_balanced,U1,controller-32/channel,controller_channel,2304,0,3,0.10668642341174292
7,49,remote_balanced,U1,controller-32/command,controller_command,12,0,3,0.0005556584552694943
7,49,remote_balanced,U1,controller-33/channel,controller_channel,2304,0,3,0.10668642341174292
7,49,remote_balanced,U1,controller-33/command,controller_command,12,0,3,0.0005556584552694943
7,49,remote_balanced,U1,controller-34/channel,controller_channel,2304,0,3,0.10668642341174292
7,49,remote_balanced,U1,controller-34/command,controller_command,12,0,3,0.0005556584552694943
7,49,remote_balanced,U1,controller-35/channel,controller_channel,2304,0,3,0.10668642341174292
7,49,remote_balanced,U1,controller-35/command,controller_command,12,0,3,0.0005556584552694943
7,49,remote_balanced,U1,controller-36/channel,controller_channel,2304,0,3,0.10668642341174292
7,49,remote_balanced,U1,controller-36/command,controller_command,12,0,3,0.0005556584552694943
7,49,remote_balanced,U1,controller-37/channel,controller_channel,2304,0,3,0.10668642341174292
7,49,remote_balanced,U1,controller-37/command,controller_command,12,0,3,0.0005556584552694943
7,49,remote_balanced,U1,controller-38/channel,controller_channel,2304,0,3,0.10668642341174292
7,49,remote_balanced,U1,controller-38/command,controller_command,12,0,3,0.0005556584552694943
7,49,remote_balanced,U1,controller-39/channel,controller_channel,2304,0,3,0.10668642341174292
7,49,remote_balanced,U1,controller-39/command,controller_command,12,0,3,0.0005556584552694943
7,49,remote_balanced,U1,controller-4/channel,controller_channel,2304,0,3,0.10668642341174292
7,49,remote_balanced,U1,controller-4/command,controller_command,12,0,3,0.0005556584552694943
7,49,remote_balanced,U1,controller-40/channel,controller_channel,2304,0,3,0.10668642341174292
7,49,remote_balanced,U1,controller-40/command,controller_command,12,0,3,0.0005556584552694943
7,49,remote_balanced,U1,controller-41/channel,controller_channel,2304,0,3,0.10668642341174292
7,49,remote_balanced,U1,controller-41/command,controller_command,12,0,3,0.0005556584552694943
7,49,remote_balanced,U1,controller-42/channel,controller_channel,2304,0,3,0.10668642341174292
7,49,remote_balanced,U1,controller-42/command,controller_command,12,0,3,0.0005556584552694943
7,49,remote_balanced,U1,controller-43/channel,controller_channel,2304,0,3,0.10668642341174292
7,49,remote_balanced,U1,controller-43/command,controller_command,12,0,3,0.0005556584552694943
7,49,remote_balanced,U1,controller-44/channel,controller_channel,2304,0,3,0.10668642341174292
7,49,remote_balanced,U1,controller-44/command,controller_command,12,0,3,0.0005556584552694943
7,49,remote_balanced,U1,controller-45/channel,controller_channel,2304,0,3,0.10668642341174292
7,49,remote_balanced,U1,controller-45/command,controller_command,12,0,3,0.0005556584552694943
7,49,remote_balanced,U1,controller-46/channel,controller_channel,2304,0,3,0.10668642341174292
7,49,remote_balanced,U1,controller-46/command,controller_command,12,0,3,0.0005556584552694943
7,49,remote_balanced,U1,controller-47/channel,controller_channel,2304,0,3,0.10668642341174292
7,49,remote_balanced,U1,controller-47/command,controller_command,12,0,3,0.0005556584552694943
7,49,remote_balanced,U1,controller-48/channel,controller_channel,2304,0,3,0.10668642341174292
7,49,remote_balanced,U1,controller-48/command,controller_command,12,0,3,0.0005556584552694943
7,49,remote_balanced,U1,controller-5/channel,controller_channel,2304,0,3,0.10668642341174292
7,49,remote_balanced,U1,controller-5/command,controller_command,12,0,3,0.0005556584552694943
7,49,remote_balanced,U1,controller-6/channel,controller_channel,2304,0,3,0.10668642341174292
7,49,remote_balanced,U1,controller-6/command,controller_command,12,0,3,0.0005556584552694943
7,49,remote_balanced,U1,controller-7/channel,controller_channel,2304,0,3,0.10668642341174292
7,49,remote_balanced,U1,controller-7/command,controller_command,12,0,3,0.0005556584552694943
7,49,remote_balanced,U1,controller-8/channel,controller_channel,2304,0,3,0.10668642341174292
7,49,remote_balanced,U1,controller-8/command,controller_command,12,0,3,0.0005556584552694943
7,49,remote_balanced,U1,controller-9/channel,controller_channel,2304,0,3,0.10668642341174292
7,49,remote_balanced,U1,controller-9/command,controller_command,12,0,3,0.0005556584552694943
7,49,remote_balanced,U1,dram-0-0/port,bank,2560,0,2,0.11854047045749212
7,49,remote_balanced,U1,dram-0-1/port,bank,2048,0,1,0.0948323763659937
7,49,remote_balanced,U1,dram-1-0/port,bank,2560,0,2,0.11854047045749212
7,49,remote_balanced,U1,dram-1-1/port,bank,2048,0,1,0.0948323763659937
7,49,remote_balanced,U1,dram-10-0/port,bank,2560,0,2,0.11854047045749212
7,49,remote_balanced,U1,dram-10-1/port,bank,2048,0,1,0.0948323763659937
7,49,remote_balanced,U1,dram-11-0/port,bank,2560,0,2,0.11854047045749212
7,49,remote_balanced,U1,dram-11-1/port,bank,2048,0,1,0.0948323763659937
7,49,remote_balanced,U1,dram-12-0/port,bank,2560,0,2,0.11854047045749212
7,49,remote_balanced,U1,dram-12-1/port,bank,2048,0,1,0.0948323763659937
7,49,remote_balanced,U1,dram-13-0/port,bank,2560,0,2,0.11854047045749212
7,49,remote_balanced,U1,dram-13-1/port,bank,2048,0,1,0.0948323763659937
7,49,remote_balanced,U1,dram-14-0/port,bank,2560,0,2,0.11854047045749212
7,49,remote_balanced,U1,dram-14-1/port,bank,2048,0,1,0.0948323763659937
7,49,remote_balanced,U1,dram-15-0/port,bank,2560,0,2,0.11854047045749212
7,49,remote_balanced,U1,dram-15-1/port,bank,2048,0,1,0.0948323763659937
7,49,remote_balanced,U1,dram-16-0/port,bank,2560,0,2,0.11854047045749212
7,49,remote_balanced,U1,dram-16-1/port,bank,2048,0,1,0.0948323763659937
7,49,remote_balanced,U1,dram-17-0/port,bank,2560,0,2,0.11854047045749212
7,49,remote_balanced,U1,dram-17-1/port,bank,2048,0,1,0.0948323763659937
7,49,remote_balanced,U1,dram-18-0/port,bank,2560,0,2,0.11854047045749212
7,49,remote_balanced,U1,dram-18-1/port,bank,2048,0,1,0.0948323763659937
7,49,remote_balanced,U1,dram-19-0/port,bank,2560,0,2,0.11854047045749212
7,49,remote_balanced,U1,dram-19-1/port,bank,2048,0,1,0.0948323763659937
7,49,remote_balanced,U1,dram-2-0/port,bank,2560,0,2,0.11854047045749212
7,49,remote_balanced,U1,dram-2-1/port,bank,2048,0,1,0.0948323763659937
7,49,remote_balanced,U1,dram-20-0/port,bank,2560,0,2,0.11854047045749212
7,49,remote_balanced,U1,dram-20-1/port,bank,2048,0,1,0.0948323763659937
7,49,remote_balanced,U1,dram-21-0/port,bank,2560,0,2,0.11854047045749212
7,49,remote_balanced,U1,dram-21-1/port,bank,2048,0,1,0.0948323763659937
7,49,remote_balanced,U1,dram-22-0/port,bank,2560,0,2,0.11854047045749212
7,49,remote_balanced,U1,dram-22-1/port,bank,2048,0,1,0.0948323763659937
7,49,remote_balanced,U1,dram-23-0/port,bank,2560,0,2,0.11854047045749212
7,49,remote_balanced,U1,dram-23-1/port,bank,2048,0,1,0.0948323763659937
7,49,remote_balanced,U1,dram-24-0/port,bank,2560,0,2,0.11854047045749212
7,49,remote_balanced,U1,dram-24-1/port,bank,2048,0,1,0.0948323763659937
7,49,remote_balanced,U1,dram-25-0/port,bank,2560,0,2,0.11854047045749212
7,49,remote_balanced,U1,dram-25-1/port,bank,2048,0,1,0.0948323763659937
7,49,remote_balanced,U1,dram-26-0/port,bank,2560,0,2,0.11854047045749212
7,49,remote_balanced,U1,dram-26-1/port,bank,2048,0,1,0.0948323763659937
7,49,remote_balanced,U1,dram-27-0/port,bank,2560,0,2,0.11854047045749212
7,49,remote_balanced,U1,dram-27-1/port,bank,2048,0,1,0.0948323763659937
7,49,remote_balanced,U1,dram-28-0/port,bank,2560,0,2,0.11854047045749212
7,49,remote_balanced,U1,dram-28-1/port,bank,2048,0,1,0.0948323763659937
7,49,remote_balanced,U1,dram-29-0/port,bank,2560,0,2,0.11854047045749212
7,49,remote_balanced,U1,dram-29-1/port,bank,2048,0,1,0.0948323763659937
7,49,remote_balanced,U1,dram-3-0/port,bank,2560,0,2,0.11854047045749212
7,49,remote_balanced,U1,dram-3-1/port,bank,2048,0,1,0.0948323763659937
7,49,remote_balanced,U1,dram-30-0/port,bank,2560,0,2,0.11854047045749212
7,49,remote_balanced,U1,dram-30-1/port,bank,2048,0,1,0.0948323763659937
7,49,remote_balanced,U1,dram-31-0/port,bank,2560,0,2,0.11854047045749212
7,49,remote_balanced,U1,dram-31-1/port,bank,2048,0,1,0.0948323763659937
7,49,remote_balanced,U1,dram-32-0/port,bank,2560,0,2,0.11854047045749212
7,49,remote_balanced,U1,dram-32-1/port,bank,2048,0,1,0.0948323763659937
7,49,remote_balanced,U1,dram-33-0/port,bank,2560,0,2,0.11854047045749212
7,49,remote_balanced,U1,dram-33-1/port,bank,2048,0,1,0.0948323763659937
7,49,remote_balanced,U1,dram-34-0/port,bank,2560,0,2,0.11854047045749212
7,49,remote_balanced,U1,dram-34-1/port,bank,2048,0,1,0.0948323763659937
7,49,remote_balanced,U1,dram-35-0/port,bank,2560,0,2,0.11854047045749212
7,49,remote_balanced,U1,dram-35-1/port,bank,2048,0,1,0.0948323763659937
7,49,remote_balanced,U1,dram-36-0/port,bank,2560,0,2,0.11854047045749212
7,49,remote_balanced,U1,dram-36-1/port,bank,2048,0,1,0.0948323763659937
7,49,remote_balanced,U1,dram-37-0/port,bank,2560,0,2,0.11854047045749212
7,49,remote_balanced,U1,dram-37-1/port,bank,2048,0,1,0.0948323763659937
7,49,remote_balanced,U1,dram-38-0/port,bank,2560,0,2,0.11854047045749212
7,49,remote_balanced,U1,dram-38-1/port,bank,2048,0,1,0.0948323763659937
7,49,remote_balanced,U1,dram-39-0/port,bank,2560,0,2,0.11854047045749212
7,49,remote_balanced,U1,dram-39-1/port,bank,2048,0,1,0.0948323763659937
7,49,remote_balanced,U1,dram-4-0/port,bank,2560,0,2,0.11854047045749212
7,49,remote_balanced,U1,dram-4-1/port,bank,2048,0,1,0.0948323763659937
7,49,remote_balanced,U1,dram-40-0/port,bank,2560,0,2,0.11854047045749212
7,49,remote_balanced,U1,dram-40-1/port,bank,2048,0,1,0.0948323763659937
7,49,remote_balanced,U1,dram-41-0/port,bank,2560,0,2,0.11854047045749212
7,49,remote_balanced,U1,dram-41-1/port,bank,2048,0,1,0.0948323763659937
7,49,remote_balanced,U1,dram-42-0/port,bank,2560,0,2,0.11854047045749212
7,49,remote_balanced,U1,dram-42-1/port,bank,2048,0,1,0.0948323763659937
7,49,remote_balanced,U1,dram-43-0/port,bank,2560,0,2,0.11854047045749212
7,49,remote_balanced,U1,dram-43-1/port,bank,2048,0,1,0.0948323763659937
7,49,remote_balanced,U1,dram-44-0/port,bank,2560,0,2,0.11854047045749212
7,49,remote_balanced,U1,dram-44-1/port,bank,2048,0,1,0.0948323763659937
7,49,remote_balanced,U1,dram-45-0/port,bank,2560,0,2,0.11854047045749212
7,49,remote_balanced,U1,dram-45-1/port,bank,2048,0,1,0.0948323763659937
7,49,remote_balanced,U1,dram-46-0/port,bank,2560,0,2,0.11854047045749212
7,49,remote_balanced,U1,dram-46-1/port,bank,2048,0,1,0.0948323763659937
7,49,remote_balanced,U1,dram-47-0/port,bank,2560,0,2,0.11854047045749212
7,49,remote_balanced,U1,dram-47-1/port,bank,2048,0,1,0.0948323763659937
7,49,remote_balanced,U1,dram-48-0/port,bank,2560,0,2,0.11854047045749212
7,49,remote_balanced,U1,dram-48-1/port,bank,2048,0,1,0.0948323763659937
7,49,remote_balanced,U1,dram-5-0/port,bank,2560,0,2,0.11854047045749212
7,49,remote_balanced,U1,dram-5-1/port,bank,2048,0,1,0.0948323763659937
7,49,remote_balanced,U1,dram-6-0/port,bank,2560,0,2,0.11854047045749212
7,49,remote_balanced,U1,dram-6-1/port,bank,2048,0,1,0.0948323763659937
7,49,remote_balanced,U1,dram-7-0/port,bank,2560,0,2,0.11854047045749212
7,49,remote_balanced,U1,dram-7-1/port,bank,2048,0,1,0.0948323763659937
7,49,remote_balanced,U1,dram-8-0/port,bank,2560,0,2,0.11854047045749212
7,49,remote_balanced,U1,dram-8-1/port,bank,2048,0,1,0.0948323763659937
7,49,remote_balanced,U1,dram-9-0/port,bank,2560,0,2,0.11854047045749212
7,49,remote_balanced,U1,dram-9-1/port,bank,2048,0,1,0.0948323763659937
7,49,remote_balanced,U1,host-controller/channel,controller_channel,256,0,1,0.011854047045749213
7,49,remote_balanced,U1,host-controller/command,controller_command,8,0,1,0.0003704389701796629
7,49,remote_balanced,U1,host-memory/port,external,512,0,1,0.023708094091498426
7,49,remote_balanced,U1,sram-0/port,sram,6144,0,10,0.2844971290979811
7,49,remote_balanced,U1,sram-1/port,sram,5888,0,9,0.2726430820522319
7,49,remote_balanced,U1,sram-10/port,sram,5888,0,9,0.2726430820522319
7,49,remote_balanced,U1,sram-11/port,sram,5888,0,9,0.2726430820522319
7,49,remote_balanced,U1,sram-12/port,sram,5888,0,9,0.2726430820522319
7,49,remote_balanced,U1,sram-13/port,sram,5888,0,9,0.2726430820522319
7,49,remote_balanced,U1,sram-14/port,sram,5888,0,9,0.2726430820522319
7,49,remote_balanced,U1,sram-15/port,sram,5888,0,9,0.2726430820522319
7,49,remote_balanced,U1,sram-16/port,sram,5888,0,9,0.2726430820522319
7,49,remote_balanced,U1,sram-17/port,sram,5888,0,9,0.2726430820522319
7,49,remote_balanced,U1,sram-18/port,sram,5888,0,9,0.2726430820522319
7,49,remote_balanced,U1,sram-19/port,sram,5888,0,9,0.2726430820522319
7,49,remote_balanced,U1,sram-2/port,sram,5888,0,9,0.2726430820522319
7,49,remote_balanced,U1,sram-20/port,sram,5888,0,9,0.2726430820522319
7,49,remote_balanced,U1,sram-21/port,sram,5888,0,9,0.2726430820522319
7,49,remote_balanced,U1,sram-22/port,sram,5888,0,9,0.2726430820522319
7,49,remote_balanced,U1,sram-23/port,sram,5888,0,9,0.2726430820522319
7,49,remote_balanced,U1,sram-24/port,sram,5888,0,9,0.2726430820522319
7,49,remote_balanced,U1,sram-25/port,sram,5888,0,9,0.2726430820522319
7,49,remote_balanced,U1,sram-26/port,sram,5888,0,9,0.2726430820522319
7,49,remote_balanced,U1,sram-27/port,sram,5888,0,9,0.2726430820522319
7,49,remote_balanced,U1,sram-28/port,sram,5888,0,9,0.2726430820522319
7,49,remote_balanced,U1,sram-29/port,sram,5888,0,9,0.2726430820522319
7,49,remote_balanced,U1,sram-3/port,sram,5888,0,9,0.2726430820522319
7,49,remote_balanced,U1,sram-30/port,sram,5888,0,9,0.2726430820522319
7,49,remote_balanced,U1,sram-31/port,sram,5888,0,9,0.2726430820522319
7,49,remote_balanced,U1,sram-32/port,sram,5888,0,9,0.2726430820522319
7,49,remote_balanced,U1,sram-33/port,sram,5888,0,9,0.2726430820522319
7,49,remote_balanced,U1,sram-34/port,sram,5888,0,9,0.2726430820522319
7,49,remote_balanced,U1,sram-35/port,sram,5888,0,9,0.2726430820522319
7,49,remote_balanced,U1,sram-36/port,sram,5888,0,9,0.2726430820522319
7,49,remote_balanced,U1,sram-37/port,sram,5888,0,9,0.2726430820522319
7,49,remote_balanced,U1,sram-38/port,sram,5888,0,9,0.2726430820522319
7,49,remote_balanced,U1,sram-39/port,sram,5888,0,9,0.2726430820522319
7,49,remote_balanced,U1,sram-4/port,sram,5888,0,9,0.2726430820522319
7,49,remote_balanced,U1,sram-40/port,sram,5888,0,9,0.2726430820522319
7,49,remote_balanced,U1,sram-41/port,sram,5888,0,9,0.2726430820522319
7,49,remote_balanced,U1,sram-42/port,sram,5888,0,9,0.2726430820522319
7,49,remote_balanced,U1,sram-43/port,sram,5888,0,9,0.2726430820522319
7,49,remote_balanced,U1,sram-44/port,sram,5888,0,9,0.2726430820522319
7,49,remote_balanced,U1,sram-45/port,sram,5888,0,9,0.2726430820522319
7,49,remote_balanced,U1,sram-46/port,sram,5888,0,9,0.2726430820522319
7,49,remote_balanced,U1,sram-47/port,sram,5888,0,9,0.2726430820522319
7,49,remote_balanced,U1,sram-48/port,sram,5888,0,9,0.2726430820522319
7,49,remote_balanced,U1,sram-5/port,sram,5888,0,9,0.2726430820522319
7,49,remote_balanced,U1,sram-6/port,sram,5888,0,9,0.2726430820522319
7,49,remote_balanced,U1,sram-7/port,sram,5888,0,9,0.2726430820522319
7,49,remote_balanced,U1,sram-8/port,sram,5888,0,9,0.2726430820522319
7,49,remote_balanced,U1,sram-9/port,sram,5888,0,9,0.2726430820522319
7,49,remote_balanced,S,c0,compute,4096,0,2,0.1268189980803765
7,49,remote_balanced,S,c1,compute,4096,0,2,0.1268189980803765
7,49,remote_balanced,S,c10,compute,4096,0,2,0.1268189980803765
7,49,remote_balanced,S,c11,compute,4096,0,2,0.1268189980803765
7,49,remote_balanced,S,c12,compute,4096,0,2,0.1268189980803765
7,49,remote_balanced,S,c13,compute,4096,0,2,0.1268189980803765
7,49,remote_balanced,S,c14,compute,4096,0,2,0.1268189980803765
7,49,remote_balanced,S,c15,compute,4096,0,2,0.1268189980803765
7,49,remote_balanced,S,c16,compute,4096,0,2,0.1268189980803765
7,49,remote_balanced,S,c17,compute,4096,0,2,0.1268189980803765
7,49,remote_balanced,S,c18,compute,4096,0,2,0.1268189980803765
7,49,remote_balanced,S,c19,compute,4096,0,2,0.1268189980803765
7,49,remote_balanced,S,c2,compute,4096,0,2,0.1268189980803765
7,49,remote_balanced,S,c20,compute,4096,0,2,0.1268189980803765
7,49,remote_balanced,S,c21,compute,4096,0,2,0.1268189980803765
7,49,remote_balanced,S,c22,compute,4096,0,2,0.1268189980803765
7,49,remote_balanced,S,c23,compute,4096,0,2,0.1268189980803765
7,49,remote_balanced,S,c24,compute,4096,0,2,0.1268189980803765
7,49,remote_balanced,S,c25,compute,4096,0,2,0.1268189980803765
7,49,remote_balanced,S,c26,compute,4096,0,2,0.1268189980803765
7,49,remote_balanced,S,c27,compute,4096,0,2,0.1268189980803765
7,49,remote_balanced,S,c28,compute,4096,0,2,0.1268189980803765
7,49,remote_balanced,S,c29,compute,4096,0,2,0.1268189980803765
7,49,remote_balanced,S,c3,compute,4096,0,2,0.1268189980803765
7,49,remote_balanced,S,c30,compute,4096,0,2,0.1268189980803765
7,49,remote_balanced,S,c31,compute,4096,0,2,0.1268189980803765
7,49,remote_balanced,S,c32,compute,4096,0,2,0.1268189980803765
7,49,remote_balanced,S,c33,compute,4096,0,2,0.1268189980803765
7,49,remote_balanced,S,c34,compute,4096,0,2,0.1268189980803765
7,49,remote_balanced,S,c35,compute,4096,0,2,0.1268189980803765
7,49,remote_balanced,S,c36,compute,4096,0,2,0.1268189980803765
7,49,remote_balanced,S,c37,compute,4096,0,2,0.1268189980803765
7,49,remote_balanced,S,c38,compute,4096,0,2,0.1268189980803765
7,49,remote_balanced,S,c39,compute,4096,0,2,0.1268189980803765
7,49,remote_balanced,S,c4,compute,4096,0,2,0.1268189980803765
7,49,remote_balanced,S,c40,compute,4096,0,2,0.1268189980803765
7,49,remote_balanced,S,c41,compute,4096,0,2,0.1268189980803765
7,49,remote_balanced,S,c42,compute,4096,0,2,0.1268189980803765
7,49,remote_balanced,S,c43,compute,4096,0,2,0.1268189980803765
7,49,remote_balanced,S,c44,compute,4096,0,2,0.1268189980803765
7,49,remote_balanced,S,c45,compute,4096,0,2,0.1268189980803765
7,49,remote_balanced,S,c46,compute,4096,0,2,0.1268189980803765
7,49,remote_balanced,S,c47,compute,4096,0,2,0.1268189980803765
7,49,remote_balanced,S,c48,compute,4096,0,2,0.1268189980803765
7,49,remote_balanced,S,c5,compute,4096,0,2,0.1268189980803765
7,49,remote_balanced,S,c6,compute,4096,0,2,0.1268189980803765
7,49,remote_balanced,S,c7,compute,4096,0,2,0.1268189980803765
7,49,remote_balanced,S,c8,compute,4096,0,2,0.1268189980803765
7,49,remote_balanced,S,c9,compute,4096,0,2,0.1268189980803765
7,49,remote_balanced,S,controller-0/channel,controller_channel,2304,0,3,0.07133568642021178
7,49,remote_balanced,S,controller-0/command,controller_command,12,0,3,0.000371540033438603
7,49,remote_balanced,S,controller-1/channel,controller_channel,2304,0,3,0.07133568642021178
7,49,remote_balanced,S,controller-1/command,controller_command,12,0,3,0.000371540033438603
7,49,remote_balanced,S,controller-10/channel,controller_channel,2304,0,3,0.07133568642021178
7,49,remote_balanced,S,controller-10/command,controller_command,12,0,3,0.000371540033438603
7,49,remote_balanced,S,controller-11/channel,controller_channel,2304,0,3,0.07133568642021178
7,49,remote_balanced,S,controller-11/command,controller_command,12,0,3,0.000371540033438603
7,49,remote_balanced,S,controller-12/channel,controller_channel,2304,0,3,0.07133568642021178
7,49,remote_balanced,S,controller-12/command,controller_command,12,0,3,0.000371540033438603
7,49,remote_balanced,S,controller-13/channel,controller_channel,2304,0,3,0.07133568642021178
7,49,remote_balanced,S,controller-13/command,controller_command,12,0,3,0.000371540033438603
7,49,remote_balanced,S,controller-14/channel,controller_channel,2304,0,3,0.07133568642021178
7,49,remote_balanced,S,controller-14/command,controller_command,12,0,3,0.000371540033438603
7,49,remote_balanced,S,controller-15/channel,controller_channel,2304,0,3,0.07133568642021178
7,49,remote_balanced,S,controller-15/command,controller_command,12,0,3,0.000371540033438603
7,49,remote_balanced,S,controller-16/channel,controller_channel,2304,0,3,0.07133568642021178
7,49,remote_balanced,S,controller-16/command,controller_command,12,0,3,0.000371540033438603
7,49,remote_balanced,S,controller-17/channel,controller_channel,2304,0,3,0.07133568642021178
7,49,remote_balanced,S,controller-17/command,controller_command,12,0,3,0.000371540033438603
7,49,remote_balanced,S,controller-18/channel,controller_channel,2304,0,3,0.07133568642021178
7,49,remote_balanced,S,controller-18/command,controller_command,12,0,3,0.000371540033438603
7,49,remote_balanced,S,controller-19/channel,controller_channel,2304,0,3,0.07133568642021178
7,49,remote_balanced,S,controller-19/command,controller_command,12,0,3,0.000371540033438603
7,49,remote_balanced,S,controller-2/channel,controller_channel,2304,0,3,0.07133568642021178
7,49,remote_balanced,S,controller-2/command,controller_command,12,0,3,0.000371540033438603
7,49,remote_balanced,S,controller-20/channel,controller_channel,2304,0,3,0.07133568642021178
7,49,remote_balanced,S,controller-20/command,controller_command,12,0,3,0.000371540033438603
7,49,remote_balanced,S,controller-21/channel,controller_channel,2304,0,3,0.07133568642021178
7,49,remote_balanced,S,controller-21/command,controller_command,12,0,3,0.000371540033438603
7,49,remote_balanced,S,controller-22/channel,controller_channel,2304,0,3,0.07133568642021178
7,49,remote_balanced,S,controller-22/command,controller_command,12,0,3,0.000371540033438603
7,49,remote_balanced,S,controller-23/channel,controller_channel,2304,0,3,0.07133568642021178
7,49,remote_balanced,S,controller-23/command,controller_command,12,0,3,0.000371540033438603
7,49,remote_balanced,S,controller-24/channel,controller_channel,2304,0,3,0.07133568642021178
7,49,remote_balanced,S,controller-24/command,controller_command,12,0,3,0.000371540033438603
7,49,remote_balanced,S,controller-25/channel,controller_channel,2304,0,3,0.07133568642021178
7,49,remote_balanced,S,controller-25/command,controller_command,12,0,3,0.000371540033438603
7,49,remote_balanced,S,controller-26/channel,controller_channel,2304,0,3,0.07133568642021178
7,49,remote_balanced,S,controller-26/command,controller_command,12,0,3,0.000371540033438603
7,49,remote_balanced,S,controller-27/channel,controller_channel,2304,0,3,0.07133568642021178
7,49,remote_balanced,S,controller-27/command,controller_command,12,0,3,0.000371540033438603
7,49,remote_balanced,S,controller-28/channel,controller_channel,2304,0,3,0.07133568642021178
7,49,remote_balanced,S,controller-28/command,controller_command,12,0,3,0.000371540033438603
7,49,remote_balanced,S,controller-29/channel,controller_channel,2304,0,3,0.07133568642021178
7,49,remote_balanced,S,controller-29/command,controller_command,12,0,3,0.000371540033438603
7,49,remote_balanced,S,controller-3/channel,controller_channel,2304,0,3,0.07133568642021178
7,49,remote_balanced,S,controller-3/command,controller_command,12,0,3,0.000371540033438603
7,49,remote_balanced,S,controller-30/channel,controller_channel,2304,0,3,0.07133568642021178
7,49,remote_balanced,S,controller-30/command,controller_command,12,0,3,0.000371540033438603
7,49,remote_balanced,S,controller-31/channel,controller_channel,2304,0,3,0.07133568642021178
7,49,remote_balanced,S,controller-31/command,controller_command,12,0,3,0.000371540033438603
7,49,remote_balanced,S,controller-32/channel,controller_channel,2304,0,3,0.07133568642021178
7,49,remote_balanced,S,controller-32/command,controller_command,12,0,3,0.000371540033438603
7,49,remote_balanced,S,controller-33/channel,controller_channel,2304,0,3,0.07133568642021178
7,49,remote_balanced,S,controller-33/command,controller_command,12,0,3,0.000371540033438603
7,49,remote_balanced,S,controller-34/channel,controller_channel,2304,0,3,0.07133568642021178
7,49,remote_balanced,S,controller-34/command,controller_command,12,0,3,0.000371540033438603
7,49,remote_balanced,S,controller-35/channel,controller_channel,2304,0,3,0.07133568642021178
7,49,remote_balanced,S,controller-35/command,controller_command,12,0,3,0.000371540033438603
7,49,remote_balanced,S,controller-36/channel,controller_channel,2304,0,3,0.07133568642021178
7,49,remote_balanced,S,controller-36/command,controller_command,12,0,3,0.000371540033438603
7,49,remote_balanced,S,controller-37/channel,controller_channel,2304,0,3,0.07133568642021178
7,49,remote_balanced,S,controller-37/command,controller_command,12,0,3,0.000371540033438603
7,49,remote_balanced,S,controller-38/channel,controller_channel,2304,0,3,0.07133568642021178
7,49,remote_balanced,S,controller-38/command,controller_command,12,0,3,0.000371540033438603
7,49,remote_balanced,S,controller-39/channel,controller_channel,2304,0,3,0.07133568642021178
7,49,remote_balanced,S,controller-39/command,controller_command,12,0,3,0.000371540033438603
7,49,remote_balanced,S,controller-4/channel,controller_channel,2304,0,3,0.07133568642021178
7,49,remote_balanced,S,controller-4/command,controller_command,12,0,3,0.000371540033438603
7,49,remote_balanced,S,controller-40/channel,controller_channel,2304,0,3,0.07133568642021178
7,49,remote_balanced,S,controller-40/command,controller_command,12,0,3,0.000371540033438603
7,49,remote_balanced,S,controller-41/channel,controller_channel,2304,0,3,0.07133568642021178
7,49,remote_balanced,S,controller-41/command,controller_command,12,0,3,0.000371540033438603
7,49,remote_balanced,S,controller-42/channel,controller_channel,2304,0,3,0.07133568642021178
7,49,remote_balanced,S,controller-42/command,controller_command,12,0,3,0.000371540033438603
7,49,remote_balanced,S,controller-43/channel,controller_channel,2304,0,3,0.07133568642021178
7,49,remote_balanced,S,controller-43/command,controller_command,12,0,3,0.000371540033438603
7,49,remote_balanced,S,controller-44/channel,controller_channel,2304,0,3,0.07133568642021178
7,49,remote_balanced,S,controller-44/command,controller_command,12,0,3,0.000371540033438603
7,49,remote_balanced,S,controller-45/channel,controller_channel,2304,0,3,0.07133568642021178
7,49,remote_balanced,S,controller-45/command,controller_command,12,0,3,0.000371540033438603
7,49,remote_balanced,S,controller-46/channel,controller_channel,2304,0,3,0.07133568642021178
7,49,remote_balanced,S,controller-46/command,controller_command,12,0,3,0.000371540033438603
7,49,remote_balanced,S,controller-47/channel,controller_channel,2304,0,3,0.07133568642021178
7,49,remote_balanced,S,controller-47/command,controller_command,12,0,3,0.000371540033438603
7,49,remote_balanced,S,controller-48/channel,controller_channel,2304,0,3,0.07133568642021178
7,49,remote_balanced,S,controller-48/command,controller_command,12,0,3,0.000371540033438603
7,49,remote_balanced,S,controller-5/channel,controller_channel,2304,0,3,0.07133568642021178
7,49,remote_balanced,S,controller-5/command,controller_command,12,0,3,0.000371540033438603
7,49,remote_balanced,S,controller-6/channel,controller_channel,2304,0,3,0.07133568642021178
7,49,remote_balanced,S,controller-6/command,controller_command,12,0,3,0.000371540033438603
7,49,remote_balanced,S,controller-7/channel,controller_channel,2304,0,3,0.07133568642021178
7,49,remote_balanced,S,controller-7/command,controller_command,12,0,3,0.000371540033438603
7,49,remote_balanced,S,controller-8/channel,controller_channel,2304,0,3,0.07133568642021178
7,49,remote_balanced,S,controller-8/command,controller_command,12,0,3,0.000371540033438603
7,49,remote_balanced,S,controller-9/channel,controller_channel,2304,0,3,0.07133568642021178
7,49,remote_balanced,S,controller-9/command,controller_command,12,0,3,0.000371540033438603
7,49,remote_balanced,S,dram-0-0/port,bank,2560,0,2,0.0792618738002353
7,49,remote_balanced,S,dram-0-1/port,bank,2048,0,1,0.06340949904018825
7,49,remote_balanced,S,dram-1-0/port,bank,2560,0,2,0.0792618738002353
7,49,remote_balanced,S,dram-1-1/port,bank,2048,0,1,0.06340949904018825
7,49,remote_balanced,S,dram-10-0/port,bank,2560,0,2,0.0792618738002353
7,49,remote_balanced,S,dram-10-1/port,bank,2048,0,1,0.06340949904018825
7,49,remote_balanced,S,dram-11-0/port,bank,2560,0,2,0.0792618738002353
7,49,remote_balanced,S,dram-11-1/port,bank,2048,0,1,0.06340949904018825
7,49,remote_balanced,S,dram-12-0/port,bank,2560,0,2,0.0792618738002353
7,49,remote_balanced,S,dram-12-1/port,bank,2048,0,1,0.06340949904018825
7,49,remote_balanced,S,dram-13-0/port,bank,2560,0,2,0.0792618738002353
7,49,remote_balanced,S,dram-13-1/port,bank,2048,0,1,0.06340949904018825
7,49,remote_balanced,S,dram-14-0/port,bank,2560,0,2,0.0792618738002353
7,49,remote_balanced,S,dram-14-1/port,bank,2048,0,1,0.06340949904018825
7,49,remote_balanced,S,dram-15-0/port,bank,2560,0,2,0.0792618738002353
7,49,remote_balanced,S,dram-15-1/port,bank,2048,0,1,0.06340949904018825
7,49,remote_balanced,S,dram-16-0/port,bank,2560,0,2,0.0792618738002353
7,49,remote_balanced,S,dram-16-1/port,bank,2048,0,1,0.06340949904018825
7,49,remote_balanced,S,dram-17-0/port,bank,2560,0,2,0.0792618738002353
7,49,remote_balanced,S,dram-17-1/port,bank,2048,0,1,0.06340949904018825
7,49,remote_balanced,S,dram-18-0/port,bank,2560,0,2,0.0792618738002353
7,49,remote_balanced,S,dram-18-1/port,bank,2048,0,1,0.06340949904018825
7,49,remote_balanced,S,dram-19-0/port,bank,2560,0,2,0.0792618738002353
7,49,remote_balanced,S,dram-19-1/port,bank,2048,0,1,0.06340949904018825
7,49,remote_balanced,S,dram-2-0/port,bank,2560,0,2,0.0792618738002353
7,49,remote_balanced,S,dram-2-1/port,bank,2048,0,1,0.06340949904018825
7,49,remote_balanced,S,dram-20-0/port,bank,2560,0,2,0.0792618738002353
7,49,remote_balanced,S,dram-20-1/port,bank,2048,0,1,0.06340949904018825
7,49,remote_balanced,S,dram-21-0/port,bank,2560,0,2,0.0792618738002353
7,49,remote_balanced,S,dram-21-1/port,bank,2048,0,1,0.06340949904018825
7,49,remote_balanced,S,dram-22-0/port,bank,2560,0,2,0.0792618738002353
7,49,remote_balanced,S,dram-22-1/port,bank,2048,0,1,0.06340949904018825
7,49,remote_balanced,S,dram-23-0/port,bank,2560,0,2,0.0792618738002353
7,49,remote_balanced,S,dram-23-1/port,bank,2048,0,1,0.06340949904018825
7,49,remote_balanced,S,dram-24-0/port,bank,2560,0,2,0.0792618738002353
7,49,remote_balanced,S,dram-24-1/port,bank,2048,0,1,0.06340949904018825
7,49,remote_balanced,S,dram-25-0/port,bank,2560,0,2,0.0792618738002353
7,49,remote_balanced,S,dram-25-1/port,bank,2048,0,1,0.06340949904018825
7,49,remote_balanced,S,dram-26-0/port,bank,2560,0,2,0.0792618738002353
7,49,remote_balanced,S,dram-26-1/port,bank,2048,0,1,0.06340949904018825
7,49,remote_balanced,S,dram-27-0/port,bank,2560,0,2,0.0792618738002353
7,49,remote_balanced,S,dram-27-1/port,bank,2048,0,1,0.06340949904018825
7,49,remote_balanced,S,dram-28-0/port,bank,2560,0,2,0.0792618738002353
7,49,remote_balanced,S,dram-28-1/port,bank,2048,0,1,0.06340949904018825
7,49,remote_balanced,S,dram-29-0/port,bank,2560,0,2,0.0792618738002353
7,49,remote_balanced,S,dram-29-1/port,bank,2048,0,1,0.06340949904018825
7,49,remote_balanced,S,dram-3-0/port,bank,2560,0,2,0.0792618738002353
7,49,remote_balanced,S,dram-3-1/port,bank,2048,0,1,0.06340949904018825
7,49,remote_balanced,S,dram-30-0/port,bank,2560,0,2,0.0792618738002353
7,49,remote_balanced,S,dram-30-1/port,bank,2048,0,1,0.06340949904018825
7,49,remote_balanced,S,dram-31-0/port,bank,2560,0,2,0.0792618738002353
7,49,remote_balanced,S,dram-31-1/port,bank,2048,0,1,0.06340949904018825
7,49,remote_balanced,S,dram-32-0/port,bank,2560,0,2,0.0792618738002353
7,49,remote_balanced,S,dram-32-1/port,bank,2048,0,1,0.06340949904018825
7,49,remote_balanced,S,dram-33-0/port,bank,2560,0,2,0.0792618738002353
7,49,remote_balanced,S,dram-33-1/port,bank,2048,0,1,0.06340949904018825
7,49,remote_balanced,S,dram-34-0/port,bank,2560,0,2,0.0792618738002353
7,49,remote_balanced,S,dram-34-1/port,bank,2048,0,1,0.06340949904018825
7,49,remote_balanced,S,dram-35-0/port,bank,2560,0,2,0.0792618738002353
7,49,remote_balanced,S,dram-35-1/port,bank,2048,0,1,0.06340949904018825
7,49,remote_balanced,S,dram-36-0/port,bank,2560,0,2,0.0792618738002353
7,49,remote_balanced,S,dram-36-1/port,bank,2048,0,1,0.06340949904018825
7,49,remote_balanced,S,dram-37-0/port,bank,2560,0,2,0.0792618738002353
7,49,remote_balanced,S,dram-37-1/port,bank,2048,0,1,0.06340949904018825
7,49,remote_balanced,S,dram-38-0/port,bank,2560,0,2,0.0792618738002353
7,49,remote_balanced,S,dram-38-1/port,bank,2048,0,1,0.06340949904018825
7,49,remote_balanced,S,dram-39-0/port,bank,2560,0,2,0.0792618738002353
7,49,remote_balanced,S,dram-39-1/port,bank,2048,0,1,0.06340949904018825
7,49,remote_balanced,S,dram-4-0/port,bank,2560,0,2,0.0792618738002353
7,49,remote_balanced,S,dram-4-1/port,bank,2048,0,1,0.06340949904018825
7,49,remote_balanced,S,dram-40-0/port,bank,2560,0,2,0.0792618738002353
7,49,remote_balanced,S,dram-40-1/port,bank,2048,0,1,0.06340949904018825
7,49,remote_balanced,S,dram-41-0/port,bank,2560,0,2,0.0792618738002353
7,49,remote_balanced,S,dram-41-1/port,bank,2048,0,1,0.06340949904018825
7,49,remote_balanced,S,dram-42-0/port,bank,2560,0,2,0.0792618738002353
7,49,remote_balanced,S,dram-42-1/port,bank,2048,0,1,0.06340949904018825
7,49,remote_balanced,S,dram-43-0/port,bank,2560,0,2,0.0792618738002353
7,49,remote_balanced,S,dram-43-1/port,bank,2048,0,1,0.06340949904018825
7,49,remote_balanced,S,dram-44-0/port,bank,2560,0,2,0.0792618738002353
7,49,remote_balanced,S,dram-44-1/port,bank,2048,0,1,0.06340949904018825
7,49,remote_balanced,S,dram-45-0/port,bank,2560,0,2,0.0792618738002353
7,49,remote_balanced,S,dram-45-1/port,bank,2048,0,1,0.06340949904018825
7,49,remote_balanced,S,dram-46-0/port,bank,2560,0,2,0.0792618738002353
7,49,remote_balanced,S,dram-46-1/port,bank,2048,0,1,0.06340949904018825
7,49,remote_balanced,S,dram-47-0/port,bank,2560,0,2,0.0792618738002353
7,49,remote_balanced,S,dram-47-1/port,bank,2048,0,1,0.06340949904018825
7,49,remote_balanced,S,dram-48-0/port,bank,2560,0,2,0.0792618738002353
7,49,remote_balanced,S,dram-48-1/port,bank,2048,0,1,0.06340949904018825
7,49,remote_balanced,S,dram-5-0/port,bank,2560,0,2,0.0792618738002353
7,49,remote_balanced,S,dram-5-1/port,bank,2048,0,1,0.06340949904018825
7,49,remote_balanced,S,dram-6-0/port,bank,2560,0,2,0.0792618738002353
7,49,remote_balanced,S,dram-6-1/port,bank,2048,0,1,0.06340949904018825
7,49,remote_balanced,S,dram-7-0/port,bank,2560,0,2,0.0792618738002353
7,49,remote_balanced,S,dram-7-1/port,bank,2048,0,1,0.06340949904018825
7,49,remote_balanced,S,dram-8-0/port,bank,2560,0,2,0.0792618738002353
7,49,remote_balanced,S,dram-8-1/port,bank,2048,0,1,0.06340949904018825
7,49,remote_balanced,S,dram-9-0/port,bank,2560,0,2,0.0792618738002353
7,49,remote_balanced,S,dram-9-1/port,bank,2048,0,1,0.06340949904018825
7,49,remote_balanced,S,host-controller/channel,controller_channel,256,0,1,0.007926187380023531
7,49,remote_balanced,S,host-controller/command,controller_command,8,0,1,0.00024769335562573535
7,49,remote_balanced,S,host-memory/port,external,512,0,1,0.015852374760047062
7,49,remote_balanced,S,sram-0/port,sram,6144,0,10,0.19022849712056475
7,49,remote_balanced,S,sram-1/port,sram,5888,0,9,0.1823023097405412
7,49,remote_balanced,S,sram-10/port,sram,5888,0,9,0.1823023097405412
7,49,remote_balanced,S,sram-11/port,sram,5888,0,9,0.1823023097405412
7,49,remote_balanced,S,sram-12/port,sram,5888,0,9,0.1823023097405412
7,49,remote_balanced,S,sram-13/port,sram,5888,0,9,0.1823023097405412
7,49,remote_balanced,S,sram-14/port,sram,5888,0,9,0.1823023097405412
7,49,remote_balanced,S,sram-15/port,sram,5888,0,9,0.1823023097405412
7,49,remote_balanced,S,sram-16/port,sram,5888,0,9,0.1823023097405412
7,49,remote_balanced,S,sram-17/port,sram,5888,0,9,0.1823023097405412
7,49,remote_balanced,S,sram-18/port,sram,5888,0,9,0.1823023097405412
7,49,remote_balanced,S,sram-19/port,sram,5888,0,9,0.1823023097405412
7,49,remote_balanced,S,sram-2/port,sram,5888,0,9,0.1823023097405412
7,49,remote_balanced,S,sram-20/port,sram,5888,0,9,0.1823023097405412
7,49,remote_balanced,S,sram-21/port,sram,5888,0,9,0.1823023097405412
7,49,remote_balanced,S,sram-22/port,sram,5888,0,9,0.1823023097405412
7,49,remote_balanced,S,sram-23/port,sram,5888,0,9,0.1823023097405412
7,49,remote_balanced,S,sram-24/port,sram,5888,0,9,0.1823023097405412
7,49,remote_balanced,S,sram-25/port,sram,5888,0,9,0.1823023097405412
7,49,remote_balanced,S,sram-26/port,sram,5888,0,9,0.1823023097405412
7,49,remote_balanced,S,sram-27/port,sram,5888,0,9,0.1823023097405412
7,49,remote_balanced,S,sram-28/port,sram,5888,0,9,0.1823023097405412
7,49,remote_balanced,S,sram-29/port,sram,5888,0,9,0.1823023097405412
7,49,remote_balanced,S,sram-3/port,sram,5888,0,9,0.1823023097405412
7,49,remote_balanced,S,sram-30/port,sram,5888,0,9,0.1823023097405412
7,49,remote_balanced,S,sram-31/port,sram,5888,0,9,0.1823023097405412
7,49,remote_balanced,S,sram-32/port,sram,5888,0,9,0.1823023097405412
7,49,remote_balanced,S,sram-33/port,sram,5888,0,9,0.1823023097405412
7,49,remote_balanced,S,sram-34/port,sram,5888,0,9,0.1823023097405412
7,49,remote_balanced,S,sram-35/port,sram,5888,0,9,0.1823023097405412
7,49,remote_balanced,S,sram-36/port,sram,5888,0,9,0.1823023097405412
7,49,remote_balanced,S,sram-37/port,sram,5888,0,9,0.1823023097405412
7,49,remote_balanced,S,sram-38/port,sram,5888,0,9,0.1823023097405412
7,49,remote_balanced,S,sram-39/port,sram,5888,0,9,0.1823023097405412
7,49,remote_balanced,S,sram-4/port,sram,5888,0,9,0.1823023097405412
7,49,remote_balanced,S,sram-40/port,sram,5888,0,9,0.1823023097405412
7,49,remote_balanced,S,sram-41/port,sram,5888,0,9,0.1823023097405412
7,49,remote_balanced,S,sram-42/port,sram,5888,0,9,0.1823023097405412
7,49,remote_balanced,S,sram-43/port,sram,5888,0,9,0.1823023097405412
7,49,remote_balanced,S,sram-44/port,sram,5888,0,9,0.1823023097405412
7,49,remote_balanced,S,sram-45/port,sram,5888,0,9,0.1823023097405412
7,49,remote_balanced,S,sram-46/port,sram,5888,0,9,0.1823023097405412
7,49,remote_balanced,S,sram-47/port,sram,5888,0,9,0.1823023097405412
7,49,remote_balanced,S,sram-48/port,sram,5888,0,9,0.1823023097405412
7,49,remote_balanced,S,sram-5/port,sram,5888,0,9,0.1823023097405412
7,49,remote_balanced,S,sram-6/port,sram,5888,0,9,0.1823023097405412
7,49,remote_balanced,S,sram-7/port,sram,5888,229,9,0.1823023097405412
7,49,remote_balanced,S,sram-8/port,sram,5888,0,9,0.1823023097405412
7,49,remote_balanced,S,sram-9/port,sram,5888,0,9,0.1823023097405412
